customer_id,promo,channel,region,age_band,tier_at_join,tenure,reason_code,promo_group
1,False,Comparison Site,Scotland,25-34,Classic,6,Switched provider,No promo
5,False,Comparison Site,South East,35-44,Silver,10,Bereavement,No promo
11,True,Comparison Site,South East,18-24,Classic,8,Switched provider,Joined on promo
13,True,Comparison Site,London,25-34,Classic,18,Switched provider,Joined on promo
15,True,Branch,North,25-34,Silver,1,Fees too high,Joined on promo
16,True,Comparison Site,London,25-34,Classic,3,Fees too high,Joined on promo
17,False,Broker/IFA,Scotland,45-54,Silver,1,Switched provider,No promo
18,True,Comparison Site,London,45-54,Classic,13,Poor service,Joined on promo
21,False,Referral,Midlands,35-44,Silver,11,Poor service,No promo
22,False,Broker/IFA,London,55-64,Platinum,17,Switched provider,No promo
24,False,Broker/IFA,North,55-64,Platinum,9,Unknown,No promo
26,False,Branch,Midlands,35-44,Silver,35,Moved abroad,No promo
29,False,Comparison Site,Wales & NI,45-54,Gold,16,Fees too high,No promo
30,False,Referral,North,65+,Classic,30,Unknown,No promo
31,False,Comparison Site,London,25-34,Classic,1,Fees too high,No promo
34,False,Comparison Site,South East,55-64,Gold,2,Switched provider,No promo
35,True,Comparison Site,Wales & NI,18-24,Classic,1,Fees too high,Joined on promo
36,False,Comparison Site,Scotland,45-54,Classic,10,Switched provider,No promo
41,True,Comparison Site,South East,65+,Classic,12,Bereavement,Joined on promo
42,False,Online,Wales & NI,35-44,Silver,15,Bereavement,No promo
45,True,Outbound,London,35-44,Silver,7,Unknown,Joined on promo
46,False,Broker/IFA,Midlands,25-34,Gold,27,Poor service,No promo
47,True,Comparison Site,North,25-34,Silver,27,Fees too high,Joined on promo
51,False,Outbound,Wales & NI,35-44,Classic,19,Unknown,No promo
52,False,Online,Midlands,65+,Classic,4,Switched provider,No promo
53,True,Comparison Site,Midlands,45-54,Silver,5,Fees too high,Joined on promo
54,False,Online,South East,35-44,Silver,1,Switched provider,No promo
56,False,Online,Midlands,18-24,Gold,9,Unknown,No promo
58,True,Comparison Site,Midlands,18-24,Classic,12,Fees too high,Joined on promo
59,False,Online,London,35-44,Classic,3,Switched provider,No promo
62,True,Comparison Site,Midlands,18-24,Gold,9,Switched provider,Joined on promo
64,False,Online,North,25-34,Classic,10,Switched provider,No promo
72,False,Online,North,55-64,Silver,2,Poor service,No promo
73,True,Online,Scotland,25-34,Gold,4,Poor service,Joined on promo
74,False,Branch,Scotland,25-34,Classic,25,Fees too high,No promo
79,False,Online,Wales & NI,25-34,Silver,9,Switched provider,No promo
83,False,Broker/IFA,London,18-24,Classic,6,Poor service,No promo
85,True,Online,North,35-44,Gold,21,Unhappy with perks,Joined on promo
88,False,Branch,London,35-44,Gold,4,Unknown,No promo
89,False,Comparison Site,London,25-34,Classic,5,Poor service,No promo
92,False,Comparison Site,Midlands,45-54,Classic,17,Fees too high,No promo
96,True,Comparison Site,Scotland,45-54,Classic,5,Fees too high,Joined on promo
98,False,Comparison Site,North,35-44,Silver,20,Switched provider,No promo
106,False,Comparison Site,North,35-44,Classic,3,Switched provider,No promo
107,True,Comparison Site,London,45-54,Classic,9,Poor service,Joined on promo
108,True,Comparison Site,South East,35-44,Silver,2,Fees too high,Joined on promo
109,False,Branch,London,55-64,Classic,32,Bereavement,No promo
113,False,Referral,North,35-44,Gold,2,Unhappy with perks,No promo
114,False,Comparison Site,North,18-24,Classic,9,Poor service,No promo
116,True,Comparison Site,South East,35-44,Classic,16,Fees too high,Joined on promo
117,True,Comparison Site,South East,18-24,Platinum,9,Unhappy with perks,Joined on promo
118,True,Comparison Site,Scotland,25-34,Classic,6,Switched provider,Joined on promo
123,True,Comparison Site,London,55-64,Silver,5,Fees too high,Joined on promo
124,True,Comparison Site,North,45-54,Classic,25,Switched provider,Joined on promo
130,False,Outbound,North,35-44,Silver,20,Unknown,No promo
131,False,Comparison Site,North,25-34,Silver,8,Fees too high,No promo
133,False,Branch,Wales & NI,45-54,Gold,2,Poor service,No promo
134,True,Outbound,London,45-54,Silver,11,Fees too high,Joined on promo
144,False,Branch,North,35-44,Silver,2,Unknown,No promo
146,True,Comparison Site,Midlands,35-44,Classic,2,Fees too high,Joined on promo
147,False,Comparison Site,London,25-34,Classic,34,Fees too high,No promo
154,True,Online,Scotland,25-34,Silver,7,Bereavement,Joined on promo
155,True,Comparison Site,London,25-34,Silver,15,Fees too high,Joined on promo
159,False,Referral,Midlands,25-34,Silver,4,Switched provider,No promo
160,False,Branch,North,35-44,Gold,8,Unhappy with perks,No promo
163,True,Online,South East,35-44,Classic,5,Poor service,Joined on promo
165,False,Comparison Site,London,35-44,Silver,4,Switched provider,No promo
166,True,Online,London,55-64,Classic,17,Poor service,Joined on promo
173,False,Broker/IFA,Midlands,25-34,Platinum,18,Unknown,No promo
174,False,Online,North,35-44,Gold,7,Unhappy with perks,No promo
176,False,Outbound,Midlands,35-44,Classic,6,Poor service,No promo
180,False,Online,Scotland,25-34,Gold,35,Unhappy with perks,No promo
182,False,Online,Scotland,25-34,Classic,13,Poor service,No promo
183,True,Online,London,35-44,Gold,35,Unhappy with perks,Joined on promo
185,True,Outbound,Scotland,25-34,Silver,28,Fees too high,Joined on promo
186,True,Online,Midlands,18-24,Silver,2,Fees too high,Joined on promo
199,False,Broker/IFA,London,65+,Platinum,22,Poor service,No promo
200,False,Outbound,London,55-64,Classic,1,Unknown,No promo
201,True,Comparison Site,South East,35-44,Classic,10,Bereavement,Joined on promo
202,False,Outbound,North,25-34,Gold,30,Unknown,No promo
204,False,Comparison Site,London,25-34,Classic,2,Poor service,No promo
209,False,Online,Midlands,35-44,Classic,28,Unknown,No promo
210,True,Comparison Site,London,35-44,Gold,20,Fees too high,Joined on promo
213,True,Comparison Site,London,18-24,Silver,13,Fees too high,Joined on promo
218,True,Online,London,55-64,Classic,4,Fees too high,Joined on promo
219,False,Comparison Site,London,18-24,Silver,13,Switched provider,No promo
220,False,Referral,Wales & NI,45-54,Silver,15,Poor service,No promo
221,False,Outbound,Wales & NI,25-34,Classic,3,Poor service,No promo
224,False,Outbound,Midlands,25-34,Silver,4,Switched provider,No promo
225,False,Outbound,South East,55-64,Classic,6,Unknown,No promo
226,True,Outbound,Scotland,45-54,Classic,2,Unknown,Joined on promo
228,False,Online,Scotland,35-44,Silver,1,Poor service,No promo
231,False,Online,London,35-44,Silver,26,Unknown,No promo
233,False,Referral,North,55-64,Silver,9,Switched provider,No promo
234,False,Branch,Midlands,25-34,Silver,30,Switched provider,No promo
237,False,Online,South East,25-34,Classic,5,Poor service,No promo
238,False,Referral,London,55-64,Gold,18,Poor service,No promo
240,False,Branch,North,45-54,Gold,8,Poor service,No promo
241,True,Comparison Site,London,35-44,Classic,12,Fees too high,Joined on promo
244,False,Comparison Site,North,55-64,Classic,10,Switched provider,No promo
247,True,Outbound,South East,35-44,Gold,8,Fees too high,Joined on promo
248,True,Online,London,45-54,Silver,3,Poor service,Joined on promo
249,False,Branch,South East,55-64,Silver,1,Fees too high,No promo
251,False,Comparison Site,London,25-34,Classic,1,Switched provider,No promo
252,True,Comparison Site,North,45-54,Silver,2,Poor service,Joined on promo
255,True,Comparison Site,Midlands,55-64,Silver,19,Fees too high,Joined on promo
256,False,Online,London,35-44,Classic,8,Moved abroad,No promo
257,False,Broker/IFA,South East,65+,Gold,11,Poor service,No promo
259,False,Referral,London,35-44,Classic,31,Fees too high,No promo
265,False,Online,South East,45-54,Platinum,12,Switched provider,No promo
266,True,Online,North,35-44,Silver,23,Poor service,Joined on promo
276,True,Outbound,North,35-44,Classic,14,Fees too high,Joined on promo
279,True,Comparison Site,London,45-54,Gold,30,Switched provider,Joined on promo
281,True,Comparison Site,North,45-54,Classic,5,Fees too high,Joined on promo
282,True,Online,London,18-24,Gold,28,Poor service,Joined on promo
285,True,Comparison Site,London,25-34,Classic,7,Unknown,Joined on promo
287,False,Online,North,35-44,Silver,12,Poor service,No promo
288,False,Branch,London,18-24,Classic,34,Unhappy with perks,No promo
293,False,Branch,South East,25-34,Platinum,10,Unknown,No promo
294,False,Online,London,45-54,Silver,2,Switched provider,No promo
298,False,Online,Midlands,45-54,Classic,23,Switched provider,No promo
300,False,Outbound,North,45-54,Gold,13,Poor service,No promo
309,False,Outbound,South East,25-34,Silver,11,Moved abroad,No promo
310,False,Branch,South East,25-34,Platinum,13,Fees too high,No promo
314,False,Online,South East,35-44,Platinum,26,Poor service,No promo
322,False,Online,North,55-64,Gold,28,Moved abroad,No promo
325,False,Online,South East,25-34,Classic,17,Bereavement,No promo
329,True,Referral,London,35-44,Silver,6,Switched provider,Joined on promo
332,True,Comparison Site,Midlands,18-24,Classic,7,Fees too high,Joined on promo
336,False,Comparison Site,London,65+,Classic,5,Unknown,No promo
339,True,Comparison Site,North,45-54,Silver,2,Fees too high,Joined on promo
341,True,Outbound,Wales & NI,25-34,Silver,7,Fees too high,Joined on promo
344,True,Online,London,65+,Silver,33,Poor service,Joined on promo
348,True,Outbound,North,25-34,Classic,1,Fees too high,Joined on promo
349,True,Online,Midlands,35-44,Gold,30,Moved abroad,Joined on promo
350,False,Online,Midlands,25-34,Silver,5,Poor service,No promo
352,False,Online,London,45-54,Gold,3,Bereavement,No promo
360,True,Comparison Site,London,35-44,Silver,13,Fees too high,Joined on promo
361,True,Outbound,London,35-44,Gold,15,Fees too high,Joined on promo
364,False,Online,London,65+,Silver,11,Poor service,No promo
365,True,Comparison Site,South East,25-34,Silver,7,Switched provider,Joined on promo
366,False,Broker/IFA,South East,65+,Silver,2,Unknown,No promo
371,False,Comparison Site,London,25-34,Classic,20,Poor service,No promo
373,True,Branch,Wales & NI,55-64,Silver,6,Unknown,Joined on promo
374,False,Comparison Site,Midlands,35-44,Silver,3,Fees too high,No promo
375,True,Comparison Site,London,55-64,Classic,1,Fees too high,Joined on promo
379,True,Comparison Site,Midlands,25-34,Gold,1,Unhappy with perks,Joined on promo
382,True,Online,South East,55-64,Classic,3,Poor service,Joined on promo
383,False,Outbound,Wales & NI,25-34,Classic,4,Moved abroad,No promo
384,True,Outbound,Midlands,45-54,Silver,21,Unknown,Joined on promo
386,True,Online,Wales & NI,45-54,Classic,5,Unknown,Joined on promo
389,True,Online,North,35-44,Silver,14,Fees too high,Joined on promo
391,True,Comparison Site,London,25-34,Silver,12,Unknown,Joined on promo
392,True,Comparison Site,North,35-44,Classic,1,Poor service,Joined on promo
393,True,Comparison Site,Wales & NI,65+,Silver,12,Moved abroad,Joined on promo
397,False,Referral,London,18-24,Gold,3,Unknown,No promo
399,True,Comparison Site,Midlands,35-44,Classic,1,Poor service,Joined on promo
401,False,Comparison Site,Scotland,35-44,Classic,8,Switched provider,No promo
403,False,Comparison Site,South East,18-24,Silver,6,Moved abroad,No promo
404,True,Referral,South East,25-34,Gold,33,Fees too high,Joined on promo
406,True,Outbound,Wales & NI,45-54,Silver,19,Moved abroad,Joined on promo
407,True,Comparison Site,London,35-44,Classic,7,Fees too high,Joined on promo
413,True,Outbound,London,65+,Classic,1,Fees too high,Joined on promo
414,True,Comparison Site,South East,35-44,Silver,14,Fees too high,Joined on promo
415,True,Outbound,London,25-34,Silver,6,Unknown,Joined on promo
421,False,Branch,South East,45-54,Classic,11,Unknown,No promo
422,False,Outbound,Midlands,18-24,Classic,17,Unknown,No promo
423,False,Outbound,London,45-54,Classic,4,Switched provider,No promo
426,True,Comparison Site,South East,65+,Classic,4,Fees too high,Joined on promo
427,True,Comparison Site,South East,35-44,Silver,3,Unknown,Joined on promo
428,True,Comparison Site,London,55-64,Classic,7,Moved abroad,Joined on promo
431,False,Outbound,Midlands,18-24,Classic,12,Poor service,No promo
433,True,Comparison Site,North,35-44,Gold,15,Fees too high,Joined on promo
437,True,Outbound,London,25-34,Platinum,9,Fees too high,Joined on promo
441,False,Referral,South East,45-54,Platinum,21,Unknown,No promo
442,False,Branch,South East,35-44,Platinum,23,Poor service,No promo
445,True,Referral,Scotland,18-24,Classic,6,Bereavement,Joined on promo
446,True,Comparison Site,Midlands,35-44,Classic,14,Unknown,Joined on promo
453,True,Comparison Site,Scotland,55-64,Classic,20,Unknown,Joined on promo
455,True,Comparison Site,South East,25-34,Silver,28,Switched provider,Joined on promo
457,False,Branch,Scotland,18-24,Silver,19,Bereavement,No promo
459,True,Online,London,65+,Platinum,32,Switched provider,Joined on promo
461,True,Online,North,18-24,Silver,6,Fees too high,Joined on promo
463,True,Comparison Site,South East,35-44,Silver,14,Fees too high,Joined on promo
465,True,Outbound,London,55-64,Gold,19,Switched provider,Joined on promo
468,False,Outbound,Scotland,35-44,Classic,9,Unknown,No promo
469,True,Outbound,North,25-34,Classic,26,Fees too high,Joined on promo
473,False,Referral,Midlands,35-44,Silver,3,Poor service,No promo
474,False,Online,Midlands,25-34,Classic,12,Unknown,No promo
478,False,Online,London,35-44,Platinum,19,Switched provider,No promo
479,False,Outbound,South East,65+,Classic,2,Unknown,No promo
483,True,Online,Midlands,25-34,Silver,21,Fees too high,Joined on promo
485,False,Comparison Site,Midlands,35-44,Classic,4,Bereavement,No promo
489,False,Online,South East,18-24,Classic,19,Unknown,No promo
495,False,Comparison Site,London,35-44,Silver,18,Switched provider,No promo
496,False,Online,Wales & NI,25-34,Silver,14,Fees too high,No promo
498,True,Comparison Site,Scotland,35-44,Silver,1,Moved abroad,Joined on promo
501,False,Referral,Wales & NI,18-24,Silver,22,Poor service,No promo
503,True,Online,Scotland,55-64,Classic,2,Fees too high,Joined on promo
510,False,Online,London,18-24,Silver,2,Poor service,No promo
516,False,Comparison Site,North,25-34,Silver,30,Unknown,No promo
520,True,Online,London,65+,Classic,34,Switched provider,Joined on promo
521,True,Outbound,North,25-34,Classic,19,Fees too high,Joined on promo
525,False,Branch,Midlands,35-44,Platinum,27,Moved abroad,No promo
527,False,Comparison Site,South East,45-54,Classic,12,Poor service,No promo
528,True,Outbound,Wales & NI,65+,Classic,24,Unknown,Joined on promo
530,False,Online,London,35-44,Silver,31,Poor service,No promo
532,True,Referral,London,18-24,Gold,7,Fees too high,Joined on promo
533,False,Branch,South East,25-34,Classic,14,Poor service,No promo
541,True,Comparison Site,North,35-44,Classic,15,Switched provider,Joined on promo
546,False,Online,Wales & NI,35-44,Silver,30,Unhappy with perks,No promo
548,False,Branch,London,55-64,Gold,16,Unhappy with perks,No promo
549,True,Outbound,South East,55-64,Classic,4,Poor service,Joined on promo
551,False,Broker/IFA,Midlands,45-54,Classic,5,Poor service,No promo
554,True,Online,Midlands,35-44,Platinum,18,Poor service,Joined on promo
556,False,Outbound,Midlands,35-44,Classic,1,Unknown,No promo
562,True,Comparison Site,North,25-34,Silver,22,Switched provider,Joined on promo
564,False,Comparison Site,South East,25-34,Classic,5,Poor service,No promo
568,True,Online,Midlands,25-34,Classic,7,Fees too high,Joined on promo
569,True,Comparison Site,Wales & NI,65+,Silver,11,Poor service,Joined on promo
575,False,Online,Midlands,25-34,Classic,23,Fees too high,No promo
577,False,Comparison Site,London,65+,Classic,4,Fees too high,No promo
578,False,Outbound,London,65+,Gold,17,Unknown,No promo
580,True,Comparison Site,Wales & NI,35-44,Classic,2,Switched provider,Joined on promo
581,True,Outbound,South East,35-44,Classic,16,Unknown,Joined on promo
582,False,Branch,Midlands,25-34,Silver,9,Unknown,No promo
584,True,Broker/IFA,London,55-64,Gold,6,Poor service,Joined on promo
585,False,Broker/IFA,North,35-44,Classic,6,Unknown,No promo
588,True,Online,South East,25-34,Classic,3,Fees too high,Joined on promo
591,True,Branch,Midlands,35-44,Silver,4,Fees too high,Joined on promo
593,True,Comparison Site,London,45-54,Silver,12,Fees too high,Joined on promo
598,False,Comparison Site,South East,45-54,Silver,30,Poor service,No promo
599,False,Comparison Site,Midlands,45-54,Classic,19,Fees too high,No promo
605,True,Outbound,London,35-44,Silver,4,Unknown,Joined on promo
609,False,Online,Midlands,25-34,Classic,1,Unknown,No promo
618,True,Comparison Site,North,65+,Silver,2,Unknown,Joined on promo
623,True,Outbound,South East,25-34,Classic,1,Unknown,Joined on promo
625,False,Broker/IFA,North,35-44,Silver,16,Unhappy with perks,No promo
626,False,Comparison Site,North,18-24,Classic,12,Poor service,No promo
627,False,Outbound,North,18-24,Classic,7,Bereavement,No promo
632,False,Comparison Site,Midlands,55-64,Classic,12,Unknown,No promo
633,False,Branch,London,55-64,Classic,7,Poor service,No promo
636,False,Online,South East,25-34,Silver,27,Unknown,No promo
638,False,Outbound,Scotland,45-54,Silver,9,Poor service,No promo
639,False,Online,Wales & NI,25-34,Silver,26,Unhappy with perks,No promo
642,False,Comparison Site,Scotland,35-44,Silver,23,Unknown,No promo
645,True,Comparison Site,North,55-64,Silver,9,Fees too high,Joined on promo
646,True,Comparison Site,South East,25-34,Silver,6,Fees too high,Joined on promo
648,True,Outbound,North,18-24,Silver,26,Unknown,Joined on promo
649,False,Comparison Site,North,35-44,Silver,32,Fees too high,No promo
654,True,Online,London,45-54,Silver,3,Unknown,Joined on promo
656,False,Referral,North,65+,Silver,24,Poor service,No promo
658,False,Branch,South East,25-34,Platinum,3,Unhappy with perks,No promo
662,False,Online,London,35-44,Platinum,10,Unknown,No promo
663,True,Online,London,55-64,Gold,8,Fees too high,Joined on promo
666,False,Online,London,35-44,Gold,3,Unknown,No promo
670,False,Comparison Site,London,45-54,Classic,5,Moved abroad,No promo
671,False,Outbound,London,25-34,Silver,26,Bereavement,No promo
672,True,Outbound,Midlands,25-34,Silver,27,Unknown,Joined on promo
673,False,Online,South East,45-54,Silver,12,Fees too high,No promo
677,True,Online,South East,25-34,Silver,5,Fees too high,Joined on promo
680,False,Online,North,18-24,Gold,25,Poor service,No promo
681,False,Comparison Site,North,45-54,Silver,10,Poor service,No promo
685,False,Referral,North,45-54,Gold,1,Fees too high,No promo
686,False,Broker/IFA,South East,45-54,Silver,9,Switched provider,No promo
687,True,Comparison Site,South East,25-34,Silver,14,Switched provider,Joined on promo
688,False,Branch,North,55-64,Silver,2,Bereavement,No promo
689,False,Referral,North,55-64,Classic,2,Unknown,No promo
692,False,Referral,Scotland,45-54,Silver,32,Switched provider,No promo
696,True,Comparison Site,London,55-64,Silver,12,Fees too high,Joined on promo
697,False,Online,London,45-54,Silver,4,Fees too high,No promo
699,False,Branch,Midlands,18-24,Gold,1,Unhappy with perks,No promo
702,True,Comparison Site,Scotland,45-54,Silver,11,Unknown,Joined on promo
705,False,Outbound,North,25-34,Platinum,3,Unhappy with perks,No promo
708,False,Online,North,18-24,Silver,11,Poor service,No promo
711,False,Online,South East,25-34,Silver,22,Moved abroad,No promo
714,False,Branch,London,25-34,Gold,21,Unhappy with perks,No promo
715,False,Online,South East,35-44,Classic,5,Unknown,No promo
716,False,Outbound,South East,55-64,Classic,1,Poor service,No promo
718,False,Branch,South East,55-64,Silver,11,Moved abroad,No promo
719,True,Referral,South East,55-64,Gold,17,Unhappy with perks,Joined on promo
720,False,Referral,South East,25-34,Platinum,16,Poor service,No promo
721,False,Online,North,35-44,Gold,26,Poor service,No promo
723,False,Referral,London,45-54,Platinum,14,Switched provider,No promo
724,False,Referral,South East,55-64,Silver,31,Poor service,No promo
726,False,Referral,London,25-34,Classic,23,Poor service,No promo
727,False,Broker/IFA,North,25-34,Platinum,7,Poor service,No promo
731,False,Referral,London,65+,Gold,8,Poor service,No promo
736,True,Comparison Site,South East,18-24,Gold,4,Fees too high,Joined on promo
738,True,Comparison Site,South East,25-34,Classic,7,Fees too high,Joined on promo
739,True,Comparison Site,London,18-24,Silver,1,Fees too high,Joined on promo
740,False,Outbound,Midlands,45-54,Gold,18,Switched provider,No promo
747,True,Online,South East,55-64,Classic,32,Fees too high,Joined on promo
749,True,Online,Midlands,18-24,Silver,2,Unknown,Joined on promo
750,True,Branch,Scotland,25-34,Gold,29,Unknown,Joined on promo
752,True,Outbound,Midlands,35-44,Silver,25,Unknown,Joined on promo
753,False,Online,Wales & NI,25-34,Silver,26,Unknown,No promo
755,False,Comparison Site,North,18-24,Silver,15,Moved abroad,No promo
756,False,Comparison Site,London,18-24,Classic,3,Fees too high,No promo
760,False,Online,London,45-54,Classic,17,Poor service,No promo
762,False,Online,North,25-34,Gold,13,Unhappy with perks,No promo
765,False,Branch,Midlands,45-54,Classic,7,Switched provider,No promo
766,True,Online,South East,65+,Classic,17,Unknown,Joined on promo
773,False,Broker/IFA,Scotland,18-24,Silver,1,Fees too high,No promo
778,True,Branch,London,18-24,Gold,22,Poor service,Joined on promo
780,True,Comparison Site,London,55-64,Silver,24,Fees too high,Joined on promo
781,False,Online,Wales & NI,65+,Gold,6,Unhappy with perks,No promo
789,True,Online,London,65+,Silver,25,Fees too high,Joined on promo
791,False,Branch,London,18-24,Gold,11,Poor service,No promo
794,False,Outbound,South East,35-44,Classic,8,Unknown,No promo
795,False,Outbound,South East,55-64,Classic,10,Unknown,No promo
798,True,Online,South East,45-54,Classic,1,Fees too high,Joined on promo
799,True,Comparison Site,London,45-54,Classic,4,Fees too high,Joined on promo
800,True,Comparison Site,Midlands,55-64,Classic,4,Poor service,Joined on promo
804,True,Comparison Site,Wales & NI,55-64,Silver,16,Switched provider,Joined on promo
805,False,Broker/IFA,North,25-34,Silver,12,Poor service,No promo
806,False,Referral,Scotland,25-34,Gold,14,Unhappy with perks,No promo
807,False,Broker/IFA,North,25-34,Gold,5,Poor service,No promo
808,True,Outbound,South East,35-44,Classic,25,Bereavement,Joined on promo
810,True,Online,London,35-44,Silver,14,Fees too high,Joined on promo
811,False,Branch,London,45-54,Silver,6,Poor service,No promo
812,True,Comparison Site,Scotland,35-44,Classic,15,Fees too high,Joined on promo
813,True,Outbound,North,35-44,Silver,12,Poor service,Joined on promo
814,True,Online,Scotland,45-54,Classic,1,Fees too high,Joined on promo
815,False,Online,Scotland,45-54,Silver,32,Moved abroad,No promo
816,True,Comparison Site,London,35-44,Classic,18,Moved abroad,Joined on promo
817,True,Comparison Site,North,35-44,Silver,7,Switched provider,Joined on promo
820,True,Online,North,25-34,Classic,8,Switched provider,Joined on promo
821,False,Comparison Site,London,35-44,Classic,12,Switched provider,No promo
824,True,Comparison Site,Wales & NI,35-44,Silver,10,Unknown,Joined on promo
825,False,Online,Midlands,35-44,Gold,8,Unhappy with perks,No promo
827,False,Broker/IFA,Midlands,65+,Platinum,3,Poor service,No promo
837,False,Online,Midlands,55-64,Silver,32,Moved abroad,No promo
838,True,Comparison Site,Midlands,55-64,Classic,26,Fees too high,Joined on promo
840,True,Online,Midlands,25-34,Silver,18,Poor service,Joined on promo
841,False,Comparison Site,London,25-34,Classic,3,Unknown,No promo
843,False,Broker/IFA,Wales & NI,45-54,Gold,11,Unknown,No promo
845,True,Online,South East,18-24,Classic,5,Unknown,Joined on promo
849,True,Comparison Site,North,18-24,Classic,1,Unknown,Joined on promo
852,False,Outbound,Midlands,35-44,Gold,1,Poor service,No promo
857,False,Branch,South East,35-44,Gold,7,Unhappy with perks,No promo
860,True,Outbound,Scotland,18-24,Silver,33,Switched provider,Joined on promo
861,False,Online,North,45-54,Platinum,29,Poor service,No promo
862,True,Online,London,25-34,Silver,13,Fees too high,Joined on promo
865,True,Comparison Site,North,18-24,Silver,22,Fees too high,Joined on promo
869,False,Outbound,North,25-34,Silver,25,Moved abroad,No promo
870,False,Comparison Site,South East,25-34,Classic,4,Bereavement,No promo
874,True,Comparison Site,South East,35-44,Classic,1,Fees too high,Joined on promo
876,False,Broker/IFA,Scotland,25-34,Gold,26,Poor service,No promo
878,True,Branch,South East,45-54,Platinum,16,Fees too high,Joined on promo
879,True,Outbound,London,25-34,Classic,8,Fees too high,Joined on promo
880,True,Outbound,London,25-34,Classic,5,Fees too high,Joined on promo
882,False,Branch,South East,35-44,Classic,7,Moved abroad,No promo
885,True,Comparison Site,London,18-24,Silver,18,Fees too high,Joined on promo
888,False,Comparison Site,Wales & NI,55-64,Gold,20,Fees too high,No promo
889,False,Online,Wales & NI,45-54,Classic,9,Fees too high,No promo
891,False,Online,South East,35-44,Gold,3,Fees too high,No promo
894,False,Outbound,Midlands,55-64,Platinum,1,Unknown,No promo
897,True,Online,London,25-34,Classic,23,Fees too high,Joined on promo
900,False,Online,London,55-64,Classic,10,Unknown,No promo
903,False,Branch,South East,18-24,Silver,1,Unknown,No promo
904,True,Outbound,London,25-34,Silver,12,Fees too high,Joined on promo
909,False,Branch,Scotland,25-34,Platinum,30,Switched provider,No promo
910,True,Outbound,London,25-34,Gold,8,Fees too high,Joined on promo
913,False,Branch,Midlands,25-34,Classic,18,Fees too high,No promo
915,True,Branch,Wales & NI,35-44,Platinum,7,Fees too high,Joined on promo
916,False,Outbound,London,45-54,Silver,1,Unknown,No promo
926,True,Outbound,London,18-24,Silver,3,Fees too high,Joined on promo
929,False,Broker/IFA,London,65+,Silver,2,Switched provider,No promo
933,True,Comparison Site,Midlands,35-44,Silver,18,Fees too high,Joined on promo
934,False,Online,North,35-44,Silver,1,Switched provider,No promo
935,True,Online,London,25-34,Silver,3,Moved abroad,Joined on promo
937,False,Broker/IFA,South East,35-44,Silver,15,Moved abroad,No promo
938,False,Comparison Site,Wales & NI,45-54,Classic,31,Switched provider,No promo
939,True,Comparison Site,Midlands,55-64,Gold,12,Fees too high,Joined on promo
942,True,Online,London,55-64,Silver,7,Poor service,Joined on promo
947,False,Online,South East,45-54,Classic,9,Poor service,No promo
948,True,Referral,Wales & NI,25-34,Classic,16,Poor service,Joined on promo
953,False,Branch,London,25-34,Silver,13,Fees too high,No promo
954,True,Online,London,55-64,Gold,6,Fees too high,Joined on promo
959,True,Comparison Site,South East,55-64,Classic,12,Unknown,Joined on promo
966,True,Outbound,Midlands,35-44,Gold,29,Fees too high,Joined on promo
970,True,Online,Midlands,35-44,Silver,1,Fees too high,Joined on promo
972,True,Comparison Site,South East,18-24,Classic,11,Fees too high,Joined on promo
973,False,Online,Midlands,45-54,Gold,10,Unhappy with perks,No promo
975,True,Comparison Site,Wales & NI,45-54,Silver,15,Poor service,Joined on promo
978,True,Comparison Site,Midlands,45-54,Classic,12,Fees too high,Joined on promo
979,True,Comparison Site,Midlands,65+,Classic,25,Fees too high,Joined on promo
980,True,Comparison Site,Scotland,45-54,Classic,17,Fees too high,Joined on promo
982,False,Outbound,Wales & NI,35-44,Silver,16,Unknown,No promo
983,False,Branch,London,18-24,Silver,10,Poor service,No promo
984,False,Online,North,55-64,Classic,12,Unknown,No promo
986,False,Comparison Site,Scotland,18-24,Silver,2,Switched provider,No promo
988,True,Comparison Site,Midlands,45-54,Gold,4,Bereavement,Joined on promo
989,False,Referral,South East,18-24,Classic,17,Poor service,No promo
990,True,Online,Wales & NI,45-54,Classic,18,Fees too high,Joined on promo
994,True,Online,London,35-44,Classic,16,Moved abroad,Joined on promo
995,True,Online,Midlands,25-34,Classic,7,Poor service,Joined on promo
997,True,Online,London,35-44,Classic,3,Unknown,Joined on promo
1002,True,Comparison Site,Scotland,45-54,Silver,22,Fees too high,Joined on promo
1003,True,Comparison Site,London,35-44,Classic,10,Fees too high,Joined on promo
1004,False,Comparison Site,South East,25-34,Classic,6,Unknown,No promo
1005,False,Outbound,North,65+,Classic,17,Unknown,No promo
1006,False,Branch,London,25-34,Silver,8,Poor service,No promo
1012,False,Branch,South East,35-44,Gold,21,Poor service,No promo
1013,False,Online,London,25-34,Classic,4,Moved abroad,No promo
1018,False,Online,North,35-44,Classic,28,Poor service,No promo
1022,False,Branch,Midlands,55-64,Gold,8,Moved abroad,No promo
1024,False,Online,North,18-24,Silver,30,Switched provider,No promo
1025,False,Online,London,55-64,Silver,17,Fees too high,No promo
1026,True,Comparison Site,Midlands,65+,Gold,4,Poor service,Joined on promo
1028,True,Branch,Midlands,35-44,Silver,20,Fees too high,Joined on promo
1029,False,Branch,London,25-34,Classic,6,Moved abroad,No promo
1034,True,Comparison Site,North,25-34,Gold,17,Fees too high,Joined on promo
1038,False,Comparison Site,London,35-44,Silver,1,Unknown,No promo
1040,True,Online,London,25-34,Gold,3,Fees too high,Joined on promo
1042,False,Comparison Site,South East,45-54,Classic,30,Bereavement,No promo
1049,True,Branch,Midlands,45-54,Silver,13,Fees too high,Joined on promo
1050,True,Comparison Site,London,25-34,Silver,5,Unknown,Joined on promo
1051,True,Comparison Site,North,45-54,Classic,3,Switched provider,Joined on promo
1052,True,Comparison Site,London,25-34,Silver,7,Unknown,Joined on promo
1056,False,Comparison Site,North,65+,Classic,9,Switched provider,No promo
1057,False,Online,South East,35-44,Silver,21,Poor service,No promo
1059,True,Outbound,Scotland,45-54,Classic,1,Unknown,Joined on promo
1062,False,Online,North,18-24,Classic,19,Switched provider,No promo
1064,True,Branch,North,55-64,Classic,4,Bereavement,Joined on promo
1065,True,Online,Midlands,35-44,Platinum,5,Fees too high,Joined on promo
1070,False,Outbound,London,65+,Classic,3,Unknown,No promo
1073,True,Outbound,North,25-34,Classic,10,Fees too high,Joined on promo
1081,False,Comparison Site,Midlands,45-54,Classic,5,Bereavement,No promo
1086,False,Referral,London,45-54,Gold,26,Bereavement,No promo
1088,False,Referral,South East,18-24,Gold,2,Poor service,No promo
1089,False,Referral,South East,35-44,Platinum,10,Unknown,No promo
1092,False,Branch,South East,35-44,Gold,1,Bereavement,No promo
1093,False,Branch,London,55-64,Classic,8,Unknown,No promo
1095,False,Online,South East,25-34,Classic,26,Switched provider,No promo
1096,True,Outbound,Scotland,45-54,Silver,18,Poor service,Joined on promo
1098,False,Branch,Wales & NI,25-34,Classic,29,Switched provider,No promo
1101,True,Comparison Site,London,35-44,Silver,28,Switched provider,Joined on promo
1102,True,Branch,Midlands,35-44,Gold,27,Unhappy with perks,Joined on promo
1104,False,Online,South East,35-44,Silver,25,Unknown,No promo
1105,False,Online,North,65+,Gold,28,Poor service,No promo
1108,True,Outbound,North,55-64,Silver,21,Bereavement,Joined on promo
1111,False,Online,London,35-44,Classic,22,Switched provider,No promo
1114,False,Comparison Site,Wales & NI,45-54,Silver,2,Moved abroad,No promo
1118,False,Branch,London,18-24,Silver,8,Unknown,No promo
1119,False,Online,South East,45-54,Silver,29,Moved abroad,No promo
1120,True,Comparison Site,South East,55-64,Classic,3,Fees too high,Joined on promo
1122,True,Comparison Site,Wales & NI,45-54,Classic,1,Poor service,Joined on promo
1123,True,Comparison Site,London,45-54,Silver,20,Fees too high,Joined on promo
1124,True,Online,Wales & NI,55-64,Classic,15,Fees too high,Joined on promo
1128,False,Outbound,London,25-34,Platinum,1,Poor service,No promo
1130,False,Branch,London,25-34,Classic,10,Unknown,No promo
1131,True,Comparison Site,London,25-34,Classic,1,Fees too high,Joined on promo
1134,False,Comparison Site,Midlands,35-44,Classic,3,Fees too high,No promo
1136,True,Comparison Site,Midlands,25-34,Silver,1,Fees too high,Joined on promo
1137,False,Comparison Site,North,35-44,Silver,13,Fees too high,No promo
1138,True,Outbound,South East,55-64,Silver,7,Unknown,Joined on promo
1140,True,Comparison Site,South East,45-54,Classic,3,Moved abroad,Joined on promo
1141,False,Referral,North,25-34,Silver,14,Unknown,No promo
1146,False,Broker/IFA,Midlands,35-44,Gold,18,Moved abroad,No promo
1148,True,Comparison Site,Scotland,25-34,Silver,7,Poor service,Joined on promo
1150,True,Outbound,Midlands,35-44,Silver,31,Fees too high,Joined on promo
1152,True,Online,Scotland,35-44,Silver,16,Fees too high,Joined on promo
1153,False,Outbound,South East,65+,Classic,3,Poor service,No promo
1155,False,Branch,Midlands,55-64,Platinum,29,Poor service,No promo
1158,False,Comparison Site,Scotland,45-54,Classic,12,Poor service,No promo
1161,True,Comparison Site,Midlands,55-64,Classic,12,Switched provider,Joined on promo
1162,False,Comparison Site,South East,55-64,Silver,13,Poor service,No promo
1163,True,Comparison Site,North,18-24,Classic,1,Fees too high,Joined on promo
1166,False,Outbound,London,25-34,Classic,3,Switched provider,No promo
1169,False,Branch,London,45-54,Classic,27,Unknown,No promo
1173,False,Comparison Site,North,45-54,Silver,25,Switched provider,No promo
1175,False,Outbound,Midlands,35-44,Classic,4,Moved abroad,No promo
1179,False,Referral,London,18-24,Gold,9,Switched provider,No promo
1181,True,Branch,Scotland,35-44,Silver,7,Poor service,Joined on promo
1183,True,Online,South East,65+,Classic,25,Fees too high,Joined on promo
1186,False,Broker/IFA,Scotland,18-24,Platinum,14,Poor service,No promo
1189,False,Comparison Site,South East,18-24,Silver,8,Poor service,No promo
1191,True,Comparison Site,South East,25-34,Silver,15,Moved abroad,Joined on promo
1195,True,Comparison Site,London,18-24,Silver,6,Fees too high,Joined on promo
1197,False,Online,North,25-34,Silver,21,Poor service,No promo
1200,True,Comparison Site,Scotland,25-34,Classic,2,Fees too high,Joined on promo
1203,False,Comparison Site,London,18-24,Classic,15,Fees too high,No promo
1206,True,Comparison Site,London,35-44,Silver,7,Fees too high,Joined on promo
1208,False,Branch,London,18-24,Gold,22,Unhappy with perks,No promo
1212,False,Outbound,North,45-54,Classic,10,Poor service,No promo
1216,False,Online,South East,18-24,Classic,5,Poor service,No promo
1220,False,Branch,London,35-44,Classic,2,Switched provider,No promo
1224,True,Online,South East,18-24,Silver,13,Fees too high,Joined on promo
1226,True,Comparison Site,London,25-34,Silver,30,Unhappy with perks,Joined on promo
1229,False,Branch,Scotland,35-44,Classic,20,Poor service,No promo
1232,False,Online,Wales & NI,18-24,Classic,3,Unknown,No promo
1235,True,Online,North,45-54,Gold,17,Poor service,Joined on promo
1236,False,Broker/IFA,Midlands,65+,Gold,9,Unknown,No promo
1237,False,Online,London,55-64,Silver,7,Moved abroad,No promo
1242,True,Comparison Site,Midlands,45-54,Silver,21,Fees too high,Joined on promo
1244,False,Online,London,55-64,Silver,25,Poor service,No promo
1246,True,Broker/IFA,North,45-54,Gold,31,Fees too high,Joined on promo
1249,False,Online,South East,25-34,Classic,7,Switched provider,No promo
1252,False,Online,London,18-24,Silver,28,Poor service,No promo
1256,True,Comparison Site,Scotland,25-34,Gold,3,Fees too high,Joined on promo
1257,True,Comparison Site,Midlands,45-54,Classic,2,Fees too high,Joined on promo
1261,True,Comparison Site,North,55-64,Classic,1,Fees too high,Joined on promo
1262,False,Online,Scotland,18-24,Classic,3,Poor service,No promo
1266,True,Comparison Site,London,25-34,Classic,13,Fees too high,Joined on promo
1267,True,Comparison Site,London,25-34,Classic,2,Fees too high,Joined on promo
1270,True,Comparison Site,London,55-64,Silver,9,Fees too high,Joined on promo
1271,False,Online,North,25-34,Classic,9,Switched provider,No promo
1275,True,Comparison Site,Wales & NI,35-44,Silver,1,Fees too high,Joined on promo
1277,True,Comparison Site,London,18-24,Silver,4,Fees too high,Joined on promo
1280,True,Comparison Site,North,25-34,Silver,6,Fees too high,Joined on promo
1282,False,Online,London,55-64,Classic,9,Unknown,No promo
1284,True,Comparison Site,North,35-44,Classic,6,Fees too high,Joined on promo
1286,False,Branch,Wales & NI,35-44,Silver,18,Poor service,No promo
1289,True,Comparison Site,London,25-34,Silver,3,Poor service,Joined on promo
1291,True,Online,Scotland,35-44,Classic,7,Unknown,Joined on promo
1293,False,Outbound,Wales & NI,55-64,Silver,5,Poor service,No promo
1295,False,Branch,London,35-44,Gold,12,Fees too high,No promo
1299,True,Comparison Site,Wales & NI,45-54,Classic,1,Switched provider,Joined on promo
1308,False,Branch,North,55-64,Silver,31,Unknown,No promo
1310,True,Branch,London,55-64,Classic,21,Fees too high,Joined on promo
1316,True,Outbound,Midlands,35-44,Classic,2,Poor service,Joined on promo
1318,False,Outbound,London,25-34,Gold,4,Poor service,No promo
1320,False,Branch,Midlands,25-34,Silver,1,Unknown,No promo
1322,False,Comparison Site,London,25-34,Classic,31,Unknown,No promo
1324,False,Referral,South East,65+,Classic,6,Moved abroad,No promo
1325,False,Branch,North,18-24,Gold,3,Unhappy with perks,No promo
1326,True,Comparison Site,North,18-24,Silver,28,Moved abroad,Joined on promo
1328,True,Comparison Site,London,55-64,Classic,5,Fees too high,Joined on promo
1332,False,Outbound,London,35-44,Silver,23,Switched provider,No promo
1338,False,Referral,South East,35-44,Gold,7,Unhappy with perks,No promo
1339,True,Online,Midlands,55-64,Classic,10,Fees too high,Joined on promo
1340,False,Comparison Site,London,65+,Silver,7,Poor service,No promo
1341,False,Comparison Site,Midlands,35-44,Silver,19,Unknown,No promo
1342,False,Comparison Site,South East,35-44,Classic,1,Fees too high,No promo
1346,False,Online,North,35-44,Classic,2,Poor service,No promo
1347,False,Comparison Site,Midlands,35-44,Classic,7,Switched provider,No promo
1348,True,Comparison Site,London,25-34,Classic,5,Fees too high,Joined on promo
1349,False,Online,North,35-44,Classic,19,Switched provider,No promo
1350,False,Outbound,South East,45-54,Gold,4,Switched provider,No promo
1353,False,Outbound,Midlands,18-24,Silver,21,Unknown,No promo
1358,False,Branch,Midlands,45-54,Silver,19,Poor service,No promo
1361,True,Comparison Site,North,55-64,Silver,2,Switched provider,Joined on promo
1362,False,Comparison Site,Midlands,18-24,Classic,19,Fees too high,No promo
1363,True,Outbound,Midlands,55-64,Classic,11,Poor service,Joined on promo
1364,False,Online,North,55-64,Silver,31,Unknown,No promo
1366,False,Online,South East,35-44,Silver,17,Switched provider,No promo
1368,False,Comparison Site,Midlands,55-64,Gold,1,Fees too high,No promo
1371,True,Comparison Site,Scotland,18-24,Gold,7,Unhappy with perks,Joined on promo
1372,False,Branch,North,25-34,Platinum,24,Poor service,No promo
1373,True,Comparison Site,Midlands,35-44,Classic,2,Unknown,Joined on promo
1374,True,Outbound,North,35-44,Silver,7,Switched provider,Joined on promo
1376,False,Online,Midlands,45-54,Silver,21,Fees too high,No promo
1378,False,Online,Midlands,25-34,Classic,17,Unknown,No promo
1380,False,Online,North,25-34,Silver,13,Unknown,No promo
1387,False,Online,London,35-44,Gold,18,Unhappy with perks,No promo
1388,False,Referral,London,18-24,Gold,19,Fees too high,No promo
1389,True,Comparison Site,South East,25-34,Silver,3,Fees too high,Joined on promo
1392,False,Branch,Wales & NI,18-24,Platinum,1,Moved abroad,No promo
1396,False,Online,North,45-54,Silver,7,Poor service,No promo
1398,True,Comparison Site,Midlands,55-64,Silver,7,Fees too high,Joined on promo
1399,False,Outbound,North,25-34,Classic,25,Poor service,No promo
1400,False,Outbound,London,35-44,Classic,14,Unknown,No promo
1402,True,Comparison Site,Wales & NI,25-34,Classic,1,Fees too high,Joined on promo
1403,False,Online,Midlands,45-54,Silver,2,Poor service,No promo
1408,False,Online,North,25-34,Classic,22,Poor service,No promo
1411,True,Comparison Site,South East,25-34,Silver,29,Fees too high,Joined on promo
1412,True,Comparison Site,North,45-54,Silver,3,Unknown,Joined on promo
1413,False,Broker/IFA,London,55-64,Gold,23,Unhappy with perks,No promo
1415,False,Referral,Wales & NI,55-64,Silver,2,Poor service,No promo
1417,False,Online,North,25-34,Silver,20,Unknown,No promo
1421,True,Comparison Site,Midlands,65+,Classic,30,Fees too high,Joined on promo
1428,False,Comparison Site,Midlands,35-44,Classic,8,Unknown,No promo
1433,False,Outbound,South East,55-64,Silver,31,Poor service,No promo
1438,False,Online,Scotland,35-44,Classic,1,Poor service,No promo
1440,False,Online,London,45-54,Classic,1,Moved abroad,No promo
1442,False,Online,Wales & NI,35-44,Classic,9,Unknown,No promo
1445,False,Online,Scotland,35-44,Gold,14,Switched provider,No promo
1446,True,Comparison Site,London,45-54,Silver,16,Unknown,Joined on promo
1450,True,Outbound,London,65+,Classic,10,Fees too high,Joined on promo
1455,False,Comparison Site,Midlands,25-34,Classic,24,Fees too high,No promo
1457,True,Comparison Site,South East,25-34,Classic,5,Poor service,Joined on promo
1458,True,Online,South East,45-54,Gold,16,Fees too high,Joined on promo
1459,False,Outbound,London,18-24,Gold,11,Unhappy with perks,No promo
1461,False,Online,South East,55-64,Classic,3,Poor service,No promo
1465,True,Comparison Site,North,45-54,Silver,1,Unknown,Joined on promo
1466,False,Broker/IFA,North,18-24,Silver,1,Fees too high,No promo
1467,False,Online,Scotland,25-34,Silver,13,Switched provider,No promo
1470,True,Outbound,Midlands,45-54,Silver,8,Fees too high,Joined on promo
1473,False,Branch,North,35-44,Silver,1,Unknown,No promo
1474,False,Branch,London,35-44,Gold,20,Unhappy with perks,No promo
1476,False,Online,Scotland,35-44,Silver,18,Unknown,No promo
1478,True,Comparison Site,London,18-24,Gold,28,Unknown,Joined on promo
1482,False,Online,London,45-54,Classic,1,Poor service,No promo
1483,True,Comparison Site,London,25-34,Classic,1,Fees too high,Joined on promo
1487,False,Referral,North,65+,Silver,1,Fees too high,No promo
1490,True,Online,South East,25-34,Gold,5,Poor service,Joined on promo
1493,True,Online,Wales & NI,18-24,Silver,10,Fees too high,Joined on promo
1495,True,Comparison Site,North,25-34,Silver,6,Switched provider,Joined on promo
1496,True,Branch,Midlands,25-34,Silver,6,Fees too high,Joined on promo
1499,True,Online,London,45-54,Classic,29,Fees too high,Joined on promo
1504,True,Comparison Site,London,65+,Classic,8,Poor service,Joined on promo
1505,True,Comparison Site,South East,35-44,Classic,12,Switched provider,Joined on promo
1506,True,Outbound,Wales & NI,55-64,Classic,28,Fees too high,Joined on promo
1507,False,Comparison Site,South East,35-44,Classic,5,Switched provider,No promo
1511,False,Online,London,25-34,Classic,2,Switched provider,No promo
1512,True,Comparison Site,North,25-34,Silver,25,Fees too high,Joined on promo
1521,True,Online,North,55-64,Classic,21,Moved abroad,Joined on promo
1522,True,Comparison Site,Midlands,55-64,Classic,5,Switched provider,Joined on promo
1523,False,Online,Scotland,55-64,Classic,4,Unknown,No promo
1527,False,Online,North,18-24,Gold,4,Unhappy with perks,No promo
1528,False,Broker/IFA,North,25-34,Classic,10,Poor service,No promo
1529,True,Outbound,London,55-64,Classic,7,Unknown,Joined on promo
1531,True,Outbound,Wales & NI,18-24,Classic,27,Switched provider,Joined on promo
1535,True,Outbound,London,25-34,Silver,2,Fees too high,Joined on promo
1536,True,Online,London,55-64,Classic,13,Switched provider,Joined on promo
1538,True,Comparison Site,North,45-54,Classic,25,Fees too high,Joined on promo
1540,False,Online,London,25-34,Platinum,23,Poor service,No promo
1544,True,Online,London,55-64,Gold,7,Fees too high,Joined on promo
1545,True,Comparison Site,Wales & NI,45-54,Gold,23,Unknown,Joined on promo
1548,True,Online,Wales & NI,55-64,Silver,8,Fees too high,Joined on promo
1553,False,Branch,London,65+,Gold,12,Poor service,No promo
1556,False,Online,Scotland,45-54,Silver,15,Unknown,No promo
1557,False,Branch,Scotland,45-54,Silver,8,Switched provider,No promo
1558,False,Broker/IFA,London,25-34,Platinum,10,Bereavement,No promo
1560,False,Online,London,45-54,Gold,20,Fees too high,No promo
1561,False,Comparison Site,South East,25-34,Silver,9,Poor service,No promo
1564,False,Referral,Midlands,35-44,Gold,2,Unhappy with perks,No promo
1572,True,Outbound,South East,35-44,Gold,7,Unknown,Joined on promo
1573,False,Referral,North,55-64,Silver,5,Poor service,No promo
1575,True,Comparison Site,Midlands,25-34,Classic,14,Fees too high,Joined on promo
1577,False,Referral,London,35-44,Platinum,6,Switched provider,No promo
1580,False,Online,London,18-24,Silver,23,Bereavement,No promo
1581,True,Online,South East,45-54,Gold,15,Switched provider,Joined on promo
1584,False,Comparison Site,Wales & NI,35-44,Classic,20,Switched provider,No promo
1586,False,Comparison Site,London,45-54,Silver,1,Fees too high,No promo
1587,True,Comparison Site,North,18-24,Silver,18,Unknown,Joined on promo
1588,False,Online,North,45-54,Silver,7,Unhappy with perks,No promo
1589,False,Branch,Midlands,45-54,Platinum,5,Unhappy with perks,No promo
1591,False,Online,North,45-54,Gold,18,Switched provider,No promo
1596,False,Broker/IFA,North,18-24,Silver,7,Switched provider,No promo
1597,False,Referral,North,55-64,Gold,24,Switched provider,No promo
1598,True,Branch,London,18-24,Silver,15,Poor service,Joined on promo
1602,False,Comparison Site,South East,18-24,Classic,6,Fees too high,No promo
1605,True,Referral,Scotland,55-64,Silver,23,Switched provider,Joined on promo
1609,False,Referral,Midlands,35-44,Gold,22,Fees too high,No promo
1613,False,Branch,Midlands,35-44,Platinum,11,Unknown,No promo
1619,True,Referral,South East,18-24,Silver,2,Fees too high,Joined on promo
1620,True,Comparison Site,North,18-24,Gold,4,Unknown,Joined on promo
1622,False,Branch,North,25-34,Gold,5,Poor service,No promo
1623,True,Comparison Site,Midlands,35-44,Classic,15,Switched provider,Joined on promo
1625,True,Comparison Site,Wales & NI,18-24,Classic,24,Fees too high,Joined on promo
1627,False,Outbound,Scotland,65+,Silver,1,Unknown,No promo
1631,False,Online,London,18-24,Classic,7,Poor service,No promo
1637,False,Comparison Site,North,35-44,Silver,28,Unhappy with perks,No promo
1639,True,Comparison Site,London,45-54,Silver,13,Fees too high,Joined on promo
1640,False,Branch,London,45-54,Silver,2,Moved abroad,No promo
1644,True,Comparison Site,South East,35-44,Gold,12,Fees too high,Joined on promo
1648,False,Outbound,London,25-34,Gold,21,Unhappy with perks,No promo
1658,True,Online,Scotland,35-44,Silver,18,Fees too high,Joined on promo
1659,False,Referral,London,35-44,Classic,6,Poor service,No promo
1663,True,Comparison Site,London,65+,Classic,15,Fees too high,Joined on promo
1665,False,Online,Midlands,25-34,Platinum,18,Unhappy with perks,No promo
1667,True,Comparison Site,South East,65+,Classic,5,Fees too high,Joined on promo
1669,False,Online,South East,18-24,Classic,1,Poor service,No promo
1671,False,Referral,London,25-34,Gold,23,Switched provider,No promo
1672,False,Referral,London,35-44,Classic,2,Unknown,No promo
1680,False,Comparison Site,London,25-34,Classic,10,Switched provider,No promo
1681,True,Comparison Site,London,55-64,Silver,19,Fees too high,Joined on promo
1682,True,Online,Midlands,45-54,Classic,15,Fees too high,Joined on promo
1686,False,Outbound,London,35-44,Classic,4,Poor service,No promo
1692,True,Outbound,London,25-34,Classic,29,Fees too high,Joined on promo
1695,False,Outbound,North,45-54,Silver,3,Unknown,No promo
1697,False,Comparison Site,Midlands,55-64,Classic,14,Fees too high,No promo
1700,False,Referral,Midlands,25-34,Gold,8,Moved abroad,No promo
1703,False,Broker/IFA,North,55-64,Gold,2,Switched provider,No promo
1706,False,Online,South East,45-54,Platinum,4,Unknown,No promo
1710,True,Outbound,Midlands,45-54,Silver,14,Unknown,Joined on promo
1713,False,Branch,Midlands,65+,Classic,26,Unknown,No promo
1717,True,Referral,North,18-24,Classic,11,Switched provider,Joined on promo
1718,True,Comparison Site,North,35-44,Classic,21,Fees too high,Joined on promo
1722,False,Online,South East,45-54,Classic,2,Bereavement,No promo
1724,False,Online,North,55-64,Silver,1,Moved abroad,No promo
1728,True,Outbound,Wales & NI,45-54,Silver,25,Poor service,Joined on promo
1733,True,Online,London,65+,Classic,29,Fees too high,Joined on promo
1734,True,Comparison Site,South East,35-44,Classic,1,Unknown,Joined on promo
1735,False,Online,North,25-34,Silver,8,Poor service,No promo
1741,True,Online,London,25-34,Silver,30,Poor service,Joined on promo
1742,False,Outbound,Midlands,55-64,Classic,5,Switched provider,No promo
1743,True,Comparison Site,North,45-54,Classic,4,Fees too high,Joined on promo
1745,False,Online,South East,18-24,Silver,29,Switched provider,No promo
1748,True,Comparison Site,Midlands,35-44,Silver,8,Fees too high,Joined on promo
1751,True,Comparison Site,London,18-24,Classic,1,Switched provider,Joined on promo
1755,False,Online,London,45-54,Classic,5,Poor service,No promo
1756,False,Branch,London,35-44,Classic,6,Unknown,No promo
1758,True,Online,South East,35-44,Classic,7,Poor service,Joined on promo
1759,True,Referral,Midlands,25-34,Classic,8,Fees too high,Joined on promo
1761,True,Online,South East,35-44,Classic,9,Unknown,Joined on promo
1763,False,Comparison Site,London,35-44,Classic,1,Poor service,No promo
1769,False,Online,Midlands,25-34,Classic,6,Bereavement,No promo
1773,False,Online,Wales & NI,35-44,Gold,22,Bereavement,No promo
1775,True,Comparison Site,Midlands,18-24,Silver,24,Bereavement,Joined on promo
1776,False,Online,North,45-54,Classic,15,Moved abroad,No promo
1778,True,Online,North,35-44,Silver,13,Unknown,Joined on promo
1779,True,Comparison Site,North,45-54,Silver,8,Fees too high,Joined on promo
1782,False,Referral,North,45-54,Silver,6,Unknown,No promo
1783,False,Broker/IFA,North,25-34,Gold,3,Poor service,No promo
1785,True,Comparison Site,North,45-54,Silver,7,Poor service,Joined on promo
1788,False,Online,London,45-54,Silver,12,Poor service,No promo
1792,False,Online,South East,55-64,Silver,29,Unknown,No promo
1796,False,Online,Wales & NI,25-34,Classic,15,Switched provider,No promo
1797,True,Comparison Site,North,45-54,Silver,8,Moved abroad,Joined on promo
1801,True,Comparison Site,Scotland,65+,Silver,1,Fees too high,Joined on promo
1802,True,Online,North,25-34,Classic,29,Fees too high,Joined on promo
1804,False,Outbound,North,55-64,Silver,4,Unhappy with perks,No promo
1807,True,Comparison Site,South East,45-54,Classic,2,Poor service,Joined on promo
1808,False,Branch,North,65+,Gold,12,Unknown,No promo
1809,False,Branch,Scotland,18-24,Platinum,1,Poor service,No promo
1810,False,Broker/IFA,London,35-44,Gold,6,Moved abroad,No promo
1813,True,Comparison Site,North,55-64,Silver,16,Unknown,Joined on promo
1827,True,Online,North,25-34,Classic,15,Fees too high,Joined on promo
1830,True,Comparison Site,London,45-54,Classic,2,Fees too high,Joined on promo
1834,False,Outbound,London,45-54,Classic,29,Poor service,No promo
1835,False,Comparison Site,London,45-54,Classic,1,Fees too high,No promo
1836,False,Comparison Site,South East,65+,Classic,6,Unknown,No promo
1842,False,Online,South East,55-64,Gold,13,Poor service,No promo
1843,False,Branch,Midlands,45-54,Silver,21,Switched provider,No promo
1846,False,Branch,Scotland,25-34,Gold,21,Switched provider,No promo
1847,False,Comparison Site,London,55-64,Classic,3,Poor service,No promo
1848,False,Referral,South East,25-34,Silver,25,Unknown,No promo
1849,True,Comparison Site,South East,25-34,Classic,4,Fees too high,Joined on promo
1851,True,Referral,London,25-34,Silver,9,Poor service,Joined on promo
1852,False,Outbound,South East,65+,Classic,11,Bereavement,No promo
1856,True,Comparison Site,North,25-34,Silver,13,Fees too high,Joined on promo
1857,False,Referral,North,45-54,Classic,18,Unknown,No promo
1858,True,Online,London,35-44,Silver,1,Switched provider,Joined on promo
1859,False,Branch,Scotland,45-54,Classic,1,Poor service,No promo
1862,False,Branch,Midlands,35-44,Gold,1,Unknown,No promo
1863,False,Comparison Site,Scotland,55-64,Gold,16,Unhappy with perks,No promo
1865,False,Broker/IFA,Midlands,25-34,Silver,2,Switched provider,No promo
1870,True,Online,London,55-64,Classic,4,Switched provider,Joined on promo
1872,False,Comparison Site,North,45-54,Silver,2,Fees too high,No promo
1878,True,Comparison Site,London,25-34,Classic,7,Fees too high,Joined on promo
1880,True,Comparison Site,North,35-44,Silver,9,Fees too high,Joined on promo
1887,True,Online,London,25-34,Silver,2,Fees too high,Joined on promo
1889,True,Online,North,18-24,Classic,14,Fees too high,Joined on promo
1890,True,Comparison Site,South East,55-64,Classic,1,Poor service,Joined on promo
1891,False,Online,North,25-34,Silver,1,Unknown,No promo
1895,True,Comparison Site,London,25-34,Classic,3,Fees too high,Joined on promo
1897,False,Referral,Scotland,25-34,Gold,14,Switched provider,No promo
1898,False,Online,South East,35-44,Classic,3,Poor service,No promo
1902,True,Outbound,South East,45-54,Classic,1,Fees too high,Joined on promo
1908,False,Branch,South East,45-54,Silver,2,Poor service,No promo
1914,True,Online,Scotland,35-44,Silver,18,Fees too high,Joined on promo
1916,False,Online,North,45-54,Gold,27,Unhappy with perks,No promo
1918,True,Comparison Site,South East,35-44,Platinum,14,Unhappy with perks,Joined on promo
1922,False,Branch,North,25-34,Gold,15,Unhappy with perks,No promo
1927,True,Comparison Site,North,55-64,Silver,20,Moved abroad,Joined on promo
1928,False,Comparison Site,London,45-54,Silver,13,Switched provider,No promo
1929,False,Online,Wales & NI,25-34,Silver,12,Fees too high,No promo
1933,False,Comparison Site,North,35-44,Classic,3,Switched provider,No promo
1938,True,Referral,North,25-34,Gold,18,Fees too high,Joined on promo
1943,False,Comparison Site,Midlands,18-24,Classic,13,Moved abroad,No promo
1945,True,Online,Scotland,45-54,Classic,7,Fees too high,Joined on promo
1947,True,Referral,South East,65+,Silver,26,Fees too high,Joined on promo
1949,False,Comparison Site,London,35-44,Classic,15,Switched provider,No promo
1950,False,Broker/IFA,Scotland,35-44,Gold,14,Unknown,No promo
1951,True,Comparison Site,Wales & NI,25-34,Classic,5,Fees too high,Joined on promo
1955,True,Comparison Site,South East,35-44,Classic,1,Switched provider,Joined on promo
1956,True,Comparison Site,Wales & NI,45-54,Classic,1,Fees too high,Joined on promo
1957,True,Comparison Site,London,45-54,Classic,7,Fees too high,Joined on promo
1958,False,Comparison Site,Midlands,45-54,Silver,16,Fees too high,No promo
1960,False,Online,Wales & NI,25-34,Silver,2,Unknown,No promo
1964,True,Outbound,South East,18-24,Gold,19,Fees too high,Joined on promo
1966,False,Branch,South East,35-44,Classic,18,Poor service,No promo
1967,False,Outbound,London,65+,Classic,14,Poor service,No promo
1972,True,Comparison Site,South East,18-24,Classic,2,Unknown,Joined on promo
1974,False,Online,Scotland,25-34,Silver,3,Moved abroad,No promo
1975,False,Comparison Site,Scotland,35-44,Silver,24,Bereavement,No promo
1978,True,Online,London,65+,Platinum,3,Poor service,Joined on promo
1979,True,Online,North,35-44,Classic,27,Fees too high,Joined on promo
1981,True,Comparison Site,South East,55-64,Classic,11,Fees too high,Joined on promo
1983,True,Broker/IFA,Wales & NI,65+,Gold,13,Fees too high,Joined on promo
1987,False,Online,London,25-34,Silver,12,Unknown,No promo
1989,True,Comparison Site,Scotland,35-44,Classic,5,Fees too high,Joined on promo
1990,False,Branch,Midlands,18-24,Platinum,11,Unknown,No promo
1995,False,Outbound,Midlands,35-44,Gold,7,Poor service,No promo
1996,False,Online,South East,35-44,Platinum,16,Unhappy with perks,No promo
1997,True,Comparison Site,Midlands,25-34,Silver,14,Fees too high,Joined on promo
1998,True,Online,South East,18-24,Classic,1,Poor service,Joined on promo
1999,False,Broker/IFA,London,55-64,Classic,2,Bereavement,No promo
2001,False,Online,Wales & NI,55-64,Platinum,24,Poor service,No promo
2002,False,Branch,London,55-64,Silver,28,Bereavement,No promo
2003,False,Online,Scotland,55-64,Classic,9,Switched provider,No promo
2006,True,Branch,North,45-54,Silver,24,Fees too high,Joined on promo
2008,True,Outbound,Midlands,35-44,Classic,7,Fees too high,Joined on promo
2013,True,Referral,Scotland,65+,Silver,25,Unknown,Joined on promo
2017,True,Online,London,45-54,Silver,11,Fees too high,Joined on promo
2019,False,Branch,London,35-44,Classic,14,Poor service,No promo
2027,False,Broker/IFA,Midlands,55-64,Platinum,12,Moved abroad,No promo
2028,False,Branch,London,18-24,Platinum,8,Poor service,No promo
2029,False,Comparison Site,North,18-24,Classic,25,Switched provider,No promo
2036,True,Comparison Site,Wales & NI,18-24,Classic,25,Fees too high,Joined on promo
2039,False,Online,South East,55-64,Classic,3,Unknown,No promo
2047,True,Online,Midlands,25-34,Classic,7,Fees too high,Joined on promo
2053,True,Comparison Site,North,18-24,Silver,7,Poor service,Joined on promo
2055,True,Comparison Site,London,35-44,Silver,6,Fees too high,Joined on promo
2056,True,Online,North,25-34,Silver,26,Fees too high,Joined on promo
2060,False,Referral,Midlands,65+,Gold,8,Fees too high,No promo
2061,False,Branch,Wales & NI,35-44,Gold,10,Unhappy with perks,No promo
2063,False,Comparison Site,Midlands,35-44,Classic,2,Fees too high,No promo
2067,False,Branch,Midlands,45-54,Classic,7,Switched provider,No promo
2069,True,Outbound,South East,25-34,Classic,1,Fees too high,Joined on promo
2070,False,Online,Midlands,35-44,Classic,8,Unknown,No promo
2072,False,Comparison Site,South East,35-44,Silver,1,Switched provider,No promo
2075,True,Branch,North,35-44,Gold,25,Fees too high,Joined on promo
2077,False,Comparison Site,North,45-54,Silver,29,Unknown,No promo
2078,True,Comparison Site,Midlands,25-34,Classic,3,Poor service,Joined on promo
2080,True,Outbound,Scotland,25-34,Gold,3,Poor service,Joined on promo
2081,False,Outbound,South East,35-44,Classic,3,Poor service,No promo
2087,False,Outbound,Scotland,65+,Silver,1,Poor service,No promo
2088,False,Comparison Site,Scotland,45-54,Silver,26,Fees too high,No promo
2090,False,Outbound,Midlands,35-44,Classic,9,Poor service,No promo
2092,True,Comparison Site,London,35-44,Silver,22,Poor service,Joined on promo
2093,True,Outbound,South East,35-44,Classic,7,Fees too high,Joined on promo
2098,False,Comparison Site,South East,35-44,Classic,2,Poor service,No promo
2101,True,Online,South East,25-34,Platinum,7,Unknown,Joined on promo
2104,False,Comparison Site,London,35-44,Classic,4,Switched provider,No promo
2105,False,Comparison Site,South East,55-64,Gold,19,Unhappy with perks,No promo
2112,True,Online,Wales & NI,35-44,Silver,18,Poor service,Joined on promo
2120,False,Branch,Midlands,35-44,Silver,14,Unknown,No promo
2124,False,Outbound,South East,45-54,Classic,6,Poor service,No promo
2126,False,Branch,London,35-44,Classic,27,Unknown,No promo
2133,False,Branch,Midlands,35-44,Silver,10,Switched provider,No promo
2135,False,Referral,Midlands,35-44,Classic,6,Moved abroad,No promo
2139,True,Comparison Site,North,45-54,Classic,2,Switched provider,Joined on promo
2140,True,Comparison Site,Midlands,35-44,Classic,15,Switched provider,Joined on promo
2141,True,Comparison Site,Wales & NI,35-44,Classic,2,Switched provider,Joined on promo
2144,False,Branch,South East,35-44,Platinum,27,Bereavement,No promo
2147,True,Comparison Site,North,45-54,Classic,23,Fees too high,Joined on promo
2150,False,Referral,South East,25-34,Silver,7,Bereavement,No promo
2154,False,Broker/IFA,South East,65+,Classic,25,Unknown,No promo
2161,False,Outbound,North,45-54,Classic,14,Poor service,No promo
2162,True,Comparison Site,London,35-44,Silver,27,Fees too high,Joined on promo
2165,True,Comparison Site,North,65+,Gold,24,Unknown,Joined on promo
2166,False,Branch,South East,18-24,Silver,24,Poor service,No promo
2168,True,Comparison Site,Wales & NI,35-44,Classic,7,Moved abroad,Joined on promo
2173,False,Outbound,London,25-34,Silver,23,Moved abroad,No promo
2174,False,Online,Midlands,45-54,Silver,7,Poor service,No promo
2176,False,Comparison Site,North,65+,Silver,8,Switched provider,No promo
2178,False,Outbound,Wales & NI,25-34,Classic,10,Switched provider,No promo
2180,True,Outbound,Wales & NI,18-24,Silver,6,Fees too high,Joined on promo
2182,True,Comparison Site,Midlands,65+,Classic,3,Fees too high,Joined on promo
2183,False,Online,North,25-34,Silver,21,Moved abroad,No promo
2184,True,Online,Scotland,35-44,Classic,22,Fees too high,Joined on promo
2188,False,Branch,South East,35-44,Platinum,17,Poor service,No promo
2189,True,Online,Scotland,25-34,Silver,17,Switched provider,Joined on promo
2194,False,Online,North,35-44,Silver,21,Bereavement,No promo
2195,True,Outbound,North,55-64,Gold,21,Switched provider,Joined on promo
2199,False,Branch,London,35-44,Silver,1,Unknown,No promo
2200,False,Online,Midlands,25-34,Classic,12,Switched provider,No promo
2201,False,Referral,Wales & NI,25-34,Classic,21,Poor service,No promo
2216,True,Comparison Site,South East,65+,Classic,2,Fees too high,Joined on promo
2218,True,Online,North,35-44,Classic,3,Fees too high,Joined on promo
2221,True,Comparison Site,South East,25-34,Silver,7,Moved abroad,Joined on promo
2232,True,Comparison Site,London,35-44,Classic,3,Moved abroad,Joined on promo
2233,True,Comparison Site,Midlands,18-24,Silver,2,Fees too high,Joined on promo
2244,False,Online,North,25-34,Classic,5,Unknown,No promo
2250,False,Referral,London,65+,Silver,6,Moved abroad,No promo
2252,False,Online,South East,18-24,Classic,10,Poor service,No promo
2253,True,Comparison Site,London,45-54,Silver,22,Fees too high,Joined on promo
2254,True,Comparison Site,London,65+,Silver,7,Poor service,Joined on promo
2258,True,Online,Scotland,45-54,Classic,8,Unknown,Joined on promo
2259,False,Comparison Site,Scotland,35-44,Classic,2,Poor service,No promo
2262,False,Comparison Site,Midlands,65+,Silver,2,Poor service,No promo
2263,False,Branch,Scotland,25-34,Gold,12,Unhappy with perks,No promo
2265,False,Online,London,45-54,Silver,26,Moved abroad,No promo
2267,False,Online,North,45-54,Silver,24,Poor service,No promo
2268,False,Online,London,25-34,Silver,8,Poor service,No promo
2280,False,Referral,North,25-34,Silver,20,Switched provider,No promo
2281,False,Online,Scotland,35-44,Classic,3,Poor service,No promo
2285,False,Referral,London,25-34,Classic,2,Switched provider,No promo
2286,False,Outbound,Wales & NI,18-24,Gold,17,Unhappy with perks,No promo
2287,False,Comparison Site,London,25-34,Silver,15,Fees too high,No promo
2288,False,Comparison Site,Midlands,65+,Gold,16,Unknown,No promo
2291,False,Branch,North,35-44,Gold,10,Poor service,No promo
2292,True,Comparison Site,Midlands,55-64,Silver,23,Fees too high,Joined on promo
2294,False,Online,London,25-34,Classic,5,Poor service,No promo
2296,False,Comparison Site,Wales & NI,55-64,Silver,22,Unknown,No promo
2297,False,Comparison Site,South East,25-34,Silver,11,Poor service,No promo
2301,True,Comparison Site,North,55-64,Classic,5,Unknown,Joined on promo
2302,False,Comparison Site,South East,25-34,Silver,8,Unknown,No promo
2303,False,Branch,Midlands,45-54,Gold,11,Unhappy with perks,No promo
2305,False,Comparison Site,London,45-54,Silver,9,Poor service,No promo
2306,True,Comparison Site,South East,18-24,Classic,1,Fees too high,Joined on promo
2309,True,Online,South East,65+,Classic,23,Switched provider,Joined on promo
2311,False,Comparison Site,North,25-34,Classic,17,Unknown,No promo
2313,True,Branch,South East,45-54,Classic,3,Moved abroad,Joined on promo
2316,False,Online,Scotland,25-34,Classic,5,Poor service,No promo
2317,False,Comparison Site,London,35-44,Silver,6,Switched provider,No promo
2318,False,Comparison Site,Wales & NI,55-64,Classic,16,Fees too high,No promo
2320,False,Outbound,North,18-24,Gold,15,Unknown,No promo
2326,False,Branch,Scotland,35-44,Gold,1,Fees too high,No promo
2327,True,Comparison Site,London,35-44,Classic,21,Moved abroad,Joined on promo
2331,False,Online,South East,18-24,Gold,8,Unhappy with perks,No promo
2332,True,Outbound,Midlands,55-64,Silver,16,Fees too high,Joined on promo
2334,False,Online,Midlands,18-24,Silver,15,Switched provider,No promo
2337,False,Outbound,North,25-34,Silver,25,Switched provider,No promo
2338,True,Online,Midlands,18-24,Silver,24,Poor service,Joined on promo
2340,True,Comparison Site,North,25-34,Classic,10,Fees too high,Joined on promo
2346,True,Comparison Site,North,25-34,Silver,7,Unknown,Joined on promo
2349,True,Online,South East,45-54,Platinum,2,Unknown,Joined on promo
2350,True,Online,Midlands,25-34,Classic,9,Fees too high,Joined on promo
2358,False,Outbound,South East,35-44,Classic,2,Poor service,No promo
2363,False,Comparison Site,Scotland,45-54,Classic,15,Bereavement,No promo
2367,False,Online,North,45-54,Classic,4,Unknown,No promo
2370,False,Broker/IFA,London,35-44,Gold,20,Unknown,No promo
2372,True,Comparison Site,South East,35-44,Classic,11,Switched provider,Joined on promo
2373,False,Online,South East,65+,Silver,22,Fees too high,No promo
2375,True,Online,Scotland,45-54,Classic,7,Switched provider,Joined on promo
2381,False,Comparison Site,North,55-64,Classic,26,Switched provider,No promo
2383,False,Referral,Scotland,45-54,Platinum,12,Switched provider,No promo
2384,False,Comparison Site,London,55-64,Silver,12,Fees too high,No promo
2387,True,Referral,North,25-34,Gold,16,Fees too high,Joined on promo
2389,True,Online,North,18-24,Classic,7,Fees too high,Joined on promo
2390,True,Comparison Site,South East,25-34,Silver,9,Poor service,Joined on promo
2391,False,Outbound,North,55-64,Gold,13,Fees too high,No promo
2392,True,Branch,Wales & NI,45-54,Gold,2,Fees too high,Joined on promo
2395,False,Comparison Site,Midlands,18-24,Silver,1,Poor service,No promo
2396,True,Comparison Site,Wales & NI,35-44,Classic,7,Poor service,Joined on promo
2399,False,Referral,North,65+,Platinum,11,Poor service,No promo
2403,True,Comparison Site,Midlands,25-34,Classic,4,Fees too high,Joined on promo
2404,False,Broker/IFA,North,35-44,Gold,5,Poor service,No promo
2406,False,Outbound,Wales & NI,18-24,Silver,26,Moved abroad,No promo
2407,False,Online,Scotland,18-24,Platinum,5,Bereavement,No promo
2414,False,Broker/IFA,North,25-34,Silver,12,Switched provider,No promo
2415,True,Online,London,35-44,Classic,7,Fees too high,Joined on promo
2416,False,Broker/IFA,Midlands,65+,Silver,3,Fees too high,No promo
2421,False,Outbound,Midlands,25-34,Gold,15,Unhappy with perks,No promo
2425,False,Comparison Site,South East,25-34,Classic,15,Poor service,No promo
2431,True,Referral,Midlands,65+,Gold,5,Fees too high,Joined on promo
2437,True,Outbound,London,45-54,Silver,24,Fees too high,Joined on promo
2438,False,Branch,South East,45-54,Classic,5,Poor service,No promo
2439,True,Comparison Site,South East,35-44,Silver,22,Unknown,Joined on promo
2441,True,Outbound,Midlands,45-54,Silver,1,Fees too high,Joined on promo
2444,False,Online,London,55-64,Silver,5,Moved abroad,No promo
2445,True,Comparison Site,South East,25-34,Classic,1,Fees too high,Joined on promo
2451,True,Outbound,Scotland,25-34,Gold,1,Unhappy with perks,Joined on promo
2455,False,Online,South East,25-34,Silver,27,Poor service,No promo
2458,False,Broker/IFA,Midlands,35-44,Platinum,19,Unknown,No promo
2459,True,Outbound,London,25-34,Classic,7,Fees too high,Joined on promo
2465,False,Online,South East,18-24,Silver,10,Switched provider,No promo
2472,False,Comparison Site,Midlands,18-24,Classic,1,Poor service,No promo
2475,False,Comparison Site,North,55-64,Silver,8,Unknown,No promo
2476,True,Online,London,35-44,Classic,3,Fees too high,Joined on promo
2477,True,Comparison Site,Scotland,35-44,Classic,7,Fees too high,Joined on promo
2479,True,Outbound,Midlands,65+,Silver,22,Fees too high,Joined on promo
2482,False,Branch,London,35-44,Gold,4,Unhappy with perks,No promo
2486,True,Comparison Site,Midlands,45-54,Classic,7,Fees too high,Joined on promo
2487,True,Comparison Site,London,18-24,Silver,11,Poor service,Joined on promo
2490,False,Comparison Site,London,35-44,Classic,9,Unknown,No promo
2495,False,Referral,London,45-54,Silver,3,Fees too high,No promo
2496,True,Outbound,London,25-34,Classic,27,Fees too high,Joined on promo
2501,False,Comparison Site,North,45-54,Classic,22,Fees too high,No promo
2505,True,Comparison Site,Wales & NI,45-54,Classic,21,Poor service,Joined on promo
2506,False,Referral,North,25-34,Gold,19,Fees too high,No promo
2510,True,Comparison Site,Wales & NI,45-54,Gold,19,Fees too high,Joined on promo
2512,True,Comparison Site,Scotland,45-54,Silver,2,Fees too high,Joined on promo
2513,False,Comparison Site,North,35-44,Classic,13,Poor service,No promo
2515,False,Comparison Site,London,45-54,Classic,4,Poor service,No promo
2517,False,Broker/IFA,North,65+,Silver,17,Unhappy with perks,No promo
2518,True,Comparison Site,North,35-44,Classic,11,Fees too high,Joined on promo
2523,True,Comparison Site,London,45-54,Silver,7,Fees too high,Joined on promo
2524,True,Comparison Site,Midlands,35-44,Classic,26,Fees too high,Joined on promo
2525,True,Comparison Site,Midlands,55-64,Classic,2,Fees too high,Joined on promo
2527,True,Outbound,London,45-54,Classic,1,Fees too high,Joined on promo
2531,False,Online,London,45-54,Platinum,8,Switched provider,No promo
2532,False,Outbound,South East,45-54,Silver,1,Moved abroad,No promo
2535,True,Comparison Site,London,55-64,Classic,4,Moved abroad,Joined on promo
2539,True,Comparison Site,London,35-44,Classic,5,Poor service,Joined on promo
2540,True,Comparison Site,London,18-24,Gold,7,Fees too high,Joined on promo
2545,False,Online,Midlands,65+,Classic,2,Poor service,No promo
2546,True,Online,North,35-44,Classic,11,Fees too high,Joined on promo
2552,False,Comparison Site,Scotland,55-64,Classic,21,Poor service,No promo
2556,False,Outbound,Wales & NI,25-34,Gold,25,Moved abroad,No promo
2563,False,Outbound,Midlands,35-44,Gold,23,Poor service,No promo
2565,True,Branch,London,35-44,Silver,13,Fees too high,Joined on promo
2570,True,Online,London,25-34,Classic,24,Fees too high,Joined on promo
2571,True,Comparison Site,London,35-44,Silver,2,Poor service,Joined on promo
2573,False,Online,South East,25-34,Classic,5,Unknown,No promo
2580,False,Outbound,Scotland,45-54,Silver,27,Unknown,No promo
2582,False,Referral,South East,35-44,Gold,24,Unknown,No promo
2583,True,Comparison Site,London,25-34,Classic,17,Unknown,Joined on promo
2588,True,Comparison Site,London,35-44,Classic,5,Poor service,Joined on promo
2590,False,Outbound,Midlands,18-24,Gold,7,Unknown,No promo
2593,False,Comparison Site,North,25-34,Classic,19,Moved abroad,No promo
2595,True,Online,Scotland,45-54,Gold,18,Fees too high,Joined on promo
2597,True,Comparison Site,North,18-24,Classic,7,Switched provider,Joined on promo
2601,False,Branch,South East,55-64,Classic,1,Bereavement,No promo
2605,False,Outbound,Midlands,55-64,Classic,15,Poor service,No promo
2614,False,Broker/IFA,North,45-54,Gold,11,Poor service,No promo
2620,False,Comparison Site,South East,55-64,Silver,14,Unknown,No promo
2623,True,Branch,North,25-34,Silver,8,Fees too high,Joined on promo
2624,False,Online,South East,45-54,Gold,16,Fees too high,No promo
2626,True,Comparison Site,Wales & NI,18-24,Classic,7,Fees too high,Joined on promo
2631,True,Outbound,Midlands,45-54,Silver,1,Fees too high,Joined on promo
2634,True,Comparison Site,London,25-34,Gold,3,Fees too high,Joined on promo
2641,False,Comparison Site,London,25-34,Gold,1,Switched provider,No promo
2643,False,Online,South East,25-34,Silver,18,Fees too high,No promo
2644,True,Comparison Site,North,65+,Silver,12,Moved abroad,Joined on promo
2647,True,Comparison Site,Scotland,55-64,Classic,9,Fees too high,Joined on promo
2648,False,Outbound,London,35-44,Silver,11,Poor service,No promo
2651,False,Online,North,65+,Gold,17,Unhappy with perks,No promo
2656,False,Comparison Site,South East,45-54,Classic,1,Fees too high,No promo
2665,True,Comparison Site,London,35-44,Gold,25,Bereavement,Joined on promo
2666,False,Outbound,London,35-44,Gold,18,Unhappy with perks,No promo
2669,True,Online,North,18-24,Silver,7,Fees too high,Joined on promo
2674,False,Comparison Site,North,25-34,Classic,3,Unknown,No promo
2681,False,Branch,London,25-34,Silver,27,Unknown,No promo
2683,False,Broker/IFA,South East,65+,Silver,9,Fees too high,No promo
2686,False,Outbound,South East,45-54,Silver,10,Unhappy with perks,No promo
2687,False,Branch,Wales & NI,25-34,Classic,9,Poor service,No promo
2692,False,Online,Scotland,18-24,Silver,20,Switched provider,No promo
2694,False,Online,London,65+,Classic,9,Switched provider,No promo
2698,True,Online,South East,35-44,Classic,3,Poor service,Joined on promo
2700,True,Comparison Site,Wales & NI,55-64,Classic,3,Fees too high,Joined on promo
2702,False,Comparison Site,Midlands,35-44,Classic,1,Unknown,No promo
2703,False,Outbound,London,35-44,Platinum,2,Unknown,No promo
2704,True,Outbound,London,18-24,Silver,7,Fees too high,Joined on promo
2709,True,Comparison Site,Midlands,65+,Classic,22,Moved abroad,Joined on promo
2710,False,Comparison Site,London,18-24,Classic,11,Fees too high,No promo
2712,False,Online,London,18-24,Classic,9,Poor service,No promo
2716,True,Comparison Site,London,55-64,Classic,17,Fees too high,Joined on promo
2719,True,Outbound,South East,25-34,Silver,4,Fees too high,Joined on promo
2721,True,Comparison Site,North,55-64,Gold,11,Switched provider,Joined on promo
2722,True,Outbound,London,35-44,Gold,20,Fees too high,Joined on promo
2723,True,Online,North,35-44,Silver,26,Fees too high,Joined on promo
2725,False,Referral,London,35-44,Classic,16,Bereavement,No promo
2726,True,Comparison Site,North,65+,Classic,5,Switched provider,Joined on promo
2728,True,Online,Midlands,65+,Classic,10,Unknown,Joined on promo
2729,True,Comparison Site,North,25-34,Classic,26,Fees too high,Joined on promo
2730,False,Online,North,35-44,Silver,12,Unknown,No promo
2733,True,Comparison Site,Scotland,55-64,Silver,7,Fees too high,Joined on promo
2739,True,Comparison Site,South East,45-54,Classic,27,Fees too high,Joined on promo
2741,False,Comparison Site,South East,35-44,Gold,2,Poor service,No promo
2745,False,Outbound,North,25-34,Classic,24,Poor service,No promo
2750,True,Online,Midlands,35-44,Silver,2,Fees too high,Joined on promo
2753,False,Outbound,Midlands,25-34,Silver,9,Poor service,No promo
2754,True,Comparison Site,Midlands,35-44,Classic,17,Switched provider,Joined on promo
2756,True,Comparison Site,Midlands,35-44,Classic,11,Fees too high,Joined on promo
2758,False,Branch,Scotland,65+,Classic,26,Bereavement,No promo
2760,False,Online,London,65+,Classic,21,Unknown,No promo
2764,True,Outbound,London,18-24,Silver,21,Unknown,Joined on promo
2776,True,Outbound,North,25-34,Gold,1,Fees too high,Joined on promo
2777,True,Outbound,Wales & NI,45-54,Classic,4,Fees too high,Joined on promo
2780,True,Outbound,London,45-54,Gold,25,Fees too high,Joined on promo
2781,False,Branch,Midlands,35-44,Silver,14,Poor service,No promo
2783,True,Comparison Site,South East,45-54,Silver,1,Unknown,Joined on promo
2784,False,Online,London,45-54,Silver,11,Unknown,No promo
2789,False,Online,London,45-54,Classic,11,Poor service,No promo
2795,False,Comparison Site,Midlands,25-34,Classic,17,Fees too high,No promo
2799,True,Comparison Site,South East,45-54,Silver,24,Unknown,Joined on promo
2801,True,Comparison Site,North,25-34,Classic,5,Poor service,Joined on promo
2802,True,Outbound,South East,45-54,Silver,22,Fees too high,Joined on promo
2803,False,Comparison Site,Midlands,35-44,Silver,17,Poor service,No promo
2807,False,Online,North,65+,Classic,1,Poor service,No promo
2810,True,Comparison Site,South East,35-44,Classic,7,Switched provider,Joined on promo
2812,True,Online,North,25-34,Silver,5,Fees too high,Joined on promo
2813,False,Online,South East,25-34,Silver,12,Switched provider,No promo
2814,True,Comparison Site,North,45-54,Silver,7,Fees too high,Joined on promo
2817,False,Referral,North,35-44,Gold,15,Unhappy with perks,No promo
2819,False,Online,Scotland,65+,Classic,22,Fees too high,No promo
2820,True,Online,South East,45-54,Classic,7,Moved abroad,Joined on promo
2823,False,Branch,North,25-34,Gold,12,Switched provider,No promo
2825,False,Outbound,South East,18-24,Silver,3,Unknown,No promo
2833,True,Comparison Site,Midlands,25-34,Classic,2,Fees too high,Joined on promo
2840,False,Referral,Midlands,55-64,Silver,11,Bereavement,No promo
2841,False,Branch,North,35-44,Gold,27,Unknown,No promo
2851,True,Comparison Site,North,45-54,Classic,7,Poor service,Joined on promo
2855,True,Outbound,Midlands,55-64,Classic,11,Fees too high,Joined on promo
2858,True,Outbound,London,18-24,Classic,2,Moved abroad,Joined on promo
2861,True,Online,South East,25-34,Classic,8,Fees too high,Joined on promo
2868,False,Comparison Site,Wales & NI,18-24,Classic,3,Fees too high,No promo
2873,False,Broker/IFA,London,45-54,Gold,19,Switched provider,No promo
2876,True,Comparison Site,London,45-54,Silver,23,Fees too high,Joined on promo
2879,False,Comparison Site,Midlands,55-64,Classic,1,Poor service,No promo
2881,False,Broker/IFA,Midlands,18-24,Gold,7,Poor service,No promo
2882,True,Branch,South East,25-34,Silver,1,Poor service,Joined on promo
2883,False,Comparison Site,South East,55-64,Silver,1,Unknown,No promo
2884,True,Comparison Site,North,45-54,Silver,10,Poor service,Joined on promo
2889,False,Outbound,London,25-34,Silver,3,Unknown,No promo
2891,False,Broker/IFA,Scotland,35-44,Gold,13,Unhappy with perks,No promo
2892,False,Online,North,35-44,Classic,4,Switched provider,No promo
2893,False,Online,Scotland,25-34,Gold,9,Fees too high,No promo
2894,False,Branch,Midlands,45-54,Silver,17,Poor service,No promo
2896,True,Online,London,25-34,Classic,5,Poor service,Joined on promo
2898,True,Comparison Site,North,55-64,Silver,6,Fees too high,Joined on promo
2904,False,Outbound,South East,45-54,Gold,11,Fees too high,No promo
2905,False,Online,London,35-44,Classic,1,Unknown,No promo
2907,True,Online,Wales & NI,18-24,Silver,16,Poor service,Joined on promo
2908,False,Online,North,18-24,Gold,15,Unknown,No promo
2909,False,Branch,South East,35-44,Gold,10,Poor service,No promo
2916,True,Online,Midlands,35-44,Classic,7,Fees too high,Joined on promo
2917,True,Comparison Site,Wales & NI,45-54,Classic,11,Fees too high,Joined on promo
2918,False,Outbound,Scotland,55-64,Gold,3,Unhappy with perks,No promo
2922,False,Comparison Site,Wales & NI,55-64,Classic,2,Bereavement,No promo
2923,False,Comparison Site,North,25-34,Classic,11,Fees too high,No promo
2925,True,Comparison Site,Wales & NI,25-34,Classic,6,Fees too high,Joined on promo
2926,False,Broker/IFA,Wales & NI,35-44,Gold,6,Switched provider,No promo
2933,False,Comparison Site,North,18-24,Classic,24,Switched provider,No promo
2934,True,Comparison Site,Midlands,35-44,Silver,6,Fees too high,Joined on promo
2936,True,Online,Scotland,45-54,Classic,14,Fees too high,Joined on promo
2937,False,Online,Wales & NI,55-64,Classic,2,Poor service,No promo
2938,True,Comparison Site,North,65+,Silver,12,Switched provider,Joined on promo
2939,True,Comparison Site,London,65+,Silver,7,Fees too high,Joined on promo
2940,True,Online,Midlands,55-64,Silver,4,Fees too high,Joined on promo
2941,False,Comparison Site,South East,25-34,Classic,2,Fees too high,No promo
2951,False,Comparison Site,Midlands,55-64,Classic,1,Unknown,No promo
2953,False,Outbound,London,45-54,Gold,1,Unknown,No promo
2955,True,Comparison Site,North,25-34,Classic,1,Unknown,Joined on promo
2960,False,Branch,Midlands,45-54,Gold,17,Fees too high,No promo
2961,False,Comparison Site,Midlands,25-34,Gold,1,Poor service,No promo
2962,False,Comparison Site,North,25-34,Classic,1,Unknown,No promo
2964,True,Outbound,Scotland,25-34,Classic,7,Fees too high,Joined on promo
2966,False,Outbound,Midlands,35-44,Silver,11,Unknown,No promo
2974,True,Comparison Site,London,25-34,Silver,15,Fees too high,Joined on promo
2975,True,Branch,South East,35-44,Classic,1,Fees too high,Joined on promo
2977,False,Branch,North,45-54,Silver,2,Moved abroad,No promo
2981,False,Branch,South East,25-34,Classic,2,Switched provider,No promo
2983,True,Comparison Site,Scotland,18-24,Classic,16,Switched provider,Joined on promo
2984,True,Online,London,65+,Classic,7,Poor service,Joined on promo
2985,False,Branch,South East,25-34,Silver,14,Unhappy with perks,No promo
2988,True,Comparison Site,North,55-64,Classic,8,Fees too high,Joined on promo
2989,False,Online,Midlands,55-64,Classic,4,Poor service,No promo
2990,False,Branch,North,35-44,Classic,25,Poor service,No promo
2994,False,Branch,Midlands,65+,Platinum,21,Fees too high,No promo
2995,False,Online,London,35-44,Silver,18,Unknown,No promo
3000,True,Comparison Site,London,45-54,Silver,7,Poor service,Joined on promo
3002,True,Outbound,London,45-54,Silver,15,Fees too high,Joined on promo
3006,True,Comparison Site,Scotland,45-54,Silver,7,Fees too high,Joined on promo
3012,True,Comparison Site,London,25-34,Gold,25,Unhappy with perks,Joined on promo
3013,True,Comparison Site,London,65+,Classic,4,Fees too high,Joined on promo
3016,False,Online,Midlands,35-44,Classic,4,Switched provider,No promo
3018,False,Online,South East,35-44,Classic,13,Switched provider,No promo
3020,True,Online,North,45-54,Classic,11,Fees too high,Joined on promo
3021,False,Outbound,South East,45-54,Silver,23,Fees too high,No promo
3026,False,Comparison Site,South East,25-34,Silver,2,Fees too high,No promo
3030,True,Referral,North,35-44,Silver,1,Fees too high,Joined on promo
3032,False,Online,South East,55-64,Classic,5,Poor service,No promo
3033,True,Comparison Site,North,65+,Classic,6,Switched provider,Joined on promo
3035,True,Online,North,35-44,Gold,7,Fees too high,Joined on promo
3040,False,Comparison Site,North,35-44,Silver,3,Fees too high,No promo
3041,False,Comparison Site,Scotland,25-34,Classic,9,Switched provider,No promo
3044,False,Branch,London,55-64,Silver,2,Fees too high,No promo
3046,False,Referral,Midlands,25-34,Silver,20,Unhappy with perks,No promo
3047,False,Online,Wales & NI,35-44,Classic,21,Moved abroad,No promo
3051,False,Online,South East,25-34,Silver,8,Unknown,No promo
3053,True,Comparison Site,South East,25-34,Classic,7,Switched provider,Joined on promo
3055,True,Outbound,North,18-24,Classic,4,Unknown,Joined on promo
3056,False,Outbound,London,35-44,Classic,12,Switched provider,No promo
3058,True,Online,London,18-24,Classic,8,Poor service,Joined on promo
3059,True,Comparison Site,South East,25-34,Classic,7,Fees too high,Joined on promo
3067,False,Outbound,London,65+,Gold,15,Unhappy with perks,No promo
3069,False,Comparison Site,North,35-44,Silver,5,Switched provider,No promo
3073,True,Comparison Site,North,25-34,Classic,5,Unknown,Joined on promo
3074,False,Online,London,35-44,Gold,26,Poor service,No promo
3079,True,Online,Scotland,35-44,Classic,12,Fees too high,Joined on promo
3080,True,Online,Midlands,35-44,Gold,8,Fees too high,Joined on promo
3081,False,Outbound,London,25-34,Classic,4,Unknown,No promo
3086,False,Outbound,Midlands,25-34,Classic,4,Moved abroad,No promo
3088,False,Online,South East,25-34,Classic,1,Unknown,No promo
3091,False,Broker/IFA,London,18-24,Platinum,5,Unhappy with perks,No promo
3092,False,Branch,Midlands,45-54,Platinum,11,Unhappy with perks,No promo
3100,True,Comparison Site,Midlands,25-34,Classic,1,Fees too high,Joined on promo
3103,True,Comparison Site,Scotland,65+,Silver,25,Fees too high,Joined on promo
3104,True,Outbound,London,45-54,Classic,14,Bereavement,Joined on promo
3106,False,Online,North,35-44,Gold,1,Switched provider,No promo
3108,True,Comparison Site,London,55-64,Classic,4,Unknown,Joined on promo
3109,False,Referral,Midlands,25-34,Gold,24,Unhappy with perks,No promo
3110,False,Online,Midlands,18-24,Silver,1,Poor service,No promo
3112,False,Referral,South East,25-34,Gold,10,Moved abroad,No promo
3113,True,Comparison Site,London,55-64,Silver,16,Fees too high,Joined on promo
3114,False,Branch,South East,35-44,Gold,25,Poor service,No promo
3117,False,Online,North,45-54,Classic,14,Unknown,No promo
3119,True,Online,Wales & NI,35-44,Silver,12,Switched provider,Joined on promo
3121,False,Comparison Site,London,35-44,Gold,7,Poor service,No promo
3124,True,Broker/IFA,Wales & NI,35-44,Platinum,15,Switched provider,Joined on promo
3125,True,Comparison Site,North,35-44,Gold,7,Switched provider,Joined on promo
3129,True,Comparison Site,Scotland,25-34,Silver,1,Fees too high,Joined on promo
3132,False,Comparison Site,North,35-44,Silver,16,Switched provider,No promo
3136,False,Comparison Site,North,65+,Classic,11,Poor service,No promo
3137,True,Outbound,Midlands,55-64,Classic,2,Fees too high,Joined on promo
3140,True,Comparison Site,North,55-64,Silver,13,Switched provider,Joined on promo
3141,False,Comparison Site,Midlands,25-34,Silver,6,Switched provider,No promo
3144,True,Online,London,35-44,Gold,22,Unhappy with perks,Joined on promo
3146,False,Online,London,25-34,Classic,14,Poor service,No promo
3155,False,Branch,South East,45-54,Platinum,24,Poor service,No promo
3158,True,Comparison Site,North,18-24,Gold,16,Fees too high,Joined on promo
3159,False,Comparison Site,South East,18-24,Silver,4,Poor service,No promo
3160,False,Comparison Site,Midlands,35-44,Classic,13,Poor service,No promo
3161,False,Outbound,London,18-24,Silver,3,Poor service,No promo
3168,True,Comparison Site,Scotland,25-34,Gold,16,Fees too high,Joined on promo
3174,True,Branch,London,35-44,Gold,4,Fees too high,Joined on promo
3176,True,Comparison Site,Midlands,35-44,Classic,19,Fees too high,Joined on promo
3177,False,Online,London,25-34,Silver,4,Poor service,No promo
3180,True,Comparison Site,Wales & NI,25-34,Classic,1,Fees too high,Joined on promo
3183,False,Branch,South East,25-34,Gold,1,Unhappy with perks,No promo
3185,False,Comparison Site,Scotland,35-44,Silver,13,Fees too high,No promo
3189,False,Online,Midlands,45-54,Silver,20,Switched provider,No promo
3190,False,Branch,South East,65+,Silver,20,Unknown,No promo
3191,False,Comparison Site,Wales & NI,45-54,Classic,11,Fees too high,No promo
3192,False,Branch,South East,45-54,Gold,22,Unhappy with perks,No promo
3193,False,Comparison Site,Scotland,35-44,Silver,8,Switched provider,No promo
3195,True,Comparison Site,North,18-24,Classic,4,Fees too high,Joined on promo
3197,True,Comparison Site,Wales & NI,45-54,Classic,7,Fees too high,Joined on promo
3199,False,Online,South East,55-64,Classic,1,Unknown,No promo
3200,False,Online,Midlands,18-24,Platinum,17,Unhappy with perks,No promo
3201,False,Referral,South East,35-44,Silver,6,Switched provider,No promo
3204,False,Branch,London,25-34,Gold,6,Poor service,No promo
3207,True,Comparison Site,London,25-34,Silver,6,Fees too high,Joined on promo
3208,False,Referral,South East,45-54,Silver,11,Poor service,No promo
3212,True,Comparison Site,South East,18-24,Classic,1,Fees too high,Joined on promo
3213,True,Comparison Site,North,25-34,Classic,3,Poor service,Joined on promo
3214,False,Online,Wales & NI,45-54,Silver,20,Unknown,No promo
3217,False,Branch,Midlands,55-64,Classic,21,Bereavement,No promo
3218,False,Branch,Wales & NI,35-44,Classic,4,Unknown,No promo
3221,True,Comparison Site,London,18-24,Silver,6,Bereavement,Joined on promo
3224,True,Comparison Site,London,25-34,Silver,10,Switched provider,Joined on promo
3226,False,Comparison Site,South East,45-54,Classic,15,Fees too high,No promo
3228,False,Comparison Site,London,18-24,Gold,14,Poor service,No promo
3229,False,Outbound,Scotland,35-44,Silver,4,Poor service,No promo
3236,True,Online,Wales & NI,55-64,Gold,7,Poor service,Joined on promo
3240,False,Comparison Site,Midlands,18-24,Silver,16,Fees too high,No promo
3250,True,Comparison Site,North,35-44,Classic,9,Fees too high,Joined on promo
3251,True,Comparison Site,Midlands,35-44,Silver,9,Switched provider,Joined on promo
3254,False,Referral,Midlands,45-54,Classic,20,Unknown,No promo
3258,True,Comparison Site,South East,65+,Silver,13,Fees too high,Joined on promo
3261,False,Online,Midlands,55-64,Classic,3,Switched provider,No promo
3263,False,Referral,South East,45-54,Platinum,23,Poor service,No promo
3270,False,Outbound,Midlands,35-44,Silver,4,Switched provider,No promo
3278,False,Outbound,North,45-54,Silver,3,Unknown,No promo
3279,False,Comparison Site,London,35-44,Classic,7,Unknown,No promo
3280,False,Branch,London,35-44,Silver,3,Poor service,No promo
3282,False,Online,London,65+,Silver,20,Poor service,No promo
3283,False,Outbound,London,45-54,Silver,19,Unknown,No promo
3284,False,Referral,London,55-64,Silver,19,Poor service,No promo
3285,False,Outbound,North,45-54,Gold,12,Unhappy with perks,No promo
3289,False,Online,Midlands,55-64,Classic,1,Moved abroad,No promo
3292,True,Outbound,South East,35-44,Silver,1,Poor service,Joined on promo
3294,True,Comparison Site,North,45-54,Classic,7,Fees too high,Joined on promo
3296,True,Referral,Scotland,35-44,Gold,24,Fees too high,Joined on promo
3298,True,Comparison Site,North,45-54,Classic,2,Poor service,Joined on promo
3301,True,Comparison Site,Midlands,35-44,Classic,13,Fees too high,Joined on promo
3304,True,Comparison Site,South East,65+,Classic,13,Switched provider,Joined on promo
3314,True,Comparison Site,South East,55-64,Silver,1,Fees too high,Joined on promo
3315,False,Referral,Scotland,55-64,Gold,19,Unknown,No promo
3316,True,Online,London,25-34,Silver,1,Fees too high,Joined on promo
3321,True,Branch,Scotland,55-64,Platinum,2,Switched provider,Joined on promo
3326,False,Online,North,65+,Classic,6,Moved abroad,No promo
3327,True,Comparison Site,London,35-44,Silver,1,Fees too high,Joined on promo
3328,False,Online,Midlands,35-44,Silver,20,Moved abroad,No promo
3335,False,Branch,London,65+,Gold,12,Switched provider,No promo
3341,False,Broker/IFA,North,55-64,Gold,2,Moved abroad,No promo
3344,True,Comparison Site,London,55-64,Classic,2,Moved abroad,Joined on promo
3345,True,Comparison Site,London,55-64,Classic,7,Poor service,Joined on promo
3349,False,Comparison Site,North,35-44,Silver,20,Fees too high,No promo
3354,False,Referral,Midlands,18-24,Gold,16,Bereavement,No promo
3355,False,Referral,Scotland,18-24,Silver,12,Fees too high,No promo
3357,True,Branch,London,35-44,Gold,4,Switched provider,Joined on promo
3362,False,Branch,South East,55-64,Platinum,12,Moved abroad,No promo
3364,False,Broker/IFA,Scotland,35-44,Gold,23,Unknown,No promo
3367,False,Branch,Midlands,65+,Classic,14,Poor service,No promo
3370,False,Referral,Scotland,35-44,Classic,7,Bereavement,No promo
3371,True,Comparison Site,South East,45-54,Silver,6,Unknown,Joined on promo
3373,True,Comparison Site,North,45-54,Classic,5,Poor service,Joined on promo
3374,True,Referral,South East,55-64,Classic,13,Unknown,Joined on promo
3377,True,Comparison Site,Midlands,35-44,Classic,9,Switched provider,Joined on promo
3379,False,Online,South East,65+,Gold,6,Switched provider,No promo
3386,True,Outbound,North,45-54,Gold,21,Fees too high,Joined on promo
3387,False,Online,North,35-44,Silver,10,Poor service,No promo
3388,True,Online,London,18-24,Gold,2,Unhappy with perks,Joined on promo
3391,True,Outbound,Scotland,35-44,Platinum,22,Poor service,Joined on promo
3396,False,Branch,Wales & NI,25-34,Classic,24,Poor service,No promo
3397,True,Online,Midlands,25-34,Silver,7,Switched provider,Joined on promo
3399,False,Comparison Site,Midlands,25-34,Silver,3,Fees too high,No promo
3402,True,Comparison Site,Wales & NI,35-44,Classic,1,Fees too high,Joined on promo
3406,False,Referral,North,65+,Classic,14,Poor service,No promo
3409,False,Comparison Site,North,65+,Classic,3,Switched provider,No promo
3411,True,Outbound,Scotland,55-64,Classic,18,Unknown,Joined on promo
3418,False,Online,Wales & NI,55-64,Gold,23,Fees too high,No promo
3422,True,Comparison Site,London,35-44,Classic,2,Fees too high,Joined on promo
3425,True,Online,London,45-54,Silver,1,Poor service,Joined on promo
3427,False,Branch,London,45-54,Silver,16,Poor service,No promo
3428,False,Online,South East,65+,Silver,16,Switched provider,No promo
3429,False,Online,North,35-44,Classic,6,Switched provider,No promo
3430,False,Branch,Scotland,25-34,Classic,4,Switched provider,No promo
3431,False,Comparison Site,London,18-24,Silver,3,Fees too high,No promo
3432,True,Online,South East,25-34,Classic,9,Fees too high,Joined on promo
3438,True,Referral,North,35-44,Gold,8,Unknown,Joined on promo
3444,True,Comparison Site,South East,35-44,Classic,10,Switched provider,Joined on promo
3445,False,Referral,London,25-34,Silver,7,Unknown,No promo
3448,False,Referral,North,55-64,Silver,22,Unknown,No promo
3449,False,Online,Scotland,18-24,Classic,19,Switched provider,No promo
3451,True,Online,London,65+,Silver,1,Fees too high,Joined on promo
3452,True,Comparison Site,North,65+,Classic,20,Fees too high,Joined on promo
3455,False,Branch,London,35-44,Silver,6,Fees too high,No promo
3458,False,Comparison Site,North,45-54,Silver,5,Poor service,No promo
3461,False,Branch,London,25-34,Gold,1,Switched provider,No promo
3462,False,Comparison Site,London,35-44,Gold,17,Unhappy with perks,No promo
3464,False,Outbound,North,65+,Classic,22,Bereavement,No promo
3465,False,Online,Midlands,35-44,Silver,3,Moved abroad,No promo
3472,True,Comparison Site,London,65+,Classic,16,Switched provider,Joined on promo
3473,True,Comparison Site,London,45-54,Classic,1,Poor service,Joined on promo
3474,False,Branch,North,18-24,Silver,6,Poor service,No promo
3475,False,Online,London,18-24,Platinum,18,Unhappy with perks,No promo
3480,False,Online,South East,35-44,Silver,9,Unknown,No promo
3481,False,Broker/IFA,South East,55-64,Gold,22,Switched provider,No promo
3483,True,Outbound,North,25-34,Silver,7,Fees too high,Joined on promo
3485,False,Comparison Site,London,25-34,Classic,6,Poor service,No promo
3487,False,Online,Midlands,35-44,Classic,20,Poor service,No promo
3488,False,Outbound,North,25-34,Gold,16,Switched provider,No promo
3490,True,Branch,Wales & NI,45-54,Silver,24,Moved abroad,Joined on promo
3495,False,Branch,North,35-44,Classic,8,Poor service,No promo
3502,False,Comparison Site,Midlands,55-64,Silver,4,Poor service,No promo
3503,True,Comparison Site,Midlands,25-34,Classic,6,Poor service,Joined on promo
3504,False,Branch,North,25-34,Gold,1,Unhappy with perks,No promo
3505,False,Referral,Midlands,35-44,Silver,2,Switched provider,No promo
3506,False,Referral,Wales & NI,65+,Classic,12,Fees too high,No promo
3507,False,Comparison Site,South East,45-54,Gold,20,Unknown,No promo
3518,True,Outbound,London,35-44,Silver,20,Unhappy with perks,Joined on promo
3526,False,Referral,North,25-34,Silver,22,Moved abroad,No promo
3528,True,Comparison Site,London,55-64,Silver,8,Bereavement,Joined on promo
3532,False,Online,Scotland,35-44,Silver,7,Poor service,No promo
3534,True,Outbound,Scotland,25-34,Classic,23,Fees too high,Joined on promo
3535,True,Comparison Site,North,65+,Silver,3,Fees too high,Joined on promo
3536,False,Online,North,25-34,Platinum,23,Poor service,No promo
3537,False,Branch,London,35-44,Gold,9,Switched provider,No promo
3541,True,Online,North,35-44,Classic,7,Fees too high,Joined on promo
3542,False,Referral,South East,45-54,Silver,2,Bereavement,No promo
3543,False,Comparison Site,South East,45-54,Classic,11,Fees too high,No promo
3544,True,Comparison Site,North,45-54,Silver,6,Fees too high,Joined on promo
3547,True,Comparison Site,Wales & NI,35-44,Classic,15,Fees too high,Joined on promo
3550,False,Comparison Site,South East,65+,Classic,4,Fees too high,No promo
3552,True,Online,South East,25-34,Silver,2,Switched provider,Joined on promo
3554,False,Online,Wales & NI,18-24,Silver,2,Poor service,No promo
3558,True,Comparison Site,South East,55-64,Silver,2,Fees too high,Joined on promo
3563,False,Comparison Site,London,65+,Gold,1,Fees too high,No promo
3567,True,Comparison Site,North,35-44,Silver,7,Unknown,Joined on promo
3568,True,Outbound,Midlands,45-54,Classic,1,Fees too high,Joined on promo
3570,True,Comparison Site,North,35-44,Gold,9,Poor service,Joined on promo
3574,False,Online,Scotland,55-64,Classic,4,Switched provider,No promo
3576,True,Comparison Site,Wales & NI,55-64,Silver,8,Fees too high,Joined on promo
3578,False,Referral,Midlands,25-34,Gold,16,Moved abroad,No promo
3584,True,Comparison Site,Wales & NI,18-24,Silver,2,Fees too high,Joined on promo
3585,True,Outbound,North,18-24,Silver,5,Fees too high,Joined on promo
3586,False,Branch,Scotland,25-34,Classic,4,Moved abroad,No promo
3589,True,Comparison Site,Scotland,25-34,Classic,8,Poor service,Joined on promo
3590,True,Comparison Site,South East,55-64,Classic,7,Switched provider,Joined on promo
3601,False,Online,London,35-44,Classic,9,Poor service,No promo
3602,True,Outbound,Scotland,25-34,Classic,7,Fees too high,Joined on promo
3604,True,Comparison Site,Midlands,25-34,Silver,21,Fees too high,Joined on promo
3608,False,Outbound,Scotland,35-44,Classic,9,Unknown,No promo
3612,True,Outbound,Scotland,35-44,Classic,10,Fees too high,Joined on promo
3613,True,Broker/IFA,London,45-54,Silver,17,Fees too high,Joined on promo
3615,True,Outbound,London,65+,Classic,14,Fees too high,Joined on promo
3619,True,Comparison Site,Scotland,45-54,Classic,12,Fees too high,Joined on promo
3623,True,Branch,North,35-44,Gold,2,Fees too high,Joined on promo
3625,False,Comparison Site,London,55-64,Platinum,13,Switched provider,No promo
3626,True,Comparison Site,South East,35-44,Classic,10,Fees too high,Joined on promo
3627,False,Comparison Site,North,25-34,Classic,17,Unknown,No promo
3629,False,Outbound,North,18-24,Silver,12,Fees too high,No promo
3633,True,Online,North,45-54,Silver,21,Fees too high,Joined on promo
3638,True,Comparison Site,North,35-44,Classic,2,Fees too high,Joined on promo
3639,False,Comparison Site,London,35-44,Classic,1,Poor service,No promo
3642,True,Comparison Site,North,35-44,Silver,24,Moved abroad,Joined on promo
3643,False,Referral,South East,35-44,Gold,2,Unhappy with perks,No promo
3646,False,Referral,London,18-24,Silver,6,Poor service,No promo
3649,False,Comparison Site,Wales & NI,25-34,Silver,11,Fees too high,No promo
3652,True,Comparison Site,South East,45-54,Classic,2,Poor service,Joined on promo
3654,False,Online,South East,55-64,Silver,11,Unknown,No promo
3655,True,Outbound,Scotland,25-34,Silver,20,Fees too high,Joined on promo
3659,True,Comparison Site,Scotland,35-44,Classic,8,Fees too high,Joined on promo
3660,False,Branch,South East,25-34,Classic,18,Poor service,No promo
3661,True,Comparison Site,South East,35-44,Silver,5,Switched provider,Joined on promo
3664,False,Comparison Site,South East,45-54,Gold,17,Switched provider,No promo
3665,True,Comparison Site,North,55-64,Classic,4,Fees too high,Joined on promo
3666,True,Outbound,London,55-64,Classic,11,Fees too high,Joined on promo
3669,True,Comparison Site,London,18-24,Classic,4,Fees too high,Joined on promo
3670,True,Comparison Site,Midlands,35-44,Gold,20,Fees too high,Joined on promo
3675,False,Online,Wales & NI,35-44,Classic,21,Poor service,No promo
3678,False,Online,North,35-44,Classic,9,Switched provider,No promo
3680,True,Comparison Site,London,25-34,Classic,1,Fees too high,Joined on promo
3682,False,Online,Midlands,25-34,Gold,3,Poor service,No promo
3684,True,Comparison Site,Midlands,25-34,Silver,5,Fees too high,Joined on promo
3685,False,Online,South East,25-34,Classic,22,Poor service,No promo
3691,False,Online,South East,35-44,Gold,1,Poor service,No promo
3692,False,Referral,South East,18-24,Silver,17,Switched provider,No promo
3695,False,Branch,Midlands,35-44,Gold,9,Fees too high,No promo
3697,True,Comparison Site,London,55-64,Classic,1,Bereavement,Joined on promo
3702,True,Referral,London,25-34,Classic,7,Fees too high,Joined on promo
3703,True,Online,London,65+,Silver,20,Unhappy with perks,Joined on promo
3705,False,Online,Midlands,25-34,Classic,12,Switched provider,No promo
3706,False,Branch,North,18-24,Classic,2,Unknown,No promo
3708,False,Online,South East,45-54,Gold,11,Poor service,No promo
3714,False,Branch,London,25-34,Gold,9,Unhappy with perks,No promo
3715,True,Online,North,35-44,Gold,24,Unhappy with perks,Joined on promo
3718,True,Comparison Site,Midlands,55-64,Gold,3,Fees too high,Joined on promo
3719,False,Outbound,Wales & NI,35-44,Silver,1,Switched provider,No promo
3720,True,Outbound,London,35-44,Gold,19,Fees too high,Joined on promo
3726,False,Online,North,18-24,Classic,3,Unknown,No promo
3728,True,Online,South East,25-34,Silver,3,Unknown,Joined on promo
3729,False,Branch,London,35-44,Classic,2,Poor service,No promo
3732,True,Outbound,London,35-44,Silver,17,Switched provider,Joined on promo
3736,True,Outbound,North,65+,Silver,4,Moved abroad,Joined on promo
3737,False,Online,North,25-34,Classic,7,Moved abroad,No promo
3739,True,Comparison Site,North,35-44,Classic,11,Fees too high,Joined on promo
3740,False,Comparison Site,South East,25-34,Classic,11,Fees too high,No promo
3743,True,Outbound,South East,45-54,Silver,16,Fees too high,Joined on promo
3745,True,Comparison Site,North,25-34,Silver,15,Fees too high,Joined on promo
3746,False,Outbound,London,25-34,Silver,11,Poor service,No promo
3749,True,Online,South East,55-64,Silver,14,Poor service,Joined on promo
3751,False,Comparison Site,Midlands,55-64,Classic,13,Fees too high,No promo
3757,True,Comparison Site,London,25-34,Classic,7,Fees too high,Joined on promo
3758,True,Comparison Site,North,45-54,Classic,3,Switched provider,Joined on promo
3760,True,Comparison Site,Midlands,45-54,Classic,9,Switched provider,Joined on promo
3768,False,Online,South East,35-44,Silver,14,Fees too high,No promo
3770,False,Branch,Scotland,65+,Platinum,13,Moved abroad,No promo
3771,True,Comparison Site,Midlands,18-24,Classic,13,Fees too high,Joined on promo
3775,True,Outbound,North,25-34,Gold,21,Unhappy with perks,Joined on promo
3776,False,Comparison Site,South East,25-34,Gold,18,Unhappy with perks,No promo
3777,True,Online,London,18-24,Silver,1,Poor service,Joined on promo
3778,True,Comparison Site,North,35-44,Classic,7,Fees too high,Joined on promo
3779,False,Outbound,South East,65+,Classic,7,Unknown,No promo
3783,False,Comparison Site,Scotland,35-44,Classic,4,Switched provider,No promo
3784,True,Comparison Site,North,25-34,Classic,1,Switched provider,Joined on promo
3785,False,Outbound,Midlands,25-34,Classic,16,Poor service,No promo
3786,False,Outbound,South East,35-44,Classic,10,Poor service,No promo
3799,False,Comparison Site,North,25-34,Classic,13,Fees too high,No promo
3800,False,Comparison Site,Wales & NI,35-44,Gold,3,Fees too high,No promo
3808,False,Online,Scotland,45-54,Silver,4,Unknown,No promo
3810,True,Comparison Site,London,18-24,Silver,2,Fees too high,Joined on promo
3811,True,Outbound,South East,25-34,Silver,16,Fees too high,Joined on promo
3813,False,Online,South East,25-34,Gold,17,Unknown,No promo
3818,True,Comparison Site,North,25-34,Classic,20,Fees too high,Joined on promo
3822,False,Referral,Midlands,25-34,Gold,2,Unhappy with perks,No promo
3823,False,Online,South East,45-54,Silver,1,Poor service,No promo
3825,False,Outbound,Midlands,25-34,Classic,3,Bereavement,No promo
3828,True,Comparison Site,South East,35-44,Silver,7,Unknown,Joined on promo
3831,False,Online,South East,65+,Silver,2,Poor service,No promo
3834,False,Outbound,London,18-24,Classic,3,Bereavement,No promo
3836,False,Online,London,55-64,Classic,3,Poor service,No promo
3845,False,Referral,Scotland,25-34,Gold,2,Fees too high,No promo
3846,True,Outbound,Wales & NI,25-34,Classic,3,Poor service,Joined on promo
3849,False,Referral,Scotland,18-24,Gold,11,Switched provider,No promo
3854,True,Outbound,North,35-44,Silver,2,Switched provider,Joined on promo
3855,False,Referral,London,55-64,Classic,2,Moved abroad,No promo
3858,True,Comparison Site,South East,25-34,Gold,14,Fees too high,Joined on promo
3860,False,Online,London,35-44,Classic,15,Poor service,No promo
3861,True,Comparison Site,Scotland,35-44,Classic,15,Unknown,Joined on promo
3863,True,Online,Midlands,25-34,Gold,21,Switched provider,Joined on promo
3866,False,Comparison Site,South East,18-24,Classic,7,Switched provider,No promo
3868,True,Comparison Site,London,45-54,Classic,9,Fees too high,Joined on promo
3869,False,Online,Wales & NI,18-24,Platinum,15,Unhappy with perks,No promo
3874,True,Comparison Site,Scotland,45-54,Silver,14,Fees too high,Joined on promo
3875,False,Referral,London,55-64,Platinum,22,Bereavement,No promo
3879,True,Comparison Site,Wales & NI,45-54,Classic,1,Switched provider,Joined on promo
3882,True,Online,London,55-64,Classic,1,Poor service,Joined on promo
3883,True,Comparison Site,North,35-44,Silver,9,Fees too high,Joined on promo
3884,True,Comparison Site,South East,55-64,Classic,9,Switched provider,Joined on promo
3889,True,Comparison Site,North,45-54,Classic,24,Bereavement,Joined on promo
3890,False,Outbound,Midlands,35-44,Silver,19,Switched provider,No promo
3891,False,Broker/IFA,Scotland,25-34,Gold,12,Switched provider,No promo
3902,False,Comparison Site,South East,45-54,Classic,5,Fees too high,No promo
3904,True,Comparison Site,North,45-54,Classic,7,Fees too high,Joined on promo
3907,False,Outbound,Midlands,35-44,Classic,23,Poor service,No promo
3911,True,Comparison Site,Midlands,35-44,Classic,5,Bereavement,Joined on promo
3914,True,Outbound,South East,25-34,Classic,7,Fees too high,Joined on promo
3918,False,Comparison Site,South East,35-44,Silver,1,Moved abroad,No promo
3919,True,Comparison Site,North,25-34,Classic,6,Fees too high,Joined on promo
3927,False,Broker/IFA,Midlands,55-64,Silver,3,Unknown,No promo
3928,True,Online,Wales & NI,25-34,Gold,4,Switched provider,Joined on promo
3930,True,Outbound,Midlands,55-64,Classic,14,Fees too high,Joined on promo
3931,False,Online,North,45-54,Silver,11,Unknown,No promo
3935,False,Online,Midlands,18-24,Classic,18,Unknown,No promo
3936,False,Comparison Site,Midlands,25-34,Classic,5,Poor service,No promo
3937,True,Comparison Site,Scotland,45-54,Silver,10,Unknown,Joined on promo
3938,False,Broker/IFA,South East,45-54,Silver,12,Poor service,No promo
3939,True,Branch,London,25-34,Silver,24,Fees too high,Joined on promo
3942,True,Comparison Site,North,18-24,Silver,1,Fees too high,Joined on promo
3946,True,Comparison Site,London,25-34,Silver,4,Fees too high,Joined on promo
3948,False,Online,North,18-24,Silver,10,Unknown,No promo
3949,True,Comparison Site,London,25-34,Classic,5,Fees too high,Joined on promo
3950,False,Referral,Wales & NI,45-54,Silver,6,Fees too high,No promo
3952,False,Branch,South East,25-34,Gold,18,Moved abroad,No promo
3953,False,Comparison Site,London,35-44,Classic,10,Switched provider,No promo
3954,True,Comparison Site,South East,25-34,Classic,18,Poor service,Joined on promo
3955,False,Broker/IFA,Midlands,45-54,Gold,17,Unknown,No promo
3956,False,Comparison Site,Midlands,25-34,Classic,2,Poor service,No promo
3957,False,Online,London,25-34,Platinum,6,Unhappy with perks,No promo
3961,False,Online,London,35-44,Classic,7,Poor service,No promo
3967,True,Comparison Site,London,18-24,Classic,7,Fees too high,Joined on promo
3968,True,Comparison Site,Midlands,18-24,Silver,7,Fees too high,Joined on promo
3969,False,Referral,London,25-34,Gold,7,Moved abroad,No promo
3971,True,Comparison Site,London,65+,Classic,2,Fees too high,Joined on promo
3976,True,Comparison Site,South East,35-44,Silver,6,Unknown,Joined on promo
3977,True,Comparison Site,Wales & NI,25-34,Classic,14,Fees too high,Joined on promo
3979,False,Comparison Site,Scotland,55-64,Silver,5,Switched provider,No promo
3981,False,Comparison Site,Scotland,45-54,Silver,14,Switched provider,No promo
3992,False,Referral,South East,55-64,Gold,9,Fees too high,No promo
3993,True,Comparison Site,North,55-64,Classic,4,Poor service,Joined on promo
3996,False,Outbound,Midlands,45-54,Classic,4,Poor service,No promo
3999,False,Referral,Wales & NI,55-64,Classic,19,Unknown,No promo
4000,False,Online,London,45-54,Gold,3,Unhappy with perks,No promo
4009,False,Online,London,35-44,Gold,9,Unhappy with perks,No promo
4019,True,Referral,Scotland,45-54,Platinum,12,Poor service,Joined on promo
4020,False,Outbound,Midlands,18-24,Classic,8,Unknown,No promo
4021,False,Online,North,25-34,Classic,3,Poor service,No promo
4026,False,Online,Midlands,45-54,Gold,9,Fees too high,No promo
4027,False,Comparison Site,Midlands,35-44,Silver,19,Moved abroad,No promo
4031,True,Branch,South East,35-44,Classic,4,Moved abroad,Joined on promo
4033,True,Referral,Wales & NI,25-34,Classic,10,Fees too high,Joined on promo
4040,False,Branch,Midlands,45-54,Gold,12,Unhappy with perks,No promo
4041,False,Comparison Site,London,25-34,Classic,5,Fees too high,No promo
4042,False,Outbound,North,25-34,Classic,7,Moved abroad,No promo
4043,False,Referral,South East,18-24,Silver,15,Poor service,No promo
4051,False,Comparison Site,London,35-44,Silver,5,Fees too high,No promo
4054,True,Online,London,45-54,Silver,7,Fees too high,Joined on promo
4055,True,Outbound,London,25-34,Classic,1,Fees too high,Joined on promo
4057,False,Branch,Midlands,18-24,Classic,7,Poor service,No promo
4065,False,Online,Midlands,18-24,Silver,13,Bereavement,No promo
4070,True,Outbound,South East,45-54,Silver,2,Fees too high,Joined on promo
4071,False,Outbound,South East,45-54,Gold,19,Unhappy with perks,No promo
4072,True,Outbound,South East,35-44,Silver,5,Fees too high,Joined on promo
4080,True,Comparison Site,London,45-54,Gold,22,Switched provider,Joined on promo
4083,False,Branch,South East,55-64,Silver,10,Unknown,No promo
4084,True,Comparison Site,Midlands,45-54,Classic,2,Switched provider,Joined on promo
4085,False,Branch,Scotland,35-44,Platinum,21,Switched provider,No promo
4086,True,Comparison Site,Scotland,55-64,Gold,17,Fees too high,Joined on promo
4092,True,Online,London,55-64,Silver,3,Poor service,Joined on promo
4095,True,Comparison Site,North,18-24,Classic,7,Unknown,Joined on promo
4096,True,Comparison Site,South East,35-44,Classic,5,Switched provider,Joined on promo
4098,False,Online,London,65+,Classic,12,Poor service,No promo
4101,True,Online,North,45-54,Silver,13,Fees too high,Joined on promo
4104,True,Online,London,25-34,Platinum,23,Unhappy with perks,Joined on promo
4105,True,Outbound,Scotland,18-24,Classic,11,Poor service,Joined on promo
4107,False,Branch,Midlands,18-24,Classic,9,Switched provider,No promo
4109,False,Broker/IFA,South East,35-44,Classic,4,Unknown,No promo
4114,True,Comparison Site,London,65+,Silver,6,Fees too high,Joined on promo
4119,False,Referral,North,25-34,Silver,11,Poor service,No promo
4120,True,Online,Wales & NI,25-34,Classic,1,Unknown,Joined on promo
4122,False,Branch,Scotland,65+,Gold,10,Poor service,No promo
4124,True,Comparison Site,Scotland,65+,Classic,7,Poor service,Joined on promo
4128,False,Outbound,London,45-54,Silver,3,Unknown,No promo
4129,False,Branch,Wales & NI,55-64,Silver,23,Poor service,No promo
4131,True,Referral,London,35-44,Gold,3,Fees too high,Joined on promo
4132,False,Comparison Site,Wales & NI,35-44,Silver,1,Bereavement,No promo
4133,False,Referral,South East,35-44,Silver,3,Poor service,No promo
4135,True,Online,North,45-54,Silver,17,Bereavement,Joined on promo
4138,False,Branch,Scotland,25-34,Classic,2,Unknown,No promo
4141,False,Branch,South East,25-34,Silver,10,Switched provider,No promo
4148,False,Comparison Site,Midlands,45-54,Silver,1,Switched provider,No promo
4149,True,Online,South East,25-34,Silver,5,Switched provider,Joined on promo
4152,False,Comparison Site,North,35-44,Classic,9,Switched provider,No promo
4153,False,Outbound,Midlands,18-24,Silver,14,Unknown,No promo
4157,False,Comparison Site,North,65+,Classic,15,Fees too high,No promo
4159,True,Online,Midlands,35-44,Classic,7,Fees too high,Joined on promo
4164,True,Comparison Site,South East,45-54,Classic,4,Unknown,Joined on promo
4167,False,Outbound,Scotland,25-34,Classic,1,Poor service,No promo
4171,False,Branch,North,18-24,Gold,11,Unhappy with perks,No promo
4173,True,Comparison Site,London,25-34,Classic,20,Fees too high,Joined on promo
4174,False,Comparison Site,London,35-44,Silver,18,Bereavement,No promo
4179,False,Comparison Site,South East,18-24,Classic,1,Poor service,No promo
4181,True,Comparison Site,Wales & NI,55-64,Classic,8,Fees too high,Joined on promo
4182,False,Outbound,Wales & NI,25-34,Silver,21,Poor service,No promo
4184,True,Comparison Site,Scotland,18-24,Silver,11,Poor service,Joined on promo
4185,True,Comparison Site,Wales & NI,25-34,Platinum,22,Switched provider,Joined on promo
4186,True,Comparison Site,Midlands,55-64,Classic,18,Fees too high,Joined on promo
4188,False,Comparison Site,London,35-44,Silver,8,Fees too high,No promo
4189,False,Online,London,45-54,Classic,10,Moved abroad,No promo
4191,False,Comparison Site,Midlands,55-64,Silver,2,Fees too high,No promo
4192,False,Referral,North,18-24,Silver,2,Poor service,No promo
4198,False,Referral,Scotland,65+,Gold,23,Unknown,No promo
4199,False,Comparison Site,Wales & NI,45-54,Silver,11,Switched provider,No promo
4201,False,Referral,South East,25-34,Silver,11,Bereavement,No promo
4203,True,Comparison Site,North,45-54,Gold,17,Unknown,Joined on promo
4204,False,Comparison Site,North,35-44,Silver,21,Switched provider,No promo
4205,False,Branch,Midlands,55-64,Silver,10,Poor service,No promo
4207,False,Branch,London,18-24,Silver,21,Poor service,No promo
4210,False,Broker/IFA,London,25-34,Platinum,18,Unhappy with perks,No promo
4213,True,Comparison Site,Midlands,25-34,Silver,18,Poor service,Joined on promo
4216,False,Broker/IFA,North,25-34,Silver,14,Unknown,No promo
4218,False,Referral,Midlands,18-24,Platinum,20,Switched provider,No promo
4219,False,Comparison Site,Scotland,25-34,Classic,6,Moved abroad,No promo
4222,True,Comparison Site,North,35-44,Classic,18,Fees too high,Joined on promo
4224,True,Comparison Site,Wales & NI,45-54,Classic,19,Fees too high,Joined on promo
4225,False,Comparison Site,South East,25-34,Gold,19,Fees too high,No promo
4227,False,Comparison Site,London,45-54,Gold,18,Poor service,No promo
4229,True,Comparison Site,North,18-24,Silver,2,Fees too high,Joined on promo
4233,True,Comparison Site,South East,35-44,Classic,7,Switched provider,Joined on promo
4234,True,Comparison Site,South East,45-54,Classic,9,Fees too high,Joined on promo
4235,False,Broker/IFA,London,55-64,Platinum,8,Switched provider,No promo
4238,True,Comparison Site,London,35-44,Classic,4,Fees too high,Joined on promo
4240,False,Comparison Site,South East,65+,Silver,8,Unknown,No promo
4241,False,Branch,Scotland,35-44,Gold,9,Unknown,No promo
4247,False,Online,South East,25-34,Gold,12,Switched provider,No promo
4248,True,Outbound,London,65+,Silver,14,Bereavement,Joined on promo
4250,True,Comparison Site,North,18-24,Silver,11,Fees too high,Joined on promo
4257,True,Comparison Site,Wales & NI,45-54,Silver,7,Unknown,Joined on promo
4259,False,Outbound,London,18-24,Classic,8,Unknown,No promo
4261,False,Online,North,25-34,Silver,10,Unknown,No promo
4271,True,Comparison Site,Scotland,35-44,Classic,12,Bereavement,Joined on promo
4276,False,Referral,North,35-44,Silver,18,Poor service,No promo
4277,True,Comparison Site,South East,45-54,Classic,2,Poor service,Joined on promo
4281,True,Branch,London,35-44,Platinum,18,Unhappy with perks,Joined on promo
4282,True,Comparison Site,South East,55-64,Silver,17,Fees too high,Joined on promo
4283,False,Referral,London,35-44,Gold,18,Unhappy with perks,No promo
4284,False,Online,Midlands,45-54,Classic,10,Unknown,No promo
4288,True,Referral,London,45-54,Gold,1,Poor service,Joined on promo
4292,False,Referral,North,35-44,Silver,18,Unknown,No promo
4293,False,Online,North,18-24,Gold,8,Unhappy with perks,No promo
4295,False,Comparison Site,London,18-24,Silver,12,Fees too high,No promo
4298,False,Online,North,55-64,Silver,1,Switched provider,No promo
4302,False,Comparison Site,London,45-54,Gold,4,Fees too high,No promo
4305,True,Comparison Site,London,25-34,Classic,9,Fees too high,Joined on promo
4306,True,Comparison Site,South East,65+,Silver,4,Fees too high,Joined on promo
4309,False,Comparison Site,Midlands,18-24,Silver,8,Unknown,No promo
4312,True,Comparison Site,South East,35-44,Classic,6,Fees too high,Joined on promo
4317,False,Online,London,25-34,Gold,14,Moved abroad,No promo
4321,False,Branch,London,45-54,Gold,19,Poor service,No promo
4322,False,Branch,Midlands,25-34,Classic,1,Bereavement,No promo
4323,False,Broker/IFA,South East,45-54,Platinum,19,Unknown,No promo
4324,False,Online,Midlands,18-24,Silver,9,Switched provider,No promo
4325,False,Online,North,55-64,Silver,9,Moved abroad,No promo
4326,False,Outbound,North,18-24,Silver,21,Switched provider,No promo
4328,False,Branch,Scotland,45-54,Silver,20,Poor service,No promo
4329,False,Online,South East,65+,Classic,2,Unknown,No promo
4330,True,Comparison Site,North,45-54,Silver,13,Fees too high,Joined on promo
4335,False,Outbound,North,25-34,Classic,8,Poor service,No promo
4347,True,Outbound,London,25-34,Silver,15,Fees too high,Joined on promo
4348,False,Broker/IFA,London,18-24,Silver,11,Unknown,No promo
4352,False,Comparison Site,Midlands,65+,Silver,7,Switched provider,No promo
4362,False,Referral,North,45-54,Silver,11,Poor service,No promo
4366,False,Comparison Site,London,35-44,Classic,4,Unknown,No promo
4369,True,Comparison Site,London,45-54,Classic,7,Fees too high,Joined on promo
4373,False,Referral,Midlands,35-44,Silver,19,Bereavement,No promo
4376,False,Comparison Site,North,18-24,Silver,11,Fees too high,No promo
4383,False,Outbound,South East,35-44,Silver,1,Unknown,No promo
4384,True,Comparison Site,Scotland,55-64,Classic,7,Poor service,Joined on promo
4386,False,Outbound,London,25-34,Silver,2,Switched provider,No promo
4387,True,Online,South East,65+,Silver,19,Switched provider,Joined on promo
4390,True,Outbound,South East,35-44,Silver,4,Poor service,Joined on promo
4392,False,Online,Wales & NI,25-34,Silver,12,Unknown,No promo
4394,True,Comparison Site,Scotland,18-24,Silver,22,Poor service,Joined on promo
4396,True,Branch,North,35-44,Platinum,3,Unhappy with perks,Joined on promo
4401,False,Comparison Site,Scotland,45-54,Classic,1,Bereavement,No promo
4404,True,Online,Midlands,45-54,Classic,15,Fees too high,Joined on promo
4407,True,Online,South East,65+,Silver,22,Fees too high,Joined on promo
4410,False,Comparison Site,South East,25-34,Classic,19,Switched provider,No promo
4412,False,Comparison Site,Midlands,45-54,Silver,6,Switched provider,No promo
4415,False,Broker/IFA,North,25-34,Silver,9,Bereavement,No promo
4419,True,Comparison Site,South East,65+,Classic,7,Fees too high,Joined on promo
4425,False,Broker/IFA,South East,25-34,Gold,6,Unknown,No promo
4428,False,Referral,London,35-44,Classic,1,Moved abroad,No promo
4431,False,Branch,South East,18-24,Gold,9,Poor service,No promo
4443,False,Broker/IFA,Wales & NI,25-34,Silver,15,Poor service,No promo
4445,True,Comparison Site,Midlands,35-44,Classic,19,Switched provider,Joined on promo
4446,True,Comparison Site,North,55-64,Classic,8,Fees too high,Joined on promo
4447,True,Branch,South East,18-24,Silver,5,Fees too high,Joined on promo
4448,False,Online,South East,18-24,Gold,20,Moved abroad,No promo
4451,False,Comparison Site,North,45-54,Silver,2,Poor service,No promo
4454,True,Comparison Site,London,35-44,Classic,7,Fees too high,Joined on promo
4460,False,Referral,London,65+,Gold,16,Switched provider,No promo
4462,False,Online,Midlands,45-54,Classic,1,Poor service,No promo
4466,False,Comparison Site,London,55-64,Silver,18,Fees too high,No promo
4471,True,Comparison Site,North,55-64,Silver,9,Fees too high,Joined on promo
4475,False,Branch,Midlands,35-44,Silver,1,Poor service,No promo
4477,False,Broker/IFA,London,35-44,Gold,7,Unhappy with perks,No promo
4478,True,Online,Midlands,35-44,Classic,5,Poor service,Joined on promo
4481,False,Online,South East,35-44,Silver,4,Bereavement,No promo
4482,False,Branch,London,25-34,Gold,1,Unhappy with perks,No promo
4493,True,Comparison Site,London,45-54,Classic,2,Fees too high,Joined on promo
4494,True,Branch,Wales & NI,35-44,Gold,5,Moved abroad,Joined on promo
4498,True,Online,South East,25-34,Classic,9,Fees too high,Joined on promo
4500,True,Outbound,Midlands,35-44,Gold,1,Unknown,Joined on promo
4502,True,Outbound,North,45-54,Gold,9,Moved abroad,Joined on promo
4506,False,Online,Scotland,25-34,Classic,13,Poor service,No promo
4507,False,Branch,Midlands,25-34,Classic,9,Poor service,No promo
4508,True,Online,London,65+,Silver,6,Fees too high,Joined on promo
4510,True,Comparison Site,North,25-34,Classic,4,Fees too high,Joined on promo
4511,False,Branch,South East,35-44,Classic,3,Unknown,No promo
4513,False,Branch,Midlands,25-34,Gold,6,Unhappy with perks,No promo
4515,True,Comparison Site,Wales & NI,18-24,Classic,14,Fees too high,Joined on promo
4516,True,Online,Scotland,55-64,Silver,7,Fees too high,Joined on promo
4518,False,Referral,Scotland,65+,Silver,3,Unhappy with perks,No promo
4520,False,Outbound,Scotland,18-24,Silver,3,Unknown,No promo
4521,True,Comparison Site,London,18-24,Silver,2,Unknown,Joined on promo
4523,False,Comparison Site,Midlands,55-64,Classic,5,Poor service,No promo
4524,False,Branch,London,25-34,Classic,4,Unknown,No promo
4529,True,Comparison Site,North,55-64,Silver,8,Fees too high,Joined on promo
4531,False,Comparison Site,South East,35-44,Silver,19,Bereavement,No promo
4535,False,Online,Wales & NI,35-44,Silver,1,Unknown,No promo
4536,False,Outbound,Wales & NI,25-34,Platinum,17,Switched provider,No promo
4538,False,Referral,London,65+,Classic,5,Poor service,No promo
4540,True,Online,London,45-54,Silver,7,Fees too high,Joined on promo
4541,True,Outbound,London,55-64,Silver,4,Fees too high,Joined on promo
4543,False,Online,Wales & NI,35-44,Gold,21,Unhappy with perks,No promo
4548,False,Broker/IFA,Scotland,35-44,Silver,5,Fees too high,No promo
4550,False,Referral,Wales & NI,25-34,Silver,14,Poor service,No promo
4554,False,Online,South East,45-54,Silver,10,Switched provider,No promo
4560,True,Online,South East,65+,Gold,9,Fees too high,Joined on promo
4568,False,Branch,Midlands,65+,Classic,5,Poor service,No promo
4571,False,Online,London,35-44,Silver,2,Switched provider,No promo
4574,False,Referral,South East,55-64,Platinum,21,Switched provider,No promo
4575,False,Broker/IFA,Wales & NI,35-44,Gold,16,Unhappy with perks,No promo
4578,True,Comparison Site,South East,25-34,Silver,3,Fees too high,Joined on promo
4581,False,Referral,North,25-34,Silver,18,Fees too high,No promo
4585,False,Comparison Site,Wales & NI,25-34,Classic,2,Poor service,No promo
4587,False,Outbound,London,18-24,Classic,16,Poor service,No promo
4590,True,Comparison Site,South East,65+,Silver,4,Poor service,Joined on promo
4593,False,Outbound,South East,65+,Gold,17,Fees too high,No promo
4594,False,Referral,London,45-54,Classic,2,Poor service,No promo
4595,True,Comparison Site,Wales & NI,45-54,Classic,3,Switched provider,Joined on promo
4597,False,Branch,Midlands,35-44,Classic,10,Unknown,No promo
4600,False,Online,South East,35-44,Gold,6,Moved abroad,No promo
4603,True,Online,North,35-44,Classic,7,Poor service,Joined on promo
4607,False,Online,North,55-64,Classic,12,Bereavement,No promo
4609,True,Comparison Site,Midlands,25-34,Gold,3,Unhappy with perks,Joined on promo
4626,False,Comparison Site,Midlands,35-44,Classic,17,Unknown,No promo
4628,False,Referral,London,35-44,Classic,15,Poor service,No promo
4632,False,Outbound,Scotland,45-54,Platinum,7,Unknown,No promo
4633,True,Comparison Site,London,25-34,Classic,2,Switched provider,Joined on promo
4634,True,Online,North,55-64,Classic,6,Unknown,Joined on promo
4635,False,Outbound,North,55-64,Silver,9,Poor service,No promo
4637,False,Online,South East,45-54,Classic,5,Unknown,No promo
4644,True,Outbound,North,65+,Silver,14,Switched provider,Joined on promo
4648,False,Comparison Site,Wales & NI,18-24,Silver,17,Poor service,No promo
4651,True,Referral,Midlands,18-24,Silver,1,Fees too high,Joined on promo
4652,False,Comparison Site,London,25-34,Classic,20,Fees too high,No promo
4653,True,Comparison Site,South East,25-34,Silver,2,Switched provider,Joined on promo
4654,False,Branch,North,25-34,Gold,17,Unhappy with perks,No promo
4660,True,Online,Midlands,25-34,Classic,18,Fees too high,Joined on promo
4663,False,Outbound,South East,35-44,Silver,1,Poor service,No promo
4664,False,Outbound,Scotland,45-54,Gold,5,Switched provider,No promo
4666,False,Outbound,North,25-34,Silver,16,Fees too high,No promo
4673,False,Broker/IFA,North,45-54,Platinum,10,Unhappy with perks,No promo
4676,False,Outbound,Midlands,18-24,Platinum,14,Unhappy with perks,No promo
4678,False,Online,Scotland,65+,Classic,1,Unknown,No promo
4679,False,Online,London,25-34,Classic,1,Switched provider,No promo
4680,False,Referral,North,18-24,Gold,4,Switched provider,No promo
4682,False,Branch,London,25-34,Silver,13,Poor service,No promo
4684,True,Comparison Site,South East,55-64,Silver,16,Switched provider,Joined on promo
4686,False,Online,London,35-44,Classic,12,Switched provider,No promo
4691,False,Branch,London,25-34,Platinum,5,Poor service,No promo
4696,False,Outbound,Wales & NI,45-54,Platinum,12,Unhappy with perks,No promo
4698,False,Branch,London,65+,Gold,1,Switched provider,No promo
4701,False,Outbound,Scotland,25-34,Gold,8,Fees too high,No promo
4703,True,Online,South East,18-24,Silver,3,Fees too high,Joined on promo
4707,True,Online,Scotland,45-54,Classic,5,Fees too high,Joined on promo
4708,True,Comparison Site,North,65+,Gold,6,Fees too high,Joined on promo
4709,False,Referral,North,45-54,Silver,1,Moved abroad,No promo
4710,False,Online,North,65+,Silver,11,Unknown,No promo
4712,False,Comparison Site,South East,35-44,Classic,15,Poor service,No promo
4713,True,Outbound,South East,35-44,Classic,13,Fees too high,Joined on promo
4717,False,Branch,North,35-44,Gold,3,Switched provider,No promo
4720,False,Branch,Midlands,45-54,Silver,16,Unknown,No promo
4721,False,Comparison Site,North,18-24,Classic,4,Moved abroad,No promo
4728,False,Online,South East,35-44,Silver,10,Poor service,No promo
4734,True,Comparison Site,London,45-54,Classic,14,Fees too high,Joined on promo
4740,False,Online,South East,25-34,Silver,8,Moved abroad,No promo
4743,False,Branch,London,65+,Silver,8,Unknown,No promo
4745,False,Online,South East,25-34,Gold,5,Unhappy with perks,No promo
4752,False,Comparison Site,Midlands,45-54,Classic,6,Fees too high,No promo
4760,False,Outbound,London,35-44,Classic,8,Poor service,No promo
4763,True,Referral,North,35-44,Silver,15,Unknown,Joined on promo
4767,True,Comparison Site,North,35-44,Silver,5,Switched provider,Joined on promo
4771,False,Outbound,Midlands,35-44,Classic,7,Unknown,No promo
4775,False,Online,South East,35-44,Silver,7,Unknown,No promo
4778,True,Outbound,Midlands,18-24,Classic,3,Fees too high,Joined on promo
4781,True,Comparison Site,Wales & NI,25-34,Silver,7,Switched provider,Joined on promo
4784,False,Broker/IFA,Midlands,35-44,Platinum,20,Unhappy with perks,No promo
4785,False,Outbound,South East,35-44,Silver,10,Poor service,No promo
4786,False,Comparison Site,South East,45-54,Silver,6,Fees too high,No promo
4795,False,Comparison Site,London,25-34,Silver,13,Fees too high,No promo
4796,True,Comparison Site,North,45-54,Classic,4,Switched provider,Joined on promo
4797,True,Outbound,South East,18-24,Classic,5,Fees too high,Joined on promo
4798,False,Online,Wales & NI,25-34,Classic,9,Poor service,No promo
4799,True,Outbound,South East,25-34,Classic,7,Poor service,Joined on promo
4800,True,Online,North,25-34,Classic,5,Fees too high,Joined on promo
4801,True,Comparison Site,North,25-34,Classic,8,Fees too high,Joined on promo
4804,True,Outbound,London,25-34,Silver,2,Unknown,Joined on promo
4806,False,Referral,London,45-54,Gold,16,Switched provider,No promo
4807,True,Outbound,North,35-44,Gold,20,Switched provider,Joined on promo
4809,True,Branch,North,35-44,Silver,7,Fees too high,Joined on promo
4818,False,Referral,Midlands,18-24,Silver,16,Fees too high,No promo
4821,True,Online,North,45-54,Silver,9,Fees too high,Joined on promo
4822,False,Comparison Site,North,45-54,Silver,1,Fees too high,No promo
4823,False,Comparison Site,South East,35-44,Classic,13,Poor service,No promo
4824,False,Comparison Site,London,35-44,Silver,3,Poor service,No promo
4827,True,Comparison Site,Midlands,65+,Gold,20,Unknown,Joined on promo
4828,True,Online,South East,35-44,Platinum,7,Fees too high,Joined on promo
4829,True,Comparison Site,Scotland,25-34,Silver,2,Fees too high,Joined on promo
4831,True,Comparison Site,South East,35-44,Classic,1,Poor service,Joined on promo
4832,True,Comparison Site,Midlands,35-44,Classic,10,Switched provider,Joined on promo
4833,False,Referral,South East,55-64,Gold,17,Unhappy with perks,No promo
4839,False,Comparison Site,North,18-24,Classic,10,Poor service,No promo
4845,True,Online,Scotland,25-34,Silver,13,Unknown,Joined on promo
4846,False,Outbound,Midlands,18-24,Classic,13,Switched provider,No promo
4850,False,Comparison Site,Midlands,55-64,Classic,14,Poor service,No promo
4853,True,Comparison Site,Scotland,55-64,Silver,6,Fees too high,Joined on promo
4859,True,Online,Scotland,35-44,Classic,21,Fees too high,Joined on promo
4860,True,Online,London,65+,Silver,4,Switched provider,Joined on promo
4864,True,Online,London,45-54,Platinum,1,Poor service,Joined on promo
4870,True,Referral,London,55-64,Gold,1,Fees too high,Joined on promo
4877,True,Referral,North,45-54,Silver,6,Poor service,Joined on promo
4881,True,Outbound,North,35-44,Silver,21,Switched provider,Joined on promo
4886,False,Broker/IFA,London,35-44,Silver,11,Moved abroad,No promo
4887,True,Comparison Site,London,25-34,Gold,7,Switched provider,Joined on promo
4888,False,Referral,Scotland,35-44,Silver,9,Unknown,No promo
4892,True,Comparison Site,South East,65+,Silver,3,Switched provider,Joined on promo
4893,False,Comparison Site,South East,35-44,Classic,2,Unknown,No promo
4895,True,Outbound,North,45-54,Silver,5,Switched provider,Joined on promo
4903,True,Outbound,South East,25-34,Silver,7,Fees too high,Joined on promo
4904,False,Branch,North,35-44,Silver,3,Poor service,No promo
4905,False,Comparison Site,London,55-64,Silver,2,Fees too high,No promo
4906,False,Referral,London,35-44,Gold,8,Unhappy with perks,No promo
4911,True,Comparison Site,Midlands,25-34,Classic,4,Switched provider,Joined on promo
4912,False,Branch,North,35-44,Silver,8,Switched provider,No promo
4914,False,Online,North,25-34,Classic,4,Poor service,No promo
4916,True,Outbound,Scotland,35-44,Gold,18,Fees too high,Joined on promo
4921,False,Outbound,North,35-44,Classic,3,Unknown,No promo
4922,False,Online,Midlands,45-54,Gold,21,Unknown,No promo
4924,False,Outbound,London,18-24,Silver,12,Unknown,No promo
4932,False,Online,South East,45-54,Classic,12,Unknown,No promo
4933,True,Online,London,45-54,Silver,10,Fees too high,Joined on promo
4936,False,Online,South East,45-54,Silver,9,Moved abroad,No promo
4942,False,Online,North,35-44,Silver,19,Moved abroad,No promo
4944,True,Online,Midlands,45-54,Silver,21,Fees too high,Joined on promo
4946,True,Comparison Site,Midlands,35-44,Classic,13,Fees too high,Joined on promo
4949,True,Branch,London,25-34,Platinum,6,Fees too high,Joined on promo
4950,False,Branch,South East,25-34,Silver,7,Fees too high,No promo
4951,False,Online,London,35-44,Silver,20,Unknown,No promo
4952,False,Online,London,25-34,Classic,14,Bereavement,No promo
4955,False,Online,Midlands,25-34,Classic,18,Poor service,No promo
4958,True,Online,Midlands,25-34,Platinum,6,Poor service,Joined on promo
4959,False,Online,South East,25-34,Gold,5,Poor service,No promo
4963,False,Comparison Site,South East,35-44,Classic,17,Poor service,No promo
4966,False,Online,South East,25-34,Silver,2,Unknown,No promo
4967,True,Comparison Site,Scotland,55-64,Classic,3,Bereavement,Joined on promo
4969,True,Comparison Site,London,55-64,Silver,2,Switched provider,Joined on promo
4970,False,Branch,North,25-34,Classic,11,Poor service,No promo
4971,True,Online,North,35-44,Classic,15,Poor service,Joined on promo
4972,False,Branch,London,55-64,Classic,12,Fees too high,No promo
4987,False,Branch,Midlands,45-54,Gold,15,Poor service,No promo
4988,False,Online,Scotland,25-34,Classic,11,Poor service,No promo
4995,False,Referral,London,65+,Silver,1,Fees too high,No promo
4999,False,Comparison Site,London,55-64,Silver,5,Switched provider,No promo
5000,False,Online,London,35-44,Gold,1,Unhappy with perks,No promo
5003,False,Branch,North,45-54,Platinum,14,Poor service,No promo
5005,True,Comparison Site,North,55-64,Classic,8,Fees too high,Joined on promo
5006,False,Broker/IFA,South East,45-54,Gold,1,Unhappy with perks,No promo
5011,False,Comparison Site,South East,55-64,Silver,21,Poor service,No promo
5013,True,Outbound,Scotland,25-34,Classic,2,Switched provider,Joined on promo
5016,False,Comparison Site,North,65+,Classic,13,Fees too high,No promo
5020,False,Referral,London,35-44,Gold,2,Moved abroad,No promo
5022,True,Comparison Site,North,18-24,Silver,10,Fees too high,Joined on promo
5023,False,Branch,London,25-34,Gold,9,Poor service,No promo
5025,False,Comparison Site,London,45-54,Silver,2,Poor service,No promo
5026,True,Comparison Site,Wales & NI,25-34,Classic,2,Fees too high,Joined on promo
5027,True,Comparison Site,North,25-34,Classic,5,Switched provider,Joined on promo
5028,True,Comparison Site,South East,45-54,Platinum,14,Fees too high,Joined on promo
5033,False,Comparison Site,London,25-34,Classic,9,Unknown,No promo
5034,False,Comparison Site,London,55-64,Silver,2,Poor service,No promo
5035,False,Outbound,Scotland,25-34,Classic,2,Bereavement,No promo
5041,True,Comparison Site,South East,65+,Silver,7,Poor service,Joined on promo
5045,True,Online,Midlands,25-34,Classic,4,Poor service,Joined on promo
5047,True,Comparison Site,North,25-34,Classic,5,Fees too high,Joined on promo
5050,True,Comparison Site,Midlands,25-34,Silver,11,Fees too high,Joined on promo
5054,True,Online,London,18-24,Gold,8,Fees too high,Joined on promo
5056,True,Comparison Site,South East,25-34,Classic,4,Unknown,Joined on promo
5057,False,Referral,South East,35-44,Platinum,3,Unhappy with perks,No promo
5058,False,Branch,Scotland,25-34,Silver,16,Bereavement,No promo
5059,True,Comparison Site,South East,25-34,Silver,2,Fees too high,Joined on promo
5066,False,Online,London,25-34,Classic,9,Poor service,No promo
5074,False,Comparison Site,Midlands,65+,Classic,3,Moved abroad,No promo
5076,False,Outbound,Scotland,45-54,Silver,19,Poor service,No promo
5077,True,Comparison Site,North,45-54,Classic,2,Fees too high,Joined on promo
5078,True,Comparison Site,Midlands,18-24,Classic,1,Fees too high,Joined on promo
5079,True,Outbound,South East,18-24,Silver,12,Poor service,Joined on promo
5080,True,Outbound,Midlands,18-24,Silver,14,Switched provider,Joined on promo
5085,True,Comparison Site,Scotland,25-34,Silver,7,Fees too high,Joined on promo
5087,False,Comparison Site,London,35-44,Classic,14,Bereavement,No promo
5089,False,Referral,London,35-44,Silver,3,Poor service,No promo
5093,False,Referral,London,35-44,Classic,5,Poor service,No promo
5098,True,Comparison Site,North,65+,Silver,11,Unknown,Joined on promo
5104,False,Online,South East,55-64,Silver,6,Switched provider,No promo
5108,False,Comparison Site,Midlands,18-24,Classic,12,Switched provider,No promo
5109,False,Comparison Site,North,25-34,Silver,3,Moved abroad,No promo
5111,False,Referral,North,25-34,Classic,3,Poor service,No promo
5119,False,Outbound,South East,35-44,Silver,16,Poor service,No promo
5121,True,Comparison Site,Midlands,45-54,Classic,7,Unknown,Joined on promo
5122,True,Outbound,South East,35-44,Classic,2,Poor service,Joined on promo
5123,False,Outbound,London,35-44,Gold,4,Moved abroad,No promo
5128,True,Online,North,55-64,Classic,7,Unknown,Joined on promo
5130,True,Comparison Site,Midlands,25-34,Classic,8,Fees too high,Joined on promo
5133,False,Comparison Site,South East,25-34,Classic,15,Fees too high,No promo
5137,True,Online,South East,35-44,Silver,2,Moved abroad,Joined on promo
5139,False,Online,South East,25-34,Silver,16,Bereavement,No promo
5140,True,Comparison Site,London,45-54,Classic,1,Fees too high,Joined on promo
5142,False,Online,North,45-54,Silver,17,Unknown,No promo
5146,False,Comparison Site,South East,65+,Classic,10,Fees too high,No promo
5147,False,Outbound,Wales & NI,25-34,Classic,1,Switched provider,No promo
5149,True,Comparison Site,London,65+,Classic,3,Fees too high,Joined on promo
5151,False,Online,London,55-64,Gold,9,Poor service,No promo
5152,False,Comparison Site,London,35-44,Classic,2,Poor service,No promo
5157,True,Comparison Site,South East,25-34,Silver,4,Poor service,Joined on promo
5158,True,Comparison Site,Scotland,25-34,Silver,16,Moved abroad,Joined on promo
5168,True,Comparison Site,North,35-44,Classic,20,Bereavement,Joined on promo
5169,False,Comparison Site,London,35-44,Gold,10,Poor service,No promo
5172,False,Referral,Midlands,45-54,Classic,7,Unknown,No promo
5179,False,Online,North,35-44,Gold,20,Unhappy with perks,No promo
5180,True,Comparison Site,South East,45-54,Classic,7,Poor service,Joined on promo
5189,False,Branch,Wales & NI,45-54,Gold,3,Unhappy with perks,No promo
5193,True,Comparison Site,Midlands,35-44,Classic,1,Fees too high,Joined on promo
5195,True,Outbound,North,35-44,Classic,8,Fees too high,Joined on promo
5203,True,Broker/IFA,South East,55-64,Platinum,1,Fees too high,Joined on promo
5206,True,Comparison Site,Midlands,55-64,Classic,6,Fees too high,Joined on promo
5208,True,Outbound,South East,35-44,Silver,3,Switched provider,Joined on promo
5209,False,Online,London,35-44,Silver,3,Unknown,No promo
5210,False,Online,Wales & NI,65+,Classic,3,Switched provider,No promo
5217,True,Referral,Midlands,35-44,Silver,7,Poor service,Joined on promo
5218,True,Outbound,Scotland,18-24,Classic,7,Poor service,Joined on promo
5224,False,Branch,North,55-64,Silver,16,Unhappy with perks,No promo
5229,True,Comparison Site,North,55-64,Classic,7,Fees too high,Joined on promo
5235,False,Online,London,25-34,Classic,11,Unknown,No promo
5237,False,Online,Midlands,35-44,Classic,1,Unknown,No promo
5238,True,Outbound,London,65+,Silver,20,Fees too high,Joined on promo
5242,False,Outbound,South East,25-34,Classic,7,Switched provider,No promo
5251,False,Comparison Site,North,18-24,Silver,7,Fees too high,No promo
5253,True,Online,Wales & NI,35-44,Classic,8,Fees too high,Joined on promo
5254,True,Online,North,55-64,Silver,5,Poor service,Joined on promo
5257,False,Outbound,London,25-34,Gold,8,Switched provider,No promo
5258,False,Outbound,London,18-24,Silver,1,Switched provider,No promo
5260,False,Branch,South East,25-34,Silver,18,Unknown,No promo
5261,True,Branch,Midlands,25-34,Platinum,15,Fees too high,Joined on promo
5263,True,Online,North,35-44,Silver,13,Fees too high,Joined on promo
5264,False,Referral,South East,25-34,Silver,16,Unhappy with perks,No promo
5265,False,Comparison Site,South East,18-24,Classic,12,Unknown,No promo
5268,True,Referral,Wales & NI,45-54,Silver,1,Poor service,Joined on promo
5271,False,Online,Midlands,45-54,Gold,6,Unhappy with perks,No promo
5272,True,Comparison Site,North,35-44,Classic,15,Fees too high,Joined on promo
5277,False,Comparison Site,North,25-34,Gold,7,Fees too high,No promo
5280,False,Comparison Site,North,18-24,Silver,3,Bereavement,No promo
5292,True,Comparison Site,Scotland,18-24,Silver,11,Fees too high,Joined on promo
5295,False,Online,South East,45-54,Classic,5,Poor service,No promo
5298,True,Comparison Site,Scotland,25-34,Silver,1,Fees too high,Joined on promo
5303,True,Comparison Site,Midlands,35-44,Silver,3,Switched provider,Joined on promo
5310,True,Referral,Midlands,18-24,Platinum,6,Fees too high,Joined on promo
5311,False,Branch,Midlands,25-34,Platinum,2,Unknown,No promo
5314,True,Comparison Site,London,35-44,Classic,13,Switched provider,Joined on promo
5325,False,Branch,Wales & NI,45-54,Gold,4,Poor service,No promo
5329,True,Comparison Site,London,55-64,Gold,4,Poor service,Joined on promo
5334,True,Outbound,Midlands,45-54,Classic,1,Fees too high,Joined on promo
5336,True,Online,Midlands,25-34,Gold,7,Fees too high,Joined on promo
5337,False,Broker/IFA,Midlands,25-34,Gold,3,Unhappy with perks,No promo
5341,False,Outbound,Midlands,55-64,Classic,4,Unknown,No promo
5343,True,Comparison Site,Scotland,25-34,Classic,1,Fees too high,Joined on promo
5344,False,Referral,North,25-34,Gold,14,Switched provider,No promo
5346,True,Online,Wales & NI,45-54,Gold,7,Poor service,Joined on promo
5349,True,Comparison Site,Wales & NI,18-24,Silver,9,Fees too high,Joined on promo
5352,False,Outbound,South East,35-44,Gold,11,Poor service,No promo
5356,True,Comparison Site,North,45-54,Classic,9,Fees too high,Joined on promo
5358,False,Outbound,South East,45-54,Classic,9,Unknown,No promo
5359,True,Comparison Site,North,45-54,Classic,17,Fees too high,Joined on promo
5360,True,Broker/IFA,Midlands,18-24,Gold,4,Switched provider,Joined on promo
5361,False,Online,South East,45-54,Silver,9,Unknown,No promo
5366,True,Comparison Site,North,55-64,Classic,10,Unknown,Joined on promo
5371,False,Comparison Site,South East,35-44,Classic,6,Unknown,No promo
5374,True,Comparison Site,North,65+,Classic,12,Unknown,Joined on promo
5375,True,Comparison Site,North,35-44,Classic,3,Fees too high,Joined on promo
5383,False,Outbound,Scotland,25-34,Silver,2,Fees too high,No promo
5384,True,Comparison Site,Midlands,18-24,Silver,3,Poor service,Joined on promo
5385,True,Outbound,Midlands,35-44,Silver,6,Fees too high,Joined on promo
5392,True,Online,Scotland,35-44,Silver,10,Fees too high,Joined on promo
5395,False,Online,Midlands,55-64,Gold,13,Unhappy with perks,No promo
5403,True,Comparison Site,London,18-24,Classic,17,Fees too high,Joined on promo
5404,True,Online,South East,55-64,Classic,5,Fees too high,Joined on promo
5411,True,Comparison Site,Midlands,45-54,Classic,11,Switched provider,Joined on promo
5417,True,Outbound,Midlands,35-44,Silver,5,Fees too high,Joined on promo
5418,False,Referral,Midlands,65+,Gold,3,Fees too high,No promo
5422,True,Referral,South East,18-24,Gold,14,Fees too high,Joined on promo
5426,True,Comparison Site,Wales & NI,45-54,Classic,12,Fees too high,Joined on promo
5429,True,Comparison Site,South East,65+,Classic,12,Fees too high,Joined on promo
5432,True,Comparison Site,Scotland,18-24,Silver,6,Unknown,Joined on promo
5436,False,Comparison Site,North,25-34,Classic,6,Poor service,No promo
5440,False,Online,Wales & NI,25-34,Silver,18,Fees too high,No promo
5442,True,Comparison Site,North,25-34,Classic,1,Poor service,Joined on promo
5444,False,Online,South East,25-34,Gold,15,Poor service,No promo
5446,True,Comparison Site,Midlands,25-34,Classic,2,Fees too high,Joined on promo
5448,True,Online,London,45-54,Silver,4,Unknown,Joined on promo
5451,False,Referral,South East,55-64,Classic,4,Unknown,No promo
5452,True,Outbound,Midlands,25-34,Classic,13,Fees too high,Joined on promo
5460,False,Broker/IFA,London,18-24,Platinum,7,Switched provider,No promo
5461,True,Online,Midlands,25-34,Gold,8,Poor service,Joined on promo
5463,True,Comparison Site,North,35-44,Silver,2,Fees too high,Joined on promo
5466,False,Online,South East,25-34,Silver,10,Fees too high,No promo
5470,False,Branch,London,35-44,Silver,1,Fees too high,No promo
5471,False,Outbound,Wales & NI,25-34,Classic,2,Poor service,No promo
5473,True,Comparison Site,London,25-34,Silver,14,Fees too high,Joined on promo
5482,False,Outbound,Wales & NI,25-34,Classic,1,Switched provider,No promo
5484,True,Comparison Site,Scotland,35-44,Silver,15,Poor service,Joined on promo
5485,False,Online,London,25-34,Silver,17,Fees too high,No promo
5486,True,Comparison Site,South East,55-64,Gold,14,Poor service,Joined on promo
5489,True,Online,South East,45-54,Classic,3,Fees too high,Joined on promo
5491,False,Online,South East,25-34,Classic,10,Switched provider,No promo
5493,False,Comparison Site,Scotland,25-34,Classic,5,Fees too high,No promo
5495,True,Comparison Site,Midlands,55-64,Silver,17,Poor service,Joined on promo
5504,True,Outbound,North,18-24,Gold,9,Unknown,Joined on promo
5509,False,Referral,Wales & NI,55-64,Gold,16,Unhappy with perks,No promo
5512,True,Online,North,65+,Silver,18,Fees too high,Joined on promo
5513,True,Comparison Site,Midlands,25-34,Classic,7,Switched provider,Joined on promo
5514,False,Comparison Site,North,35-44,Classic,6,Poor service,No promo
5515,True,Comparison Site,South East,45-54,Classic,6,Fees too high,Joined on promo
5517,False,Comparison Site,South East,45-54,Classic,10,Poor service,No promo
5519,True,Comparison Site,Midlands,45-54,Silver,20,Fees too high,Joined on promo
5527,False,Outbound,North,45-54,Platinum,14,Unhappy with perks,No promo
5529,False,Comparison Site,North,25-34,Silver,6,Unknown,No promo
5533,False,Online,South East,25-34,Silver,4,Poor service,No promo
5534,False,Broker/IFA,Midlands,35-44,Platinum,10,Unhappy with perks,No promo
5537,False,Outbound,South East,18-24,Classic,1,Poor service,No promo
5540,True,Comparison Site,Midlands,35-44,Silver,7,Poor service,Joined on promo
5542,False,Online,South East,65+,Classic,7,Switched provider,No promo
5543,False,Online,South East,25-34,Silver,10,Moved abroad,No promo
5544,True,Online,Scotland,35-44,Classic,5,Poor service,Joined on promo
5556,True,Outbound,Scotland,45-54,Classic,12,Poor service,Joined on promo
5563,False,Online,Midlands,25-34,Gold,8,Fees too high,No promo
5567,False,Outbound,South East,35-44,Classic,8,Switched provider,No promo
5569,True,Online,North,45-54,Silver,5,Fees too high,Joined on promo
5571,False,Comparison Site,London,35-44,Silver,7,Fees too high,No promo
5575,False,Referral,London,25-34,Classic,2,Switched provider,No promo
5578,False,Outbound,London,25-34,Classic,8,Switched provider,No promo
5579,True,Comparison Site,London,65+,Classic,5,Switched provider,Joined on promo
5584,False,Comparison Site,South East,25-34,Classic,13,Switched provider,No promo
5593,True,Online,London,25-34,Classic,19,Fees too high,Joined on promo
5597,False,Comparison Site,Wales & NI,35-44,Classic,13,Poor service,No promo
5598,False,Comparison Site,London,45-54,Silver,14,Switched provider,No promo
5613,True,Online,North,65+,Silver,2,Fees too high,Joined on promo
5614,True,Referral,Midlands,35-44,Classic,2,Poor service,Joined on promo
5620,True,Online,London,35-44,Silver,6,Unhappy with perks,Joined on promo
5621,False,Comparison Site,London,45-54,Silver,4,Unknown,No promo
5622,False,Online,Midlands,45-54,Platinum,4,Unknown,No promo
5624,True,Online,London,25-34,Silver,4,Poor service,Joined on promo
5626,True,Comparison Site,London,35-44,Silver,6,Moved abroad,Joined on promo
5629,False,Referral,Scotland,18-24,Platinum,16,Switched provider,No promo
5636,True,Comparison Site,Scotland,45-54,Silver,1,Poor service,Joined on promo
5637,False,Referral,London,25-34,Silver,1,Poor service,No promo
5639,True,Comparison Site,Midlands,35-44,Classic,6,Unknown,Joined on promo
5640,True,Comparison Site,North,25-34,Classic,7,Fees too high,Joined on promo
5641,False,Comparison Site,Wales & NI,35-44,Classic,2,Poor service,No promo
5645,False,Online,Scotland,18-24,Classic,2,Poor service,No promo
5646,False,Online,North,35-44,Silver,5,Switched provider,No promo
5653,False,Referral,London,55-64,Silver,3,Poor service,No promo
5657,True,Online,South East,55-64,Silver,1,Switched provider,Joined on promo
5661,False,Branch,Midlands,18-24,Classic,1,Poor service,No promo
5667,True,Comparison Site,London,18-24,Classic,14,Fees too high,Joined on promo
5668,False,Branch,London,25-34,Silver,16,Unknown,No promo
5673,False,Branch,Midlands,25-34,Gold,12,Switched provider,No promo
5674,True,Comparison Site,Midlands,18-24,Classic,7,Unknown,Joined on promo
5676,False,Branch,Midlands,18-24,Gold,17,Switched provider,No promo
5677,True,Online,Midlands,25-34,Classic,11,Fees too high,Joined on promo
5678,False,Broker/IFA,Wales & NI,45-54,Silver,8,Poor service,No promo
5680,True,Comparison Site,London,25-34,Silver,13,Poor service,Joined on promo
5681,True,Comparison Site,Wales & NI,25-34,Silver,8,Switched provider,Joined on promo
5687,True,Online,Wales & NI,45-54,Gold,5,Switched provider,Joined on promo
5689,True,Comparison Site,North,55-64,Gold,6,Unhappy with perks,Joined on promo
5694,False,Referral,London,25-34,Classic,2,Unknown,No promo
5696,False,Online,London,45-54,Platinum,3,Unknown,No promo
5698,False,Online,North,18-24,Silver,4,Unhappy with perks,No promo
5701,False,Branch,North,25-34,Gold,19,Poor service,No promo
5710,False,Online,London,55-64,Classic,19,Poor service,No promo
5719,True,Comparison Site,South East,35-44,Classic,3,Fees too high,Joined on promo
5724,True,Outbound,Wales & NI,35-44,Silver,17,Fees too high,Joined on promo
5728,True,Comparison Site,South East,35-44,Classic,6,Fees too high,Joined on promo
5730,True,Comparison Site,North,25-34,Silver,6,Fees too high,Joined on promo
5735,True,Comparison Site,Wales & NI,35-44,Classic,7,Fees too high,Joined on promo
5736,False,Comparison Site,North,55-64,Classic,7,Switched provider,No promo
5738,False,Online,Midlands,18-24,Silver,1,Unknown,No promo
5745,True,Comparison Site,North,65+,Classic,8,Switched provider,Joined on promo
5746,True,Comparison Site,South East,35-44,Classic,8,Fees too high,Joined on promo
5749,True,Comparison Site,Wales & NI,35-44,Classic,1,Fees too high,Joined on promo
5757,True,Outbound,North,35-44,Gold,7,Fees too high,Joined on promo
5763,True,Comparison Site,North,25-34,Silver,4,Switched provider,Joined on promo
5764,True,Outbound,South East,25-34,Silver,7,Poor service,Joined on promo
5765,False,Outbound,London,45-54,Silver,9,Poor service,No promo
5768,True,Comparison Site,Midlands,55-64,Classic,5,Switched provider,Joined on promo
5774,False,Comparison Site,London,55-64,Silver,1,Switched provider,No promo
5776,False,Outbound,London,25-34,Silver,14,Poor service,No promo
5778,False,Comparison Site,London,45-54,Silver,16,Fees too high,No promo
5780,True,Comparison Site,Scotland,35-44,Silver,5,Fees too high,Joined on promo
5782,True,Online,Midlands,55-64,Classic,2,Fees too high,Joined on promo
5784,False,Comparison Site,Wales & NI,35-44,Platinum,10,Unhappy with perks,No promo
5788,False,Online,London,25-34,Platinum,14,Unhappy with perks,No promo
5791,True,Comparison Site,North,45-54,Classic,8,Switched provider,Joined on promo
5795,True,Comparison Site,London,25-34,Silver,11,Poor service,Joined on promo
5796,False,Comparison Site,South East,18-24,Classic,3,Bereavement,No promo
5798,True,Comparison Site,Wales & NI,25-34,Classic,11,Fees too high,Joined on promo
5802,True,Comparison Site,South East,18-24,Silver,3,Fees too high,Joined on promo
5806,True,Comparison Site,Midlands,55-64,Silver,1,Poor service,Joined on promo
5816,False,Referral,North,65+,Classic,2,Bereavement,No promo
5817,True,Comparison Site,South East,25-34,Silver,7,Fees too high,Joined on promo
5819,False,Online,North,25-34,Silver,1,Unknown,No promo
5821,True,Online,London,18-24,Silver,1,Unknown,Joined on promo
5823,True,Online,London,65+,Silver,6,Unhappy with perks,Joined on promo
5829,True,Comparison Site,London,18-24,Silver,2,Fees too high,Joined on promo
5830,True,Comparison Site,South East,25-34,Classic,1,Fees too high,Joined on promo
5842,True,Branch,London,55-64,Classic,3,Unknown,Joined on promo
5844,True,Comparison Site,Midlands,18-24,Classic,3,Fees too high,Joined on promo
5848,False,Referral,South East,25-34,Silver,6,Unknown,No promo
5849,True,Online,North,55-64,Silver,7,Poor service,Joined on promo
5850,False,Online,South East,55-64,Silver,7,Fees too high,No promo
5851,False,Comparison Site,Midlands,35-44,Classic,1,Unknown,No promo
5856,False,Online,North,35-44,Classic,19,Fees too high,No promo
5857,False,Online,Midlands,55-64,Silver,14,Poor service,No promo
5859,True,Comparison Site,North,45-54,Silver,5,Switched provider,Joined on promo
5861,False,Branch,South East,35-44,Classic,1,Switched provider,No promo
5862,True,Comparison Site,Midlands,45-54,Classic,7,Fees too high,Joined on promo
5863,True,Online,Scotland,25-34,Classic,9,Fees too high,Joined on promo
5866,False,Branch,Midlands,35-44,Silver,6,Poor service,No promo
5867,True,Comparison Site,London,45-54,Classic,7,Fees too high,Joined on promo
5870,False,Branch,London,45-54,Gold,12,Poor service,No promo
5873,True,Comparison Site,London,35-44,Gold,7,Unhappy with perks,Joined on promo
5879,True,Outbound,London,35-44,Classic,6,Unknown,Joined on promo
5883,False,Broker/IFA,North,45-54,Silver,14,Poor service,No promo
5884,True,Comparison Site,North,55-64,Classic,2,Fees too high,Joined on promo
5886,True,Comparison Site,Midlands,35-44,Silver,16,Fees too high,Joined on promo
5894,False,Online,Wales & NI,25-34,Classic,10,Bereavement,No promo
5899,False,Branch,South East,35-44,Platinum,5,Unknown,No promo
5903,True,Outbound,Midlands,35-44,Classic,19,Unknown,Joined on promo
5905,True,Comparison Site,London,25-34,Silver,5,Fees too high,Joined on promo
5907,False,Online,London,35-44,Classic,2,Unknown,No promo
5914,False,Comparison Site,London,25-34,Silver,3,Poor service,No promo
5919,True,Online,London,18-24,Classic,11,Fees too high,Joined on promo
5924,False,Comparison Site,Midlands,35-44,Silver,10,Fees too high,No promo
5927,True,Online,London,45-54,Silver,7,Fees too high,Joined on promo
5929,False,Comparison Site,South East,45-54,Classic,14,Switched provider,No promo
5937,True,Comparison Site,South East,18-24,Silver,4,Switched provider,Joined on promo
5938,False,Broker/IFA,London,18-24,Platinum,17,Switched provider,No promo
5940,False,Comparison Site,North,35-44,Classic,5,Unknown,No promo
5942,True,Comparison Site,Midlands,35-44,Gold,19,Fees too high,Joined on promo
5944,False,Branch,London,45-54,Silver,11,Unknown,No promo
5946,False,Branch,London,55-64,Silver,1,Poor service,No promo
5952,False,Comparison Site,South East,18-24,Silver,2,Fees too high,No promo
5955,True,Comparison Site,Midlands,65+,Classic,2,Fees too high,Joined on promo
5960,True,Online,Scotland,18-24,Classic,8,Bereavement,Joined on promo
5963,False,Comparison Site,London,35-44,Silver,11,Fees too high,No promo
5964,False,Comparison Site,London,25-34,Classic,13,Poor service,No promo
5965,True,Comparison Site,Scotland,25-34,Silver,7,Fees too high,Joined on promo
5966,False,Online,London,25-34,Classic,5,Unknown,No promo
5970,True,Outbound,Midlands,35-44,Silver,5,Switched provider,Joined on promo
5974,False,Online,Midlands,25-34,Silver,2,Poor service,No promo
5976,True,Outbound,London,18-24,Silver,7,Switched provider,Joined on promo
5994,True,Online,Wales & NI,18-24,Silver,18,Fees too high,Joined on promo
5995,True,Online,North,45-54,Gold,13,Unknown,Joined on promo
6005,False,Online,London,55-64,Silver,12,Unknown,No promo
6006,True,Online,Scotland,25-34,Gold,19,Fees too high,Joined on promo
6009,False,Comparison Site,North,25-34,Classic,1,Fees too high,No promo
6010,True,Comparison Site,South East,35-44,Classic,1,Switched provider,Joined on promo
6014,True,Online,London,18-24,Gold,1,Unhappy with perks,Joined on promo
6015,True,Online,South East,35-44,Silver,16,Fees too high,Joined on promo
6019,False,Referral,Midlands,25-34,Silver,8,Moved abroad,No promo
6021,False,Outbound,South East,35-44,Classic,1,Poor service,No promo
6022,False,Referral,North,55-64,Gold,1,Unhappy with perks,No promo
6025,True,Comparison Site,Scotland,25-34,Classic,3,Fees too high,Joined on promo
6027,False,Comparison Site,Scotland,25-34,Classic,18,Fees too high,No promo
6033,False,Comparison Site,Midlands,25-34,Classic,15,Switched provider,No promo
6035,False,Comparison Site,London,35-44,Silver,2,Switched provider,No promo
6038,False,Outbound,South East,35-44,Classic,10,Fees too high,No promo
6039,True,Online,North,55-64,Platinum,5,Poor service,Joined on promo
6040,False,Online,Wales & NI,65+,Silver,18,Unknown,No promo
6044,False,Referral,London,45-54,Silver,5,Poor service,No promo
6045,False,Online,North,25-34,Classic,2,Poor service,No promo
6053,False,Referral,London,45-54,Platinum,9,Switched provider,No promo
6063,False,Online,South East,25-34,Gold,16,Poor service,No promo
6073,False,Comparison Site,South East,65+,Classic,1,Unknown,No promo
6074,False,Online,North,25-34,Gold,3,Bereavement,No promo
6078,False,Online,South East,25-34,Classic,11,Poor service,No promo
6080,False,Online,South East,18-24,Classic,16,Switched provider,No promo
6086,False,Broker/IFA,Scotland,18-24,Gold,6,Poor service,No promo
6088,False,Referral,North,18-24,Gold,16,Unknown,No promo
6090,False,Outbound,North,45-54,Gold,12,Fees too high,No promo
6094,False,Broker/IFA,South East,45-54,Platinum,12,Unknown,No promo
6103,False,Comparison Site,Scotland,25-34,Silver,4,Fees too high,No promo
6114,False,Branch,Midlands,25-34,Gold,1,Unhappy with perks,No promo
6121,True,Comparison Site,London,45-54,Silver,10,Unhappy with perks,Joined on promo
6122,False,Referral,North,25-34,Classic,10,Switched provider,No promo
6134,True,Outbound,North,35-44,Classic,4,Fees too high,Joined on promo
6136,True,Online,North,35-44,Gold,7,Fees too high,Joined on promo
6137,True,Online,Midlands,18-24,Classic,7,Fees too high,Joined on promo
6143,False,Comparison Site,South East,55-64,Classic,2,Unknown,No promo
6144,False,Outbound,London,35-44,Silver,18,Bereavement,No promo
6146,False,Online,London,55-64,Silver,2,Poor service,No promo
6148,True,Online,South East,25-34,Silver,17,Fees too high,Joined on promo
6150,False,Branch,South East,25-34,Gold,18,Unhappy with perks,No promo
6151,False,Outbound,Scotland,45-54,Silver,17,Bereavement,No promo
6152,True,Comparison Site,North,35-44,Classic,8,Fees too high,Joined on promo
6155,True,Online,Midlands,35-44,Silver,1,Fees too high,Joined on promo
6159,False,Online,North,45-54,Classic,16,Poor service,No promo
6160,False,Broker/IFA,South East,25-34,Classic,1,Poor service,No promo
6162,False,Outbound,Scotland,65+,Classic,2,Bereavement,No promo
6164,True,Comparison Site,South East,25-34,Silver,2,Poor service,Joined on promo
6165,False,Referral,London,25-34,Platinum,10,Unknown,No promo
6170,True,Comparison Site,South East,25-34,Gold,7,Fees too high,Joined on promo
6172,False,Outbound,Midlands,25-34,Classic,7,Switched provider,No promo
6181,False,Online,Scotland,45-54,Classic,5,Poor service,No promo
6183,True,Online,South East,55-64,Classic,7,Fees too high,Joined on promo
6187,False,Outbound,North,35-44,Classic,18,Poor service,No promo
6188,False,Branch,London,45-54,Classic,13,Unknown,No promo
6194,True,Online,North,25-34,Gold,11,Poor service,Joined on promo
6195,False,Online,North,45-54,Classic,1,Poor service,No promo
6198,False,Branch,London,25-34,Platinum,4,Unhappy with perks,No promo
6200,False,Referral,North,35-44,Classic,9,Poor service,No promo
6202,True,Online,London,18-24,Gold,16,Fees too high,Joined on promo
6203,False,Online,South East,55-64,Silver,4,Switched provider,No promo
6204,True,Comparison Site,South East,25-34,Silver,3,Bereavement,Joined on promo
6206,True,Online,Scotland,25-34,Gold,5,Fees too high,Joined on promo
6208,False,Comparison Site,Midlands,45-54,Classic,5,Poor service,No promo
6214,False,Comparison Site,North,45-54,Classic,7,Fees too high,No promo
6216,False,Comparison Site,North,55-64,Classic,12,Fees too high,No promo
6218,True,Online,South East,25-34,Platinum,8,Switched provider,Joined on promo
6219,False,Comparison Site,Scotland,35-44,Classic,4,Poor service,No promo
6223,False,Online,London,25-34,Classic,11,Unknown,No promo
6225,True,Referral,North,25-34,Silver,2,Fees too high,Joined on promo
6233,False,Online,London,18-24,Gold,1,Poor service,No promo
6237,False,Branch,South East,35-44,Silver,11,Poor service,No promo
6242,False,Online,London,18-24,Silver,1,Unknown,No promo
6243,False,Referral,London,25-34,Platinum,10,Unhappy with perks,No promo
6244,False,Comparison Site,Midlands,35-44,Classic,1,Poor service,No promo
6246,False,Comparison Site,South East,25-34,Silver,2,Bereavement,No promo
6255,False,Online,North,25-34,Gold,18,Unhappy with perks,No promo
6264,True,Online,South East,25-34,Silver,12,Fees too high,Joined on promo
6265,False,Comparison Site,Midlands,18-24,Silver,1,Poor service,No promo
6269,False,Referral,London,55-64,Gold,6,Unhappy with perks,No promo
6270,False,Online,Midlands,35-44,Platinum,7,Unhappy with perks,No promo
6271,False,Online,Wales & NI,45-54,Silver,15,Unknown,No promo
6274,True,Comparison Site,London,18-24,Silver,7,Fees too high,Joined on promo
6276,True,Comparison Site,Midlands,45-54,Classic,12,Fees too high,Joined on promo
6289,False,Branch,Midlands,25-34,Classic,2,Switched provider,No promo
6290,True,Comparison Site,Midlands,25-34,Classic,13,Poor service,Joined on promo
6291,True,Outbound,Midlands,25-34,Classic,5,Switched provider,Joined on promo
6294,True,Online,Wales & NI,25-34,Classic,1,Fees too high,Joined on promo
6299,True,Online,London,18-24,Silver,14,Fees too high,Joined on promo
6303,True,Outbound,North,65+,Silver,17,Fees too high,Joined on promo
6305,False,Online,London,55-64,Gold,9,Moved abroad,No promo
6306,False,Referral,Midlands,35-44,Silver,9,Unhappy with perks,No promo
6310,True,Comparison Site,North,45-54,Gold,17,Fees too high,Joined on promo
6311,True,Online,London,35-44,Classic,1,Fees too high,Joined on promo
6314,False,Broker/IFA,Midlands,35-44,Gold,1,Fees too high,No promo
6320,False,Online,South East,45-54,Silver,5,Unknown,No promo
6324,False,Online,Scotland,45-54,Gold,8,Unknown,No promo
6336,True,Outbound,London,55-64,Gold,1,Unknown,Joined on promo
6340,False,Online,North,35-44,Silver,6,Fees too high,No promo
6341,False,Online,Midlands,65+,Classic,8,Unknown,No promo
6343,False,Comparison Site,North,25-34,Silver,13,Unknown,No promo
6345,False,Comparison Site,South East,35-44,Platinum,9,Unknown,No promo
6351,True,Outbound,Scotland,25-34,Silver,6,Fees too high,Joined on promo
6361,False,Referral,London,45-54,Silver,15,Poor service,No promo
6363,False,Online,London,45-54,Gold,10,Poor service,No promo
6364,False,Comparison Site,London,55-64,Silver,10,Fees too high,No promo
6365,False,Branch,Scotland,55-64,Classic,2,Moved abroad,No promo
6377,False,Branch,Wales & NI,35-44,Classic,8,Unknown,No promo
6378,True,Online,South East,35-44,Gold,15,Unhappy with perks,Joined on promo
6379,False,Comparison Site,London,45-54,Classic,2,Moved abroad,No promo
6383,True,Comparison Site,South East,55-64,Classic,6,Fees too high,Joined on promo
6385,False,Online,Wales & NI,18-24,Silver,14,Poor service,No promo
6388,False,Broker/IFA,Wales & NI,25-34,Platinum,10,Fees too high,No promo
6391,True,Outbound,North,35-44,Classic,13,Fees too high,Joined on promo
6393,True,Comparison Site,Wales & NI,45-54,Silver,3,Unknown,Joined on promo
6396,True,Referral,North,25-34,Gold,1,Unhappy with perks,Joined on promo
6398,True,Outbound,North,25-34,Silver,2,Switched provider,Joined on promo
6402,True,Comparison Site,North,55-64,Classic,1,Fees too high,Joined on promo
6410,False,Comparison Site,North,18-24,Silver,1,Unknown,No promo
6411,False,Online,Midlands,25-34,Classic,13,Poor service,No promo
6414,True,Comparison Site,South East,18-24,Silver,5,Poor service,Joined on promo
6417,False,Outbound,North,25-34,Silver,12,Poor service,No promo
6418,True,Comparison Site,Midlands,25-34,Classic,12,Fees too high,Joined on promo
6423,True,Comparison Site,London,35-44,Classic,3,Fees too high,Joined on promo
6428,False,Comparison Site,Scotland,18-24,Classic,3,Poor service,No promo
6433,True,Comparison Site,North,65+,Classic,7,Fees too high,Joined on promo
6434,True,Outbound,Scotland,45-54,Silver,15,Fees too high,Joined on promo
6440,False,Referral,Wales & NI,35-44,Platinum,17,Unhappy with perks,No promo
6446,False,Online,North,25-34,Silver,10,Unknown,No promo
6449,False,Branch,London,25-34,Gold,2,Unhappy with perks,No promo
6456,False,Referral,Midlands,25-34,Platinum,15,Moved abroad,No promo
6457,False,Online,South East,35-44,Silver,6,Poor service,No promo
6460,False,Online,Scotland,25-34,Classic,11,Poor service,No promo
6461,True,Comparison Site,London,65+,Silver,10,Fees too high,Joined on promo
6470,True,Comparison Site,North,35-44,Classic,2,Unknown,Joined on promo
6472,True,Comparison Site,South East,18-24,Gold,7,Switched provider,Joined on promo
6476,False,Comparison Site,Midlands,35-44,Classic,3,Moved abroad,No promo
6481,False,Comparison Site,Scotland,25-34,Silver,16,Unknown,No promo
6482,False,Broker/IFA,Midlands,35-44,Silver,14,Poor service,No promo
6486,False,Online,North,65+,Classic,16,Poor service,No promo
6487,False,Broker/IFA,North,35-44,Silver,5,Switched provider,No promo
6491,False,Broker/IFA,North,25-34,Gold,10,Poor service,No promo
6497,False,Comparison Site,Midlands,45-54,Classic,2,Fees too high,No promo
6498,False,Online,Midlands,18-24,Classic,12,Moved abroad,No promo
6500,False,Referral,North,35-44,Gold,12,Unhappy with perks,No promo
6501,True,Comparison Site,North,18-24,Classic,4,Switched provider,Joined on promo
6504,False,Branch,Wales & NI,45-54,Classic,7,Poor service,No promo
6508,False,Online,North,35-44,Classic,10,Moved abroad,No promo
6509,False,Comparison Site,South East,55-64,Classic,9,Unknown,No promo
6516,False,Broker/IFA,London,65+,Classic,5,Moved abroad,No promo
6517,False,Branch,London,55-64,Silver,3,Moved abroad,No promo
6519,False,Outbound,London,65+,Silver,17,Unknown,No promo
6520,False,Referral,North,35-44,Gold,15,Unknown,No promo
6522,True,Online,Midlands,25-34,Gold,15,Unhappy with perks,Joined on promo
6544,True,Comparison Site,Scotland,25-34,Classic,1,Fees too high,Joined on promo
6550,True,Comparison Site,London,35-44,Silver,2,Switched provider,Joined on promo
6558,False,Broker/IFA,South East,45-54,Gold,4,Moved abroad,No promo
6560,True,Comparison Site,North,55-64,Classic,2,Fees too high,Joined on promo
6563,True,Comparison Site,London,45-54,Classic,13,Fees too high,Joined on promo
6564,True,Comparison Site,North,18-24,Silver,11,Unknown,Joined on promo
6566,True,Comparison Site,London,55-64,Silver,7,Unknown,Joined on promo
6567,False,Online,London,65+,Classic,4,Unknown,No promo
6569,False,Broker/IFA,Midlands,45-54,Silver,2,Unknown,No promo
6571,True,Comparison Site,London,18-24,Silver,6,Fees too high,Joined on promo
6572,False,Online,Midlands,45-54,Classic,10,Poor service,No promo
6573,True,Outbound,Wales & NI,35-44,Gold,16,Unhappy with perks,Joined on promo
6580,False,Outbound,Midlands,35-44,Gold,8,Unhappy with perks,No promo
6589,False,Comparison Site,South East,18-24,Classic,1,Fees too high,No promo
6592,False,Outbound,South East,25-34,Silver,17,Unknown,No promo
6599,False,Outbound,Midlands,18-24,Classic,2,Poor service,No promo
6600,False,Referral,South East,25-34,Silver,8,Unknown,No promo
6613,False,Outbound,London,18-24,Platinum,8,Poor service,No promo
6616,False,Comparison Site,South East,35-44,Classic,1,Fees too high,No promo
6622,False,Online,London,55-64,Classic,5,Switched provider,No promo
6624,False,Referral,Wales & NI,25-34,Classic,2,Switched provider,No promo
6625,False,Outbound,Scotland,65+,Silver,2,Fees too high,No promo
6626,False,Branch,Midlands,25-34,Gold,7,Unhappy with perks,No promo
6631,True,Comparison Site,Midlands,35-44,Silver,4,Fees too high,Joined on promo
6633,False,Online,North,25-34,Silver,15,Fees too high,No promo
6640,False,Online,South East,18-24,Silver,1,Unknown,No promo
6646,False,Online,Midlands,25-34,Gold,1,Unhappy with perks,No promo
6656,False,Comparison Site,London,45-54,Silver,12,Fees too high,No promo
6657,False,Comparison Site,London,35-44,Classic,2,Unknown,No promo
6664,True,Branch,North,18-24,Classic,14,Bereavement,Joined on promo
6667,True,Online,Wales & NI,45-54,Silver,1,Moved abroad,Joined on promo
6671,False,Comparison Site,North,45-54,Classic,1,Switched provider,No promo
6674,True,Comparison Site,South East,25-34,Classic,9,Fees too high,Joined on promo
6675,True,Comparison Site,Wales & NI,25-34,Classic,7,Moved abroad,Joined on promo
6681,False,Broker/IFA,South East,35-44,Gold,11,Unhappy with perks,No promo
6683,False,Comparison Site,Midlands,25-34,Silver,9,Bereavement,No promo
6684,True,Comparison Site,North,18-24,Classic,14,Fees too high,Joined on promo
6690,False,Comparison Site,South East,35-44,Classic,1,Unknown,No promo
6697,True,Online,Scotland,55-64,Silver,4,Fees too high,Joined on promo
6703,False,Branch,South East,45-54,Classic,3,Poor service,No promo
6705,True,Comparison Site,Midlands,18-24,Classic,2,Fees too high,Joined on promo
6716,True,Comparison Site,North,25-34,Gold,13,Fees too high,Joined on promo
6723,True,Comparison Site,Midlands,35-44,Classic,12,Fees too high,Joined on promo
6728,False,Branch,North,25-34,Silver,1,Fees too high,No promo
6731,False,Online,Midlands,25-34,Classic,5,Switched provider,No promo
6732,False,Comparison Site,South East,25-34,Silver,9,Poor service,No promo
6736,False,Online,South East,45-54,Gold,8,Switched provider,No promo
6738,True,Online,Midlands,45-54,Classic,3,Fees too high,Joined on promo
6739,False,Comparison Site,Scotland,18-24,Silver,12,Switched provider,No promo
6743,True,Comparison Site,London,35-44,Classic,3,Fees too high,Joined on promo
6747,True,Comparison Site,North,45-54,Silver,6,Fees too high,Joined on promo
6748,True,Referral,Scotland,45-54,Classic,7,Fees too high,Joined on promo
6750,False,Comparison Site,London,45-54,Silver,10,Fees too high,No promo
6755,True,Comparison Site,London,45-54,Classic,7,Switched provider,Joined on promo
6756,True,Online,Scotland,55-64,Classic,2,Moved abroad,Joined on promo
6760,True,Referral,Scotland,35-44,Silver,10,Switched provider,Joined on promo
6761,False,Online,North,45-54,Classic,5,Switched provider,No promo
6762,False,Online,London,25-34,Silver,14,Unhappy with perks,No promo
6763,True,Comparison Site,South East,25-34,Silver,7,Fees too high,Joined on promo
6766,False,Online,London,18-24,Silver,2,Poor service,No promo
6767,False,Comparison Site,Wales & NI,25-34,Classic,7,Switched provider,No promo
6775,False,Comparison Site,North,35-44,Classic,12,Fees too high,No promo
6786,False,Online,South East,25-34,Classic,1,Moved abroad,No promo
6794,False,Branch,Midlands,18-24,Gold,1,Switched provider,No promo
6797,False,Comparison Site,North,55-64,Silver,10,Fees too high,No promo
6798,False,Online,Wales & NI,65+,Classic,16,Unknown,No promo
6803,True,Outbound,South East,55-64,Silver,2,Fees too high,Joined on promo
6805,True,Online,Midlands,25-34,Classic,7,Fees too high,Joined on promo
6810,False,Outbound,London,35-44,Silver,5,Poor service,No promo
6812,True,Comparison Site,North,45-54,Gold,7,Moved abroad,Joined on promo
6814,False,Branch,North,35-44,Silver,2,Poor service,No promo
6816,False,Outbound,North,55-64,Gold,5,Unhappy with perks,No promo
6818,True,Online,South East,35-44,Classic,7,Poor service,Joined on promo
6821,False,Outbound,Wales & NI,35-44,Classic,15,Switched provider,No promo
6822,False,Branch,Midlands,45-54,Classic,15,Poor service,No promo
6824,True,Comparison Site,South East,45-54,Classic,12,Fees too high,Joined on promo
6825,True,Comparison Site,Scotland,35-44,Classic,3,Poor service,Joined on promo
6828,True,Comparison Site,South East,25-34,Gold,9,Fees too high,Joined on promo
6833,False,Online,South East,55-64,Gold,13,Poor service,No promo
6834,False,Branch,London,55-64,Gold,15,Poor service,No promo
6838,True,Comparison Site,London,35-44,Classic,1,Unknown,Joined on promo
6844,True,Comparison Site,Midlands,45-54,Classic,4,Fees too high,Joined on promo
6845,False,Comparison Site,South East,25-34,Classic,1,Unknown,No promo
6848,True,Outbound,North,18-24,Silver,3,Fees too high,Joined on promo
6849,False,Comparison Site,South East,18-24,Classic,15,Fees too high,No promo
6850,True,Comparison Site,London,35-44,Silver,1,Fees too high,Joined on promo
6852,False,Referral,South East,25-34,Platinum,10,Unhappy with perks,No promo
6858,False,Comparison Site,London,35-44,Classic,4,Poor service,No promo
6859,False,Comparison Site,North,25-34,Silver,1,Fees too high,No promo
6861,True,Comparison Site,North,25-34,Classic,2,Poor service,Joined on promo
6862,True,Online,London,55-64,Classic,15,Switched provider,Joined on promo
6865,True,Comparison Site,London,18-24,Classic,2,Switched provider,Joined on promo
6872,False,Broker/IFA,South East,45-54,Classic,11,Bereavement,No promo
6875,True,Comparison Site,South East,25-34,Gold,13,Fees too high,Joined on promo
6885,False,Online,London,25-34,Silver,15,Unknown,No promo
6887,False,Branch,Midlands,35-44,Silver,4,Poor service,No promo
6888,True,Online,Midlands,35-44,Classic,5,Unknown,Joined on promo
6889,False,Outbound,Scotland,35-44,Classic,13,Unknown,No promo
6893,False,Online,Wales & NI,45-54,Silver,15,Poor service,No promo
6895,True,Online,London,65+,Silver,5,Fees too high,Joined on promo
6896,True,Referral,North,55-64,Silver,15,Fees too high,Joined on promo
6900,False,Referral,South East,35-44,Platinum,6,Unhappy with perks,No promo
6903,True,Outbound,Midlands,35-44,Classic,7,Fees too high,Joined on promo
6904,False,Comparison Site,South East,35-44,Classic,1,Fees too high,No promo
6907,True,Referral,South East,18-24,Silver,7,Fees too high,Joined on promo
6911,True,Comparison Site,Midlands,25-34,Silver,3,Switched provider,Joined on promo
6912,False,Comparison Site,London,35-44,Classic,13,Fees too high,No promo
6914,False,Branch,North,25-34,Platinum,13,Switched provider,No promo
6915,False,Comparison Site,Scotland,35-44,Classic,12,Bereavement,No promo
6918,True,Comparison Site,Scotland,25-34,Silver,4,Fees too high,Joined on promo
6921,True,Comparison Site,North,45-54,Classic,9,Unknown,Joined on promo
6922,False,Comparison Site,Midlands,25-34,Silver,16,Switched provider,No promo
6926,False,Online,London,18-24,Silver,8,Fees too high,No promo
6929,True,Online,North,25-34,Silver,2,Switched provider,Joined on promo
6931,True,Outbound,Scotland,25-34,Silver,12,Fees too high,Joined on promo
6939,True,Comparison Site,London,35-44,Classic,3,Poor service,Joined on promo
6943,True,Comparison Site,London,65+,Silver,6,Bereavement,Joined on promo
6944,False,Branch,North,35-44,Silver,11,Poor service,No promo
6945,True,Outbound,London,25-34,Silver,9,Unknown,Joined on promo
6946,False,Broker/IFA,London,45-54,Gold,1,Poor service,No promo
6947,False,Branch,Scotland,65+,Classic,15,Poor service,No promo
6948,False,Comparison Site,Wales & NI,25-34,Classic,3,Poor service,No promo
6950,False,Comparison Site,Scotland,18-24,Silver,1,Poor service,No promo
6951,False,Branch,Midlands,35-44,Gold,7,Switched provider,No promo
6955,False,Outbound,Scotland,35-44,Gold,2,Unhappy with perks,No promo
6958,False,Outbound,London,55-64,Classic,2,Moved abroad,No promo
6963,True,Comparison Site,London,25-34,Platinum,11,Switched provider,Joined on promo
6968,True,Online,Scotland,35-44,Classic,7,Fees too high,Joined on promo
6973,True,Comparison Site,Midlands,45-54,Classic,7,Fees too high,Joined on promo
6974,False,Online,Scotland,55-64,Gold,12,Unhappy with perks,No promo
6980,True,Comparison Site,London,45-54,Classic,12,Switched provider,Joined on promo
6983,True,Comparison Site,North,25-34,Silver,10,Switched provider,Joined on promo
6995,True,Comparison Site,North,55-64,Classic,1,Bereavement,Joined on promo
6996,False,Outbound,London,35-44,Gold,2,Unknown,No promo
6997,False,Branch,South East,45-54,Classic,2,Unknown,No promo
7000,True,Online,South East,65+,Classic,5,Fees too high,Joined on promo
7001,False,Branch,North,45-54,Classic,6,Moved abroad,No promo
7002,False,Outbound,North,45-54,Silver,6,Poor service,No promo
7008,True,Outbound,London,18-24,Classic,4,Poor service,Joined on promo
7009,False,Branch,Midlands,35-44,Gold,1,Fees too high,No promo
7013,False,Online,South East,45-54,Classic,7,Unknown,No promo
7015,True,Branch,London,25-34,Gold,7,Switched provider,Joined on promo
7016,False,Online,South East,35-44,Classic,2,Switched provider,No promo
7017,True,Online,Midlands,65+,Silver,7,Fees too high,Joined on promo
7018,False,Online,South East,55-64,Classic,1,Unknown,No promo
7020,False,Comparison Site,Wales & NI,45-54,Classic,6,Fees too high,No promo
7023,False,Branch,South East,25-34,Silver,11,Poor service,No promo
7026,False,Online,Scotland,18-24,Classic,4,Poor service,No promo
7038,True,Comparison Site,London,35-44,Silver,1,Fees too high,Joined on promo
7040,True,Broker/IFA,Midlands,35-44,Gold,4,Fees too high,Joined on promo
7047,False,Comparison Site,Midlands,45-54,Silver,4,Poor service,No promo
7054,True,Outbound,Scotland,55-64,Classic,4,Poor service,Joined on promo
7055,True,Online,London,35-44,Silver,12,Fees too high,Joined on promo
7062,False,Comparison Site,London,35-44,Classic,2,Fees too high,No promo
7065,False,Online,Scotland,45-54,Classic,14,Poor service,No promo
7070,False,Comparison Site,Midlands,55-64,Classic,2,Bereavement,No promo
7072,True,Outbound,London,25-34,Classic,1,Fees too high,Joined on promo
7074,False,Comparison Site,Midlands,25-34,Silver,2,Fees too high,No promo
7084,True,Comparison Site,North,25-34,Classic,7,Fees too high,Joined on promo
7089,False,Outbound,Wales & NI,25-34,Silver,3,Moved abroad,No promo
7090,False,Online,North,55-64,Silver,12,Poor service,No promo
7093,True,Comparison Site,London,45-54,Classic,2,Fees too high,Joined on promo
7100,True,Comparison Site,Midlands,35-44,Classic,10,Fees too high,Joined on promo
7103,True,Comparison Site,South East,25-34,Classic,10,Unknown,Joined on promo
7106,True,Outbound,Midlands,25-34,Classic,2,Poor service,Joined on promo
7118,False,Branch,South East,25-34,Gold,4,Unhappy with perks,No promo
7120,True,Comparison Site,Midlands,25-34,Silver,1,Fees too high,Joined on promo
7123,False,Referral,Scotland,45-54,Silver,12,Unhappy with perks,No promo
7124,True,Comparison Site,South East,25-34,Gold,2,Fees too high,Joined on promo
7127,True,Comparison Site,Midlands,45-54,Classic,1,Fees too high,Joined on promo
7129,True,Online,Wales & NI,45-54,Silver,2,Unknown,Joined on promo
7131,True,Online,London,25-34,Classic,5,Poor service,Joined on promo
7133,True,Comparison Site,South East,55-64,Classic,2,Poor service,Joined on promo
7137,True,Referral,Midlands,65+,Silver,10,Switched provider,Joined on promo
7148,False,Branch,Midlands,25-34,Classic,15,Poor service,No promo
7160,False,Outbound,Wales & NI,45-54,Silver,8,Unknown,No promo
7162,True,Online,Midlands,25-34,Silver,7,Fees too high,Joined on promo
7172,False,Comparison Site,North,25-34,Classic,5,Switched provider,No promo
7176,False,Outbound,London,25-34,Silver,16,Unknown,No promo
7177,False,Comparison Site,North,55-64,Classic,1,Poor service,No promo
7180,False,Outbound,London,35-44,Classic,3,Unknown,No promo
7187,False,Comparison Site,Wales & NI,18-24,Classic,5,Moved abroad,No promo
7190,False,Referral,London,35-44,Platinum,6,Unhappy with perks,No promo
7191,True,Outbound,North,35-44,Classic,2,Poor service,Joined on promo
7203,True,Comparison Site,Midlands,35-44,Classic,7,Fees too high,Joined on promo
7205,True,Comparison Site,South East,25-34,Classic,7,Switched provider,Joined on promo
7207,False,Branch,North,25-34,Classic,13,Moved abroad,No promo
7208,False,Online,North,65+,Gold,4,Switched provider,No promo
7210,False,Comparison Site,Scotland,55-64,Silver,7,Poor service,No promo
7211,True,Comparison Site,Scotland,55-64,Classic,4,Poor service,Joined on promo
7212,False,Outbound,North,25-34,Silver,1,Fees too high,No promo
7213,False,Branch,Midlands,45-54,Gold,8,Fees too high,No promo
7214,False,Online,London,35-44,Classic,4,Fees too high,No promo
7216,False,Online,London,45-54,Silver,1,Moved abroad,No promo
7220,True,Comparison Site,London,25-34,Classic,2,Switched provider,Joined on promo
7222,False,Branch,Scotland,35-44,Classic,4,Poor service,No promo
7224,False,Online,London,45-54,Classic,13,Unknown,No promo
7225,False,Online,London,45-54,Gold,8,Unknown,No promo
7231,False,Comparison Site,South East,35-44,Classic,12,Poor service,No promo
7238,True,Online,Midlands,25-34,Classic,13,Unknown,Joined on promo
7239,True,Comparison Site,South East,35-44,Classic,6,Fees too high,Joined on promo
7242,False,Online,South East,45-54,Silver,4,Switched provider,No promo
7245,False,Branch,South East,55-64,Silver,2,Unknown,No promo
7246,False,Comparison Site,North,45-54,Classic,6,Switched provider,No promo
7258,False,Referral,London,25-34,Silver,3,Unknown,No promo
7259,True,Online,London,25-34,Classic,3,Fees too high,Joined on promo
7262,False,Branch,North,45-54,Silver,1,Switched provider,No promo
7266,False,Branch,Wales & NI,45-54,Gold,7,Fees too high,No promo
7270,False,Online,Wales & NI,25-34,Classic,13,Bereavement,No promo
7271,True,Comparison Site,Wales & NI,35-44,Silver,7,Fees too high,Joined on promo
7276,True,Branch,South East,45-54,Silver,5,Fees too high,Joined on promo
7280,True,Comparison Site,South East,18-24,Classic,2,Fees too high,Joined on promo
7284,True,Online,London,45-54,Gold,1,Fees too high,Joined on promo
7285,True,Comparison Site,London,55-64,Classic,1,Switched provider,Joined on promo
7286,False,Branch,South East,35-44,Gold,16,Unhappy with perks,No promo
7289,False,Branch,North,65+,Silver,12,Switched provider,No promo
7297,True,Comparison Site,North,25-34,Silver,9,Switched provider,Joined on promo
7302,True,Comparison Site,Midlands,35-44,Classic,6,Fees too high,Joined on promo
7303,False,Branch,London,65+,Silver,7,Bereavement,No promo
7306,False,Referral,London,55-64,Silver,12,Bereavement,No promo
7314,True,Comparison Site,Wales & NI,45-54,Classic,1,Switched provider,Joined on promo
7315,True,Comparison Site,London,25-34,Classic,7,Fees too high,Joined on promo
7321,True,Comparison Site,South East,65+,Classic,10,Fees too high,Joined on promo
7324,True,Comparison Site,North,35-44,Gold,2,Unknown,Joined on promo
7326,False,Referral,Scotland,25-34,Silver,9,Poor service,No promo
7337,True,Outbound,South East,65+,Classic,3,Poor service,Joined on promo
7347,False,Online,South East,18-24,Platinum,10,Poor service,No promo
7349,True,Comparison Site,Scotland,18-24,Classic,2,Moved abroad,Joined on promo
7351,True,Online,Midlands,65+,Gold,7,Moved abroad,Joined on promo
7352,False,Referral,North,65+,Silver,12,Poor service,No promo
7353,False,Branch,London,25-34,Silver,8,Switched provider,No promo
7355,False,Referral,North,55-64,Gold,13,Unhappy with perks,No promo
7356,True,Comparison Site,South East,55-64,Platinum,7,Poor service,Joined on promo
7360,False,Outbound,Midlands,35-44,Silver,9,Unknown,No promo
7363,False,Comparison Site,London,25-34,Silver,11,Unhappy with perks,No promo
7366,True,Comparison Site,London,35-44,Classic,10,Fees too high,Joined on promo
7368,True,Comparison Site,Midlands,18-24,Silver,5,Fees too high,Joined on promo
7370,False,Comparison Site,Scotland,55-64,Silver,2,Unknown,No promo
7371,True,Comparison Site,Midlands,45-54,Classic,7,Unknown,Joined on promo
7386,False,Branch,North,18-24,Platinum,15,Unhappy with perks,No promo
7389,True,Branch,South East,18-24,Classic,2,Fees too high,Joined on promo
7391,True,Comparison Site,Midlands,18-24,Silver,7,Fees too high,Joined on promo
7397,False,Outbound,South East,25-34,Silver,2,Unknown,No promo
7404,True,Comparison Site,North,25-34,Classic,7,Unknown,Joined on promo
7405,True,Online,South East,35-44,Classic,14,Switched provider,Joined on promo
7407,True,Comparison Site,Scotland,35-44,Classic,2,Fees too high,Joined on promo
7417,False,Comparison Site,North,65+,Classic,13,Poor service,No promo
7418,False,Referral,South East,65+,Gold,15,Poor service,No promo
7420,True,Comparison Site,Midlands,45-54,Silver,1,Unknown,Joined on promo
7421,True,Comparison Site,North,55-64,Silver,7,Fees too high,Joined on promo
7428,True,Comparison Site,South East,35-44,Classic,1,Moved abroad,Joined on promo
7429,True,Outbound,Midlands,55-64,Silver,4,Fees too high,Joined on promo
7444,False,Comparison Site,South East,25-34,Silver,3,Switched provider,No promo
7448,False,Branch,North,35-44,Silver,14,Unhappy with perks,No promo
7452,True,Comparison Site,Wales & NI,35-44,Classic,1,Poor service,Joined on promo
7458,False,Online,North,25-34,Classic,7,Unknown,No promo
7462,False,Outbound,Midlands,25-34,Silver,2,Switched provider,No promo
7466,True,Comparison Site,North,55-64,Classic,2,Fees too high,Joined on promo
7467,True,Referral,North,45-54,Silver,4,Fees too high,Joined on promo
7470,False,Comparison Site,Midlands,45-54,Classic,11,Switched provider,No promo
7473,True,Comparison Site,London,18-24,Silver,8,Fees too high,Joined on promo
7478,False,Broker/IFA,Scotland,18-24,Platinum,4,Moved abroad,No promo
7480,True,Comparison Site,North,55-64,Silver,7,Unknown,Joined on promo
7482,True,Comparison Site,Midlands,25-34,Silver,5,Fees too high,Joined on promo
7484,True,Branch,Scotland,18-24,Silver,7,Moved abroad,Joined on promo
7485,False,Online,South East,25-34,Classic,1,Unknown,No promo
7489,True,Online,North,55-64,Classic,6,Switched provider,Joined on promo
7495,False,Online,Wales & NI,25-34,Silver,2,Switched provider,No promo
7496,False,Online,Scotland,45-54,Gold,4,Unhappy with perks,No promo
7501,False,Referral,North,35-44,Gold,12,Unknown,No promo
7502,False,Branch,North,35-44,Gold,9,Switched provider,No promo
7503,True,Comparison Site,South East,55-64,Classic,5,Fees too high,Joined on promo
7505,False,Comparison Site,Midlands,35-44,Gold,11,Unhappy with perks,No promo
7506,False,Outbound,London,35-44,Classic,1,Switched provider,No promo
7513,True,Online,Wales & NI,65+,Platinum,14,Fees too high,Joined on promo
7514,False,Online,North,35-44,Silver,15,Poor service,No promo
7516,False,Outbound,South East,55-64,Classic,2,Unknown,No promo
7521,False,Online,North,45-54,Classic,2,Unknown,No promo
7525,False,Online,South East,25-34,Silver,12,Unknown,No promo
7529,False,Online,London,45-54,Silver,5,Unknown,No promo
7531,False,Outbound,Midlands,35-44,Classic,4,Switched provider,No promo
7534,True,Comparison Site,South East,35-44,Gold,1,Poor service,Joined on promo
7537,False,Online,North,35-44,Classic,5,Bereavement,No promo
7540,False,Branch,North,25-34,Silver,13,Fees too high,No promo
7546,True,Comparison Site,South East,35-44,Classic,14,Fees too high,Joined on promo
7548,False,Branch,Wales & NI,25-34,Silver,5,Poor service,No promo
7550,False,Outbound,North,25-34,Silver,9,Switched provider,No promo
7552,True,Comparison Site,Midlands,25-34,Classic,5,Poor service,Joined on promo
7557,True,Comparison Site,South East,35-44,Classic,1,Switched provider,Joined on promo
7560,False,Comparison Site,London,18-24,Silver,15,Unknown,No promo
7561,False,Comparison Site,South East,35-44,Classic,2,Fees too high,No promo
7562,False,Comparison Site,South East,45-54,Classic,3,Unknown,No promo
7566,True,Comparison Site,Midlands,45-54,Silver,14,Unhappy with perks,Joined on promo
7567,False,Online,Midlands,45-54,Classic,2,Switched provider,No promo
7572,False,Outbound,London,35-44,Gold,4,Switched provider,No promo
7573,False,Broker/IFA,North,55-64,Silver,12,Switched provider,No promo
7574,True,Comparison Site,Midlands,65+,Silver,10,Switched provider,Joined on promo
7575,False,Online,South East,18-24,Silver,2,Poor service,No promo
7578,True,Comparison Site,Midlands,55-64,Classic,9,Unknown,Joined on promo
7581,False,Online,Scotland,45-54,Classic,1,Unknown,No promo
7583,False,Referral,London,45-54,Silver,5,Fees too high,No promo
7585,False,Broker/IFA,North,18-24,Platinum,5,Poor service,No promo
7587,False,Outbound,Midlands,65+,Classic,11,Moved abroad,No promo
7597,True,Comparison Site,Wales & NI,35-44,Classic,7,Bereavement,Joined on promo
7602,False,Referral,South East,25-34,Gold,3,Fees too high,No promo
7604,False,Comparison Site,London,35-44,Silver,5,Poor service,No promo
7607,True,Comparison Site,Scotland,45-54,Classic,10,Fees too high,Joined on promo
7611,True,Comparison Site,Wales & NI,55-64,Classic,1,Fees too high,Joined on promo
7613,False,Referral,Midlands,18-24,Gold,7,Bereavement,No promo
7614,False,Outbound,South East,55-64,Classic,1,Unknown,No promo
7618,True,Online,Scotland,35-44,Classic,1,Poor service,Joined on promo
7625,True,Branch,North,45-54,Silver,1,Fees too high,Joined on promo
7628,True,Referral,North,35-44,Platinum,4,Fees too high,Joined on promo
7635,True,Online,Wales & NI,55-64,Gold,3,Unhappy with perks,Joined on promo
7637,True,Comparison Site,South East,25-34,Gold,3,Fees too high,Joined on promo
7638,False,Branch,Midlands,25-34,Gold,3,Unhappy with perks,No promo
7639,False,Branch,London,55-64,Gold,3,Poor service,No promo
7643,False,Online,London,45-54,Classic,5,Poor service,No promo
7645,False,Comparison Site,North,25-34,Classic,1,Unknown,No promo
7647,False,Broker/IFA,Wales & NI,35-44,Gold,1,Fees too high,No promo
7648,True,Online,London,65+,Classic,15,Fees too high,Joined on promo
7654,True,Online,South East,55-64,Gold,4,Unknown,Joined on promo
7658,False,Broker/IFA,North,55-64,Platinum,7,Unhappy with perks,No promo
7662,False,Online,Midlands,25-34,Classic,1,Poor service,No promo
7663,False,Branch,London,35-44,Platinum,10,Unhappy with perks,No promo
7675,True,Comparison Site,North,35-44,Classic,1,Moved abroad,Joined on promo
7683,True,Online,Midlands,65+,Silver,1,Fees too high,Joined on promo
7684,True,Comparison Site,South East,55-64,Classic,11,Fees too high,Joined on promo
7685,True,Comparison Site,North,25-34,Classic,12,Fees too high,Joined on promo
7687,False,Online,North,45-54,Silver,10,Moved abroad,No promo
7689,True,Comparison Site,Wales & NI,25-34,Silver,1,Fees too high,Joined on promo
7693,False,Branch,Midlands,45-54,Gold,11,Switched provider,No promo
7697,True,Comparison Site,London,35-44,Silver,12,Fees too high,Joined on promo
7704,True,Branch,North,25-34,Platinum,11,Unknown,Joined on promo
7710,True,Online,London,35-44,Classic,14,Fees too high,Joined on promo
7711,False,Branch,Midlands,45-54,Gold,8,Poor service,No promo
7712,False,Comparison Site,London,35-44,Classic,1,Switched provider,No promo
7718,True,Comparison Site,South East,25-34,Classic,9,Poor service,Joined on promo
7719,False,Comparison Site,Scotland,18-24,Classic,5,Unknown,No promo
7720,True,Outbound,North,35-44,Silver,7,Fees too high,Joined on promo
7721,True,Comparison Site,Scotland,35-44,Classic,3,Fees too high,Joined on promo
7729,True,Branch,South East,25-34,Platinum,1,Poor service,Joined on promo
7735,True,Online,Scotland,18-24,Gold,1,Unknown,Joined on promo
7736,True,Online,North,35-44,Silver,14,Unknown,Joined on promo
7741,True,Comparison Site,Midlands,25-34,Classic,4,Switched provider,Joined on promo
7742,True,Online,Midlands,18-24,Classic,3,Fees too high,Joined on promo
7743,False,Referral,North,25-34,Gold,2,Fees too high,No promo
7744,True,Comparison Site,North,55-64,Silver,4,Fees too high,Joined on promo
7749,False,Referral,North,35-44,Silver,1,Poor service,No promo
7750,False,Comparison Site,Midlands,65+,Classic,7,Poor service,No promo
7756,True,Comparison Site,London,18-24,Classic,7,Fees too high,Joined on promo
7760,False,Broker/IFA,North,18-24,Silver,5,Bereavement,No promo
7766,False,Online,Wales & NI,25-34,Silver,2,Unknown,No promo
7767,True,Online,South East,35-44,Silver,2,Poor service,Joined on promo
7769,False,Online,South East,45-54,Silver,4,Poor service,No promo
7770,False,Online,North,65+,Silver,8,Switched provider,No promo
7772,False,Referral,London,55-64,Silver,1,Fees too high,No promo
7774,True,Outbound,London,35-44,Gold,7,Fees too high,Joined on promo
7785,False,Comparison Site,London,45-54,Silver,1,Unknown,No promo
7789,False,Referral,Wales & NI,45-54,Classic,8,Unknown,No promo
7790,False,Online,London,18-24,Silver,5,Unknown,No promo
7791,False,Outbound,North,18-24,Silver,7,Poor service,No promo
7797,True,Online,Midlands,45-54,Gold,5,Poor service,Joined on promo
7810,False,Online,London,45-54,Classic,2,Poor service,No promo
7812,True,Comparison Site,Midlands,35-44,Gold,13,Fees too high,Joined on promo
7816,True,Comparison Site,London,55-64,Classic,8,Fees too high,Joined on promo
7818,True,Comparison Site,Midlands,35-44,Classic,3,Fees too high,Joined on promo
7819,True,Outbound,North,18-24,Silver,1,Poor service,Joined on promo
7822,True,Comparison Site,South East,18-24,Classic,1,Fees too high,Joined on promo
7830,True,Online,North,35-44,Silver,7,Fees too high,Joined on promo
7831,False,Outbound,London,55-64,Silver,10,Poor service,No promo
7832,False,Comparison Site,Scotland,18-24,Classic,1,Switched provider,No promo
7833,True,Comparison Site,Scotland,35-44,Classic,14,Fees too high,Joined on promo
7842,False,Online,London,18-24,Classic,1,Poor service,No promo
7843,False,Online,South East,18-24,Silver,11,Poor service,No promo
7846,False,Online,South East,25-34,Classic,7,Switched provider,No promo
7854,True,Comparison Site,South East,65+,Silver,2,Fees too high,Joined on promo
7855,False,Branch,Midlands,55-64,Classic,9,Unknown,No promo
7856,True,Online,South East,45-54,Gold,8,Fees too high,Joined on promo
7857,False,Outbound,South East,65+,Silver,3,Poor service,No promo
7866,True,Online,North,35-44,Gold,10,Fees too high,Joined on promo
7868,False,Online,South East,25-34,Platinum,12,Poor service,No promo
7872,True,Comparison Site,Midlands,55-64,Silver,2,Unknown,Joined on promo
7873,True,Comparison Site,North,45-54,Silver,12,Fees too high,Joined on promo
7879,False,Outbound,Scotland,35-44,Silver,7,Poor service,No promo
7880,False,Online,Scotland,55-64,Classic,5,Poor service,No promo
7884,False,Online,London,65+,Classic,7,Switched provider,No promo
7891,False,Online,London,55-64,Classic,1,Poor service,No promo
7892,False,Branch,South East,25-34,Platinum,1,Poor service,No promo
7893,False,Comparison Site,London,45-54,Classic,1,Moved abroad,No promo
7894,False,Comparison Site,South East,25-34,Silver,3,Unknown,No promo
7899,True,Comparison Site,South East,35-44,Classic,1,Fees too high,Joined on promo
7902,True,Comparison Site,North,25-34,Gold,2,Fees too high,Joined on promo
7906,False,Outbound,Midlands,35-44,Classic,13,Unknown,No promo
7910,False,Broker/IFA,London,35-44,Gold,2,Switched provider,No promo
7918,False,Online,London,45-54,Gold,8,Fees too high,No promo
7922,False,Branch,London,65+,Gold,7,Unknown,No promo
7924,False,Online,London,35-44,Silver,10,Fees too high,No promo
7929,False,Branch,North,45-54,Platinum,12,Poor service,No promo
7930,True,Comparison Site,North,35-44,Classic,2,Fees too high,Joined on promo
7933,True,Comparison Site,Midlands,25-34,Gold,7,Fees too high,Joined on promo
7934,False,Outbound,Midlands,55-64,Classic,12,Unhappy with perks,No promo
7935,True,Comparison Site,South East,35-44,Classic,3,Fees too high,Joined on promo
7937,True,Comparison Site,London,18-24,Silver,7,Switched provider,Joined on promo
7944,True,Comparison Site,London,25-34,Classic,7,Fees too high,Joined on promo
7952,False,Comparison Site,Midlands,35-44,Classic,6,Switched provider,No promo
7961,True,Comparison Site,North,45-54,Classic,7,Fees too high,Joined on promo
7962,False,Outbound,Midlands,25-34,Classic,4,Unknown,No promo
7966,False,Comparison Site,North,65+,Classic,1,Fees too high,No promo
7979,False,Comparison Site,South East,18-24,Silver,7,Moved abroad,No promo
7980,True,Comparison Site,Scotland,45-54,Classic,3,Unknown,Joined on promo
7985,True,Online,South East,35-44,Classic,12,Fees too high,Joined on promo
7986,False,Online,London,18-24,Silver,1,Poor service,No promo
7988,True,Comparison Site,Scotland,45-54,Silver,11,Fees too high,Joined on promo
7992,True,Comparison Site,North,35-44,Gold,11,Poor service,Joined on promo
7995,True,Online,Scotland,25-34,Gold,14,Switched provider,Joined on promo
7996,False,Comparison Site,North,65+,Silver,3,Switched provider,No promo
8003,False,Online,Midlands,35-44,Classic,5,Switched provider,No promo
8004,False,Outbound,London,55-64,Classic,1,Switched provider,No promo
8010,True,Comparison Site,Midlands,25-34,Classic,1,Fees too high,Joined on promo
8011,False,Online,North,35-44,Silver,14,Unknown,No promo
8019,True,Comparison Site,North,25-34,Silver,2,Switched provider,Joined on promo
8020,True,Comparison Site,London,45-54,Silver,4,Poor service,Joined on promo
8021,True,Outbound,North,45-54,Classic,9,Switched provider,Joined on promo
8026,False,Referral,Scotland,65+,Silver,1,Moved abroad,No promo
8040,True,Comparison Site,North,18-24,Silver,1,Switched provider,Joined on promo
8044,False,Comparison Site,South East,35-44,Classic,10,Switched provider,No promo
8048,False,Online,Wales & NI,18-24,Silver,2,Fees too high,No promo
8055,True,Comparison Site,Scotland,18-24,Silver,8,Fees too high,Joined on promo
8062,False,Referral,Scotland,25-34,Platinum,4,Unknown,No promo
8065,False,Branch,London,35-44,Silver,4,Unknown,No promo
8074,False,Outbound,London,35-44,Classic,5,Unknown,No promo
8078,False,Online,Midlands,35-44,Silver,6,Fees too high,No promo
8080,False,Branch,Midlands,35-44,Classic,2,Unknown,No promo
8081,True,Online,South East,35-44,Classic,11,Switched provider,Joined on promo
8083,False,Outbound,North,35-44,Silver,9,Poor service,No promo
8088,False,Comparison Site,London,25-34,Classic,9,Poor service,No promo
8094,False,Outbound,London,55-64,Silver,5,Unknown,No promo
8096,True,Comparison Site,Midlands,65+,Classic,8,Fees too high,Joined on promo
8098,True,Outbound,North,45-54,Silver,11,Fees too high,Joined on promo
8099,False,Branch,South East,18-24,Silver,12,Moved abroad,No promo
8100,True,Comparison Site,North,35-44,Classic,3,Poor service,Joined on promo
8101,True,Online,Midlands,45-54,Classic,1,Switched provider,Joined on promo
8106,False,Referral,London,18-24,Gold,7,Unhappy with perks,No promo
8114,False,Branch,Scotland,55-64,Gold,4,Unknown,No promo
8120,False,Branch,South East,25-34,Silver,9,Poor service,No promo
8121,False,Online,Scotland,35-44,Gold,1,Unhappy with perks,No promo
8128,True,Branch,London,25-34,Gold,1,Poor service,Joined on promo
8132,False,Outbound,South East,35-44,Silver,14,Poor service,No promo
8137,False,Branch,Wales & NI,45-54,Silver,3,Moved abroad,No promo
8146,True,Comparison Site,North,35-44,Silver,8,Fees too high,Joined on promo
8148,True,Online,London,35-44,Silver,5,Fees too high,Joined on promo
8157,False,Comparison Site,Scotland,25-34,Classic,1,Fees too high,No promo
8166,True,Online,North,45-54,Gold,13,Fees too high,Joined on promo
8182,False,Online,North,45-54,Classic,8,Switched provider,No promo
8197,True,Referral,South East,45-54,Gold,5,Fees too high,Joined on promo
8214,False,Comparison Site,London,45-54,Classic,2,Poor service,No promo
8220,True,Comparison Site,Midlands,25-34,Silver,3,Fees too high,Joined on promo
8223,False,Comparison Site,South East,35-44,Classic,2,Switched provider,No promo
8228,True,Broker/IFA,North,25-34,Classic,9,Poor service,Joined on promo
8231,False,Outbound,Midlands,45-54,Classic,9,Unknown,No promo
8232,False,Broker/IFA,Scotland,65+,Gold,3,Unhappy with perks,No promo
8236,True,Branch,Midlands,25-34,Silver,7,Switched provider,Joined on promo
8238,True,Comparison Site,Wales & NI,65+,Classic,1,Fees too high,Joined on promo
8239,True,Outbound,South East,45-54,Silver,1,Fees too high,Joined on promo
8245,False,Branch,North,25-34,Silver,3,Fees too high,No promo
8249,False,Broker/IFA,Wales & NI,35-44,Silver,4,Switched provider,No promo
8253,False,Branch,Midlands,25-34,Silver,1,Poor service,No promo
8254,True,Comparison Site,South East,45-54,Classic,7,Fees too high,Joined on promo
8255,False,Online,North,35-44,Classic,4,Poor service,No promo
8257,False,Online,South East,45-54,Classic,6,Unknown,No promo
8261,True,Online,Wales & NI,25-34,Silver,5,Fees too high,Joined on promo
8264,False,Referral,London,18-24,Classic,1,Moved abroad,No promo
8268,False,Referral,Scotland,55-64,Classic,6,Switched provider,No promo
8281,True,Comparison Site,Wales & NI,45-54,Gold,5,Fees too high,Joined on promo
8283,False,Online,South East,55-64,Silver,3,Unknown,No promo
8285,False,Online,Midlands,35-44,Silver,11,Bereavement,No promo
8288,False,Referral,North,65+,Gold,11,Unknown,No promo
8297,True,Online,London,35-44,Silver,4,Unknown,Joined on promo
8301,True,Comparison Site,North,35-44,Platinum,7,Fees too high,Joined on promo
8313,True,Comparison Site,North,45-54,Classic,2,Fees too high,Joined on promo
8314,True,Comparison Site,London,35-44,Silver,3,Switched provider,Joined on promo
8315,False,Branch,Wales & NI,35-44,Classic,10,Unknown,No promo
8316,True,Online,Midlands,55-64,Classic,10,Unknown,Joined on promo
8318,False,Broker/IFA,North,25-34,Classic,12,Poor service,No promo
8321,True,Comparison Site,Wales & NI,25-34,Silver,8,Switched provider,Joined on promo
8322,False,Online,South East,45-54,Classic,7,Unknown,No promo
8327,True,Online,Midlands,35-44,Platinum,12,Poor service,Joined on promo
8329,True,Comparison Site,South East,25-34,Classic,5,Fees too high,Joined on promo
8340,True,Comparison Site,North,25-34,Silver,5,Switched provider,Joined on promo
8346,True,Comparison Site,London,25-34,Silver,5,Fees too high,Joined on promo
8349,True,Online,London,25-34,Gold,7,Unhappy with perks,Joined on promo
8350,False,Comparison Site,South East,25-34,Gold,6,Fees too high,No promo
8358,False,Comparison Site,London,55-64,Silver,12,Poor service,No promo
8362,False,Outbound,London,18-24,Silver,4,Poor service,No promo
8365,False,Referral,Scotland,25-34,Gold,2,Unknown,No promo
8367,True,Comparison Site,London,55-64,Silver,8,Switched provider,Joined on promo
8373,True,Online,South East,25-34,Silver,1,Fees too high,Joined on promo
8381,True,Comparison Site,South East,35-44,Silver,13,Fees too high,Joined on promo
8387,False,Online,Scotland,25-34,Classic,2,Poor service,No promo
8388,True,Outbound,Midlands,55-64,Silver,5,Unknown,Joined on promo
8398,False,Referral,London,35-44,Platinum,9,Unhappy with perks,No promo
8399,False,Referral,South East,18-24,Platinum,6,Unknown,No promo
8400,True,Comparison Site,North,45-54,Silver,3,Unknown,Joined on promo
8401,False,Online,Midlands,35-44,Platinum,4,Switched provider,No promo
8403,True,Comparison Site,London,35-44,Classic,4,Bereavement,Joined on promo
8409,True,Outbound,Midlands,35-44,Classic,6,Unknown,Joined on promo
8412,False,Outbound,London,35-44,Silver,6,Unknown,No promo
8414,False,Outbound,South East,65+,Classic,2,Poor service,No promo
8418,False,Online,London,65+,Silver,3,Poor service,No promo
8426,False,Comparison Site,London,55-64,Classic,3,Poor service,No promo
8427,True,Comparison Site,Midlands,18-24,Classic,7,Fees too high,Joined on promo
8430,False,Branch,South East,55-64,Gold,7,Unhappy with perks,No promo
8433,False,Outbound,Midlands,25-34,Silver,5,Switched provider,No promo
8443,True,Branch,Midlands,35-44,Silver,13,Fees too high,Joined on promo
8453,False,Outbound,Midlands,35-44,Classic,4,Bereavement,No promo
8459,True,Comparison Site,London,35-44,Classic,12,Fees too high,Joined on promo
8460,False,Broker/IFA,South East,18-24,Gold,5,Switched provider,No promo
8461,False,Outbound,South East,25-34,Classic,2,Poor service,No promo
8469,True,Comparison Site,Midlands,25-34,Classic,3,Fees too high,Joined on promo
8478,False,Outbound,Midlands,35-44,Gold,2,Fees too high,No promo
8481,False,Branch,London,35-44,Silver,1,Moved abroad,No promo
8482,True,Comparison Site,South East,25-34,Gold,7,Fees too high,Joined on promo
8484,True,Comparison Site,South East,25-34,Classic,1,Unknown,Joined on promo
8488,True,Comparison Site,Scotland,25-34,Classic,6,Unknown,Joined on promo
8493,False,Comparison Site,South East,65+,Classic,9,Switched provider,No promo
8504,False,Online,Midlands,25-34,Classic,1,Moved abroad,No promo
8507,False,Broker/IFA,South East,45-54,Silver,8,Unknown,No promo
8513,False,Referral,London,45-54,Silver,7,Bereavement,No promo
8515,False,Online,Midlands,18-24,Classic,4,Moved abroad,No promo
8517,True,Comparison Site,Midlands,35-44,Silver,6,Fees too high,Joined on promo
8519,True,Outbound,London,18-24,Gold,3,Fees too high,Joined on promo
8520,True,Comparison Site,North,35-44,Classic,1,Switched provider,Joined on promo
8521,False,Online,South East,25-34,Classic,6,Moved abroad,No promo
8527,False,Comparison Site,South East,25-34,Silver,8,Switched provider,No promo
8528,True,Online,Midlands,35-44,Silver,13,Fees too high,Joined on promo
8530,False,Outbound,London,18-24,Silver,5,Poor service,No promo
8531,True,Comparison Site,London,45-54,Classic,4,Fees too high,Joined on promo
8555,True,Comparison Site,Wales & NI,35-44,Silver,5,Fees too high,Joined on promo
8562,True,Comparison Site,North,45-54,Classic,4,Switched provider,Joined on promo
8564,True,Outbound,North,45-54,Classic,9,Poor service,Joined on promo
8573,True,Outbound,London,55-64,Gold,1,Unhappy with perks,Joined on promo
8581,False,Online,London,45-54,Classic,12,Unknown,No promo
8586,False,Outbound,London,45-54,Silver,1,Unknown,No promo
8588,False,Referral,South East,35-44,Silver,2,Unknown,No promo
8590,False,Referral,Midlands,18-24,Silver,1,Moved abroad,No promo
8591,False,Branch,Scotland,25-34,Classic,2,Bereavement,No promo
8594,True,Online,London,45-54,Gold,5,Poor service,Joined on promo
8597,True,Comparison Site,Midlands,35-44,Silver,7,Fees too high,Joined on promo
8599,True,Comparison Site,London,35-44,Silver,7,Fees too high,Joined on promo
8607,True,Comparison Site,London,25-34,Classic,8,Fees too high,Joined on promo
8609,False,Branch,London,45-54,Gold,6,Poor service,No promo
8612,True,Comparison Site,London,18-24,Classic,1,Fees too high,Joined on promo
8615,True,Referral,South East,45-54,Classic,12,Switched provider,Joined on promo
8616,True,Online,Midlands,35-44,Classic,4,Fees too high,Joined on promo
8619,True,Online,North,45-54,Classic,13,Fees too high,Joined on promo
8620,False,Comparison Site,South East,35-44,Gold,3,Poor service,No promo
8624,False,Comparison Site,South East,18-24,Classic,2,Bereavement,No promo
8626,False,Comparison Site,North,18-24,Classic,3,Switched provider,No promo
8630,True,Comparison Site,North,25-34,Classic,3,Switched provider,Joined on promo
8634,True,Comparison Site,London,18-24,Silver,12,Fees too high,Joined on promo
8640,False,Broker/IFA,North,45-54,Gold,4,Fees too high,No promo
8642,True,Online,South East,45-54,Silver,11,Fees too high,Joined on promo
8647,False,Comparison Site,London,45-54,Classic,2,Switched provider,No promo
8649,True,Comparison Site,North,45-54,Classic,1,Fees too high,Joined on promo
8656,False,Comparison Site,Midlands,25-34,Gold,10,Unknown,No promo
8661,False,Comparison Site,Midlands,25-34,Silver,8,Unhappy with perks,No promo
8667,False,Online,North,55-64,Classic,1,Poor service,No promo
8668,False,Comparison Site,South East,45-54,Silver,7,Poor service,No promo
8669,True,Comparison Site,South East,35-44,Silver,9,Poor service,Joined on promo
8670,False,Online,South East,35-44,Classic,1,Bereavement,No promo
8674,False,Online,London,25-34,Classic,1,Switched provider,No promo
8675,False,Online,Scotland,45-54,Gold,6,Switched provider,No promo
8680,False,Online,Scotland,65+,Classic,10,Switched provider,No promo
8684,False,Comparison Site,Wales & NI,25-34,Classic,11,Switched provider,No promo
8685,False,Online,Midlands,35-44,Gold,8,Unknown,No promo
8687,True,Comparison Site,Midlands,18-24,Classic,2,Unknown,Joined on promo
8689,False,Online,London,25-34,Classic,1,Unknown,No promo
8693,False,Branch,South East,18-24,Gold,1,Unknown,No promo
8696,False,Online,South East,18-24,Classic,2,Unknown,No promo
8700,False,Outbound,Midlands,25-34,Classic,5,Unknown,No promo
8702,True,Comparison Site,Scotland,18-24,Classic,1,Fees too high,Joined on promo
8710,True,Comparison Site,Midlands,45-54,Classic,7,Switched provider,Joined on promo
8712,True,Online,South East,55-64,Platinum,8,Poor service,Joined on promo
8715,True,Comparison Site,London,65+,Classic,5,Fees too high,Joined on promo
8719,True,Comparison Site,North,55-64,Silver,7,Fees too high,Joined on promo
8722,False,Branch,North,18-24,Silver,11,Poor service,No promo
8724,False,Comparison Site,North,45-54,Classic,5,Bereavement,No promo
8726,True,Outbound,South East,55-64,Classic,7,Bereavement,Joined on promo
8729,False,Online,London,25-34,Classic,5,Switched provider,No promo
8730,False,Branch,Midlands,55-64,Platinum,3,Poor service,No promo
8731,True,Comparison Site,South East,25-34,Classic,4,Fees too high,Joined on promo
8735,False,Outbound,London,18-24,Silver,4,Switched provider,No promo
8737,False,Outbound,North,45-54,Silver,8,Poor service,No promo
8738,False,Outbound,Scotland,65+,Classic,3,Unknown,No promo
8746,False,Broker/IFA,Midlands,55-64,Gold,9,Poor service,No promo
8749,True,Online,London,25-34,Silver,3,Fees too high,Joined on promo
8755,True,Comparison Site,South East,35-44,Classic,1,Fees too high,Joined on promo
8756,True,Comparison Site,South East,45-54,Classic,7,Fees too high,Joined on promo
8760,True,Outbound,Midlands,45-54,Silver,3,Poor service,Joined on promo
8764,True,Comparison Site,North,25-34,Classic,6,Fees too high,Joined on promo
8779,False,Online,South East,25-34,Classic,3,Poor service,No promo
8783,False,Comparison Site,South East,45-54,Classic,12,Fees too high,No promo
8785,False,Branch,Midlands,55-64,Silver,8,Fees too high,No promo
8786,False,Online,North,35-44,Classic,7,Unknown,No promo
8790,True,Outbound,London,45-54,Classic,2,Fees too high,Joined on promo
8796,False,Branch,Midlands,25-34,Classic,2,Unknown,No promo
8797,False,Referral,London,45-54,Gold,4,Poor service,No promo
8798,True,Comparison Site,North,25-34,Silver,10,Switched provider,Joined on promo
8806,True,Online,London,65+,Gold,12,Unhappy with perks,Joined on promo
8807,True,Comparison Site,London,25-34,Classic,5,Switched provider,Joined on promo
8809,True,Online,North,45-54,Gold,1,Switched provider,Joined on promo
8813,False,Comparison Site,London,35-44,Classic,6,Unknown,No promo
8821,False,Comparison Site,Scotland,35-44,Classic,5,Switched provider,No promo
8822,False,Branch,Midlands,45-54,Silver,12,Fees too high,No promo
8824,False,Referral,South East,65+,Silver,5,Poor service,No promo
8829,False,Online,London,25-34,Silver,4,Unknown,No promo
8834,False,Outbound,South East,35-44,Classic,1,Poor service,No promo
8840,False,Comparison Site,Midlands,25-34,Classic,11,Fees too high,No promo
8852,True,Comparison Site,South East,45-54,Classic,9,Fees too high,Joined on promo
8855,False,Referral,Wales & NI,18-24,Platinum,12,Unhappy with perks,No promo
8866,True,Online,South East,25-34,Platinum,10,Fees too high,Joined on promo
8868,True,Comparison Site,London,45-54,Silver,8,Fees too high,Joined on promo
8876,False,Online,South East,25-34,Classic,4,Unknown,No promo
8880,False,Comparison Site,Wales & NI,55-64,Gold,7,Moved abroad,No promo
8884,True,Branch,North,45-54,Gold,1,Fees too high,Joined on promo
8887,True,Comparison Site,London,25-34,Classic,8,Fees too high,Joined on promo
8890,True,Online,Wales & NI,65+,Silver,6,Fees too high,Joined on promo
8896,False,Outbound,Wales & NI,35-44,Silver,3,Switched provider,No promo
8898,True,Comparison Site,London,55-64,Classic,4,Fees too high,Joined on promo
8901,True,Comparison Site,Scotland,18-24,Classic,1,Poor service,Joined on promo
8909,False,Outbound,North,45-54,Classic,2,Poor service,No promo
8911,False,Online,London,25-34,Classic,2,Unknown,No promo
8912,False,Branch,North,45-54,Silver,12,Unhappy with perks,No promo
8914,True,Online,Wales & NI,25-34,Gold,2,Fees too high,Joined on promo
8917,False,Broker/IFA,Midlands,45-54,Silver,1,Poor service,No promo
8919,False,Comparison Site,Scotland,25-34,Silver,5,Poor service,No promo
8922,True,Online,Midlands,25-34,Classic,2,Fees too high,Joined on promo
8924,True,Comparison Site,South East,65+,Silver,1,Poor service,Joined on promo
8927,False,Branch,Wales & NI,25-34,Gold,6,Switched provider,No promo
8929,True,Referral,London,55-64,Classic,7,Fees too high,Joined on promo
8931,False,Online,North,45-54,Classic,1,Moved abroad,No promo
8941,True,Comparison Site,London,25-34,Silver,8,Fees too high,Joined on promo
8944,False,Outbound,Scotland,35-44,Classic,8,Bereavement,No promo
8958,False,Online,London,55-64,Silver,10,Poor service,No promo
8960,True,Referral,South East,45-54,Gold,1,Fees too high,Joined on promo
8974,False,Online,South East,35-44,Silver,2,Fees too high,No promo
8983,False,Branch,North,45-54,Platinum,4,Unknown,No promo
8987,True,Comparison Site,London,25-34,Silver,7,Fees too high,Joined on promo
8988,False,Comparison Site,North,55-64,Classic,9,Switched provider,No promo
8989,False,Comparison Site,Wales & NI,18-24,Classic,1,Switched provider,No promo
8991,True,Comparison Site,Wales & NI,35-44,Classic,5,Fees too high,Joined on promo
8994,True,Outbound,Midlands,18-24,Silver,7,Fees too high,Joined on promo
8995,True,Comparison Site,South East,35-44,Classic,2,Fees too high,Joined on promo
8999,False,Online,South East,25-34,Classic,2,Unknown,No promo
9009,True,Comparison Site,South East,45-54,Classic,6,Fees too high,Joined on promo
9012,False,Branch,Scotland,45-54,Gold,5,Unhappy with perks,No promo
9015,True,Comparison Site,Midlands,65+,Classic,6,Fees too high,Joined on promo
9017,False,Comparison Site,South East,45-54,Classic,4,Switched provider,No promo
9024,True,Comparison Site,London,25-34,Classic,4,Poor service,Joined on promo
9026,True,Comparison Site,London,18-24,Silver,7,Switched provider,Joined on promo
9028,True,Comparison Site,London,45-54,Classic,7,Poor service,Joined on promo
9037,False,Branch,North,45-54,Gold,7,Switched provider,No promo
9046,False,Online,South East,65+,Classic,11,Moved abroad,No promo
9054,False,Online,Midlands,55-64,Gold,2,Poor service,No promo
9056,True,Outbound,South East,18-24,Gold,7,Poor service,Joined on promo
9059,True,Comparison Site,London,25-34,Classic,4,Fees too high,Joined on promo
9061,False,Branch,North,35-44,Silver,8,Unknown,No promo
9062,False,Online,Midlands,45-54,Classic,5,Poor service,No promo
9068,True,Online,Midlands,65+,Silver,8,Poor service,Joined on promo
9072,False,Online,North,55-64,Classic,6,Fees too high,No promo
9076,True,Comparison Site,Scotland,35-44,Classic,3,Fees too high,Joined on promo
9085,False,Comparison Site,London,25-34,Silver,3,Switched provider,No promo
9088,False,Branch,Midlands,25-34,Gold,8,Bereavement,No promo
9090,False,Online,South East,35-44,Silver,2,Moved abroad,No promo
9093,False,Online,North,55-64,Platinum,7,Unknown,No promo
9094,False,Online,Midlands,25-34,Classic,10,Switched provider,No promo
9097,False,Branch,North,35-44,Classic,3,Switched provider,No promo
9101,True,Comparison Site,North,18-24,Classic,6,Unknown,Joined on promo
9105,False,Broker/IFA,North,45-54,Silver,9,Poor service,No promo
9109,True,Comparison Site,North,35-44,Classic,8,Switched provider,Joined on promo
9111,False,Outbound,London,65+,Classic,1,Switched provider,No promo
9115,True,Online,North,18-24,Gold,7,Fees too high,Joined on promo
9130,True,Outbound,London,45-54,Classic,2,Fees too high,Joined on promo
9132,False,Branch,Wales & NI,35-44,Classic,5,Moved abroad,No promo
9134,True,Comparison Site,South East,35-44,Silver,3,Fees too high,Joined on promo
9135,False,Branch,Wales & NI,55-64,Gold,11,Unknown,No promo
9142,False,Comparison Site,North,65+,Silver,9,Fees too high,No promo
9147,False,Comparison Site,Scotland,55-64,Silver,2,Switched provider,No promo
9153,True,Comparison Site,London,35-44,Classic,3,Switched provider,Joined on promo
9155,True,Comparison Site,North,55-64,Classic,8,Unknown,Joined on promo
9165,True,Comparison Site,Wales & NI,35-44,Classic,2,Poor service,Joined on promo
9168,False,Comparison Site,Midlands,35-44,Classic,1,Poor service,No promo
9171,False,Referral,Scotland,25-34,Classic,6,Moved abroad,No promo
9176,False,Online,South East,45-54,Silver,11,Bereavement,No promo
9178,False,Comparison Site,North,18-24,Silver,2,Moved abroad,No promo
9182,False,Branch,North,25-34,Platinum,7,Unhappy with perks,No promo
9184,False,Online,Wales & NI,18-24,Classic,2,Poor service,No promo
9185,False,Outbound,London,35-44,Classic,3,Poor service,No promo
9189,False,Outbound,North,25-34,Silver,3,Fees too high,No promo
9200,False,Online,Scotland,65+,Silver,8,Poor service,No promo
9207,True,Comparison Site,South East,35-44,Silver,2,Fees too high,Joined on promo
9209,False,Comparison Site,Midlands,35-44,Classic,3,Switched provider,No promo
9210,False,Broker/IFA,South East,25-34,Gold,6,Unknown,No promo
9212,False,Online,North,55-64,Silver,2,Moved abroad,No promo
9213,True,Online,North,35-44,Gold,2,Fees too high,Joined on promo
9217,True,Online,London,25-34,Gold,8,Poor service,Joined on promo
9220,False,Comparison Site,Midlands,45-54,Classic,4,Poor service,No promo
9223,True,Referral,Midlands,25-34,Silver,6,Fees too high,Joined on promo
9235,True,Comparison Site,North,25-34,Classic,7,Fees too high,Joined on promo
9237,False,Branch,South East,25-34,Silver,3,Fees too high,No promo
9252,True,Outbound,South East,25-34,Classic,1,Switched provider,Joined on promo
9254,True,Comparison Site,London,45-54,Classic,4,Fees too high,Joined on promo
9256,False,Online,South East,45-54,Classic,5,Poor service,No promo
9258,False,Broker/IFA,Scotland,25-34,Gold,5,Switched provider,No promo
9260,True,Comparison Site,South East,35-44,Silver,4,Poor service,Joined on promo
9270,True,Online,North,65+,Silver,7,Poor service,Joined on promo
9274,False,Referral,North,65+,Silver,4,Poor service,No promo
9278,False,Referral,London,55-64,Silver,1,Fees too high,No promo
9279,True,Online,London,55-64,Silver,7,Fees too high,Joined on promo
9282,False,Comparison Site,Midlands,55-64,Classic,4,Fees too high,No promo
9287,False,Comparison Site,North,45-54,Classic,5,Fees too high,No promo
9302,True,Comparison Site,South East,35-44,Classic,3,Fees too high,Joined on promo
9313,False,Online,Wales & NI,18-24,Classic,3,Unknown,No promo
9317,False,Comparison Site,Midlands,45-54,Silver,6,Unknown,No promo
9318,False,Referral,North,45-54,Classic,11,Unhappy with perks,No promo
9323,True,Online,Midlands,55-64,Platinum,1,Fees too high,Joined on promo
9324,False,Online,Wales & NI,18-24,Silver,2,Unknown,No promo
9328,False,Comparison Site,North,18-24,Silver,1,Moved abroad,No promo
9335,False,Online,Midlands,35-44,Silver,1,Poor service,No promo
9344,True,Comparison Site,London,35-44,Classic,9,Fees too high,Joined on promo
9350,True,Outbound,North,25-34,Silver,2,Fees too high,Joined on promo
9354,True,Comparison Site,Scotland,35-44,Gold,9,Fees too high,Joined on promo
9357,True,Online,Midlands,35-44,Gold,9,Bereavement,Joined on promo
9359,True,Comparison Site,Scotland,18-24,Silver,2,Fees too high,Joined on promo
9365,False,Branch,Midlands,65+,Gold,8,Poor service,No promo
9372,False,Branch,North,18-24,Gold,8,Unhappy with perks,No promo
9378,True,Online,Scotland,25-34,Classic,2,Fees too high,Joined on promo
9381,False,Branch,Scotland,45-54,Gold,1,Unhappy with perks,No promo
9385,True,Comparison Site,Midlands,65+,Classic,1,Switched provider,Joined on promo
9386,False,Comparison Site,South East,45-54,Classic,1,Switched provider,No promo
9390,True,Comparison Site,South East,45-54,Silver,1,Switched provider,Joined on promo
9394,False,Branch,London,45-54,Gold,3,Unhappy with perks,No promo
9395,False,Online,Scotland,55-64,Classic,11,Poor service,No promo
9401,False,Online,North,25-34,Gold,2,Unhappy with perks,No promo
9405,False,Online,Midlands,45-54,Classic,2,Bereavement,No promo
9411,False,Comparison Site,London,35-44,Silver,2,Fees too high,No promo
9413,False,Comparison Site,London,35-44,Classic,11,Unknown,No promo
9421,False,Comparison Site,Scotland,18-24,Silver,11,Moved abroad,No promo
9424,False,Comparison Site,North,45-54,Silver,4,Unknown,No promo
9426,False,Online,Scotland,45-54,Classic,3,Poor service,No promo
9431,True,Comparison Site,London,35-44,Silver,1,Fees too high,Joined on promo
9446,True,Comparison Site,London,25-34,Classic,7,Fees too high,Joined on promo
9447,False,Comparison Site,Midlands,35-44,Classic,1,Switched provider,No promo
9455,True,Branch,Midlands,55-64,Gold,2,Switched provider,Joined on promo
9458,False,Outbound,London,35-44,Gold,5,Bereavement,No promo
9461,False,Broker/IFA,London,45-54,Classic,4,Fees too high,No promo
9463,True,Comparison Site,South East,55-64,Silver,1,Fees too high,Joined on promo
9465,False,Branch,Midlands,45-54,Classic,2,Poor service,No promo
9474,True,Comparison Site,South East,25-34,Classic,4,Fees too high,Joined on promo
9476,True,Referral,South East,25-34,Silver,10,Unhappy with perks,Joined on promo
9477,False,Outbound,London,65+,Classic,2,Unknown,No promo
9483,True,Comparison Site,South East,25-34,Gold,7,Fees too high,Joined on promo
9484,False,Comparison Site,South East,45-54,Silver,9,Switched provider,No promo
9492,False,Branch,London,35-44,Silver,3,Poor service,No promo
9494,False,Referral,South East,25-34,Gold,4,Poor service,No promo
9497,False,Comparison Site,Wales & NI,65+,Gold,8,Unhappy with perks,No promo
9498,False,Broker/IFA,South East,25-34,Gold,9,Unhappy with perks,No promo
9504,True,Comparison Site,South East,65+,Silver,8,Fees too high,Joined on promo
9512,False,Online,North,45-54,Classic,1,Poor service,No promo
9513,False,Comparison Site,Scotland,55-64,Classic,5,Fees too high,No promo
9520,True,Comparison Site,South East,55-64,Gold,2,Unhappy with perks,Joined on promo
9523,False,Online,Midlands,25-34,Classic,1,Poor service,No promo
9526,False,Comparison Site,North,25-34,Classic,1,Poor service,No promo
9530,True,Comparison Site,North,25-34,Silver,3,Unknown,Joined on promo
9537,True,Comparison Site,London,25-34,Silver,7,Fees too high,Joined on promo
9558,False,Comparison Site,South East,18-24,Classic,2,Moved abroad,No promo
9567,True,Online,Midlands,45-54,Silver,9,Fees too high,Joined on promo
9572,False,Comparison Site,North,65+,Silver,4,Switched provider,No promo
9573,True,Comparison Site,London,35-44,Gold,8,Fees too high,Joined on promo
9574,True,Online,North,45-54,Classic,2,Fees too high,Joined on promo
9580,False,Online,South East,35-44,Gold,11,Unhappy with perks,No promo
9581,False,Online,North,65+,Silver,6,Poor service,No promo
9585,False,Online,Midlands,18-24,Gold,2,Unhappy with perks,No promo
9591,True,Comparison Site,Midlands,65+,Classic,1,Fees too high,Joined on promo
9593,False,Branch,South East,55-64,Classic,7,Bereavement,No promo
9594,False,Comparison Site,London,18-24,Silver,1,Poor service,No promo
9596,False,Online,Scotland,35-44,Platinum,10,Switched provider,No promo
9597,True,Online,North,65+,Silver,11,Poor service,Joined on promo
9599,False,Outbound,London,35-44,Gold,10,Poor service,No promo
9600,False,Outbound,South East,35-44,Classic,1,Poor service,No promo
9611,False,Referral,North,45-54,Gold,5,Switched provider,No promo
9619,False,Outbound,Midlands,45-54,Classic,8,Moved abroad,No promo
9623,False,Online,London,35-44,Classic,2,Unknown,No promo
9625,False,Comparison Site,Midlands,35-44,Silver,2,Fees too high,No promo
9631,True,Outbound,Scotland,25-34,Classic,3,Unknown,Joined on promo
9634,True,Branch,South East,35-44,Silver,7,Poor service,Joined on promo
9636,True,Online,Scotland,65+,Classic,7,Fees too high,Joined on promo
9639,True,Comparison Site,Midlands,35-44,Classic,7,Fees too high,Joined on promo
9641,False,Branch,North,35-44,Classic,4,Poor service,No promo
9648,False,Comparison Site,Scotland,25-34,Classic,2,Bereavement,No promo
9652,False,Online,North,18-24,Silver,4,Poor service,No promo
9658,True,Outbound,London,35-44,Classic,1,Poor service,Joined on promo
9663,False,Referral,London,25-34,Classic,2,Poor service,No promo
9679,False,Comparison Site,London,18-24,Classic,3,Fees too high,No promo
9680,True,Comparison Site,Scotland,25-34,Silver,5,Switched provider,Joined on promo
9686,False,Referral,Scotland,35-44,Gold,6,Switched provider,No promo
9696,True,Comparison Site,Midlands,65+,Silver,7,Switched provider,Joined on promo
9698,True,Comparison Site,North,65+,Classic,4,Switched provider,Joined on promo
9716,False,Comparison Site,London,25-34,Silver,2,Bereavement,No promo
9727,False,Referral,Scotland,65+,Classic,9,Poor service,No promo
9728,False,Online,South East,35-44,Platinum,2,Unhappy with perks,No promo
9730,True,Online,Midlands,35-44,Platinum,1,Unhappy with perks,Joined on promo
9733,True,Comparison Site,South East,25-34,Classic,3,Fees too high,Joined on promo
9739,False,Comparison Site,South East,25-34,Classic,7,Poor service,No promo
9766,True,Comparison Site,Wales & NI,35-44,Classic,1,Unknown,Joined on promo
9769,False,Branch,South East,35-44,Classic,1,Poor service,No promo
9772,False,Outbound,Wales & NI,35-44,Classic,3,Switched provider,No promo
9773,False,Outbound,London,55-64,Classic,8,Switched provider,No promo
9777,True,Comparison Site,Wales & NI,35-44,Classic,2,Fees too high,Joined on promo
9780,True,Referral,Scotland,35-44,Platinum,5,Fees too high,Joined on promo
9786,False,Branch,London,25-34,Classic,9,Unknown,No promo
9796,False,Branch,Midlands,18-24,Classic,8,Unknown,No promo
9799,False,Online,South East,45-54,Classic,10,Unknown,No promo
9802,False,Online,London,25-34,Silver,6,Switched provider,No promo
9809,False,Branch,Midlands,35-44,Gold,1,Fees too high,No promo
9819,True,Comparison Site,London,35-44,Silver,7,Unknown,Joined on promo
9820,False,Referral,Wales & NI,55-64,Silver,8,Fees too high,No promo
9823,True,Comparison Site,London,25-34,Silver,5,Poor service,Joined on promo
9828,True,Referral,North,35-44,Classic,3,Switched provider,Joined on promo
9833,False,Comparison Site,Scotland,45-54,Classic,2,Switched provider,No promo
9835,False,Comparison Site,North,55-64,Silver,3,Unknown,No promo
9840,False,Outbound,North,25-34,Classic,2,Poor service,No promo
9843,False,Branch,North,25-34,Platinum,1,Poor service,No promo
9848,True,Comparison Site,South East,55-64,Classic,2,Fees too high,Joined on promo
9849,False,Outbound,London,25-34,Classic,2,Poor service,No promo
9853,False,Outbound,South East,45-54,Classic,5,Poor service,No promo
9857,True,Online,North,18-24,Silver,10,Moved abroad,Joined on promo
9858,True,Comparison Site,Midlands,65+,Classic,2,Fees too high,Joined on promo
9859,True,Comparison Site,Wales & NI,35-44,Classic,1,Fees too high,Joined on promo
9867,True,Online,North,65+,Silver,4,Fees too high,Joined on promo
9868,False,Online,South East,65+,Classic,3,Switched provider,No promo
9872,True,Comparison Site,London,25-34,Classic,7,Switched provider,Joined on promo
9885,True,Outbound,South East,55-64,Classic,7,Fees too high,Joined on promo
9889,True,Comparison Site,North,25-34,Silver,8,Switched provider,Joined on promo
9894,True,Comparison Site,London,35-44,Classic,1,Poor service,Joined on promo
9907,False,Online,Wales & NI,18-24,Silver,8,Poor service,No promo
9919,False,Outbound,Midlands,25-34,Classic,6,Unknown,No promo
9921,True,Comparison Site,South East,35-44,Classic,4,Poor service,Joined on promo
9922,False,Outbound,South East,25-34,Classic,1,Poor service,No promo
9930,False,Branch,London,18-24,Gold,4,Poor service,No promo
9945,True,Online,South East,35-44,Silver,9,Poor service,Joined on promo
9948,True,Outbound,Midlands,25-34,Silver,4,Fees too high,Joined on promo
9950,False,Online,North,65+,Classic,2,Unknown,No promo
9967,True,Comparison Site,South East,18-24,Classic,4,Fees too high,Joined on promo
9974,True,Referral,London,25-34,Platinum,10,Unknown,Joined on promo
9975,False,Online,London,25-34,Classic,1,Poor service,No promo
9976,False,Referral,London,35-44,Silver,1,Fees too high,No promo
9980,True,Outbound,South East,55-64,Silver,5,Fees too high,Joined on promo
9983,False,Branch,South East,45-54,Classic,4,Unknown,No promo
9996,True,Branch,London,45-54,Platinum,5,Poor service,Joined on promo
9997,False,Online,South East,45-54,Classic,1,Unknown,No promo
10000,False,Online,South East,65+,Silver,6,Unhappy with perks,No promo
10009,False,Online,South East,35-44,Silver,10,Unknown,No promo
10022,False,Comparison Site,London,25-34,Classic,3,Poor service,No promo
10033,False,Outbound,South East,18-24,Gold,4,Fees too high,No promo
10044,True,Outbound,North,25-34,Classic,7,Fees too high,Joined on promo
10045,False,Online,Wales & NI,18-24,Classic,5,Bereavement,No promo
10047,False,Comparison Site,London,25-34,Silver,4,Fees too high,No promo
10048,False,Outbound,North,35-44,Gold,2,Poor service,No promo
10049,True,Branch,Midlands,25-34,Gold,3,Fees too high,Joined on promo
10063,True,Comparison Site,South East,25-34,Silver,5,Fees too high,Joined on promo
10066,False,Outbound,Midlands,18-24,Silver,3,Unknown,No promo
10071,False,Comparison Site,Scotland,18-24,Classic,4,Switched provider,No promo
10077,False,Comparison Site,Midlands,25-34,Silver,10,Switched provider,No promo
10080,True,Comparison Site,Midlands,35-44,Classic,1,Unknown,Joined on promo
10083,False,Branch,Wales & NI,55-64,Gold,1,Unhappy with perks,No promo
10086,False,Branch,Midlands,45-54,Platinum,5,Switched provider,No promo
10087,True,Comparison Site,North,35-44,Silver,6,Fees too high,Joined on promo
10088,True,Comparison Site,South East,25-34,Classic,7,Fees too high,Joined on promo
10102,False,Branch,North,18-24,Gold,8,Poor service,No promo
10105,True,Comparison Site,London,55-64,Classic,4,Fees too high,Joined on promo
10110,False,Online,Midlands,65+,Classic,4,Poor service,No promo
10111,True,Comparison Site,North,45-54,Classic,6,Fees too high,Joined on promo
10113,True,Online,Midlands,45-54,Classic,8,Fees too high,Joined on promo
10114,False,Comparison Site,Scotland,35-44,Silver,1,Fees too high,No promo
10115,True,Comparison Site,North,25-34,Silver,7,Fees too high,Joined on promo
10120,False,Referral,Scotland,45-54,Gold,3,Poor service,No promo
10122,False,Comparison Site,Wales & NI,55-64,Classic,10,Fees too high,No promo
10129,True,Comparison Site,London,45-54,Classic,8,Poor service,Joined on promo
10132,True,Comparison Site,London,55-64,Classic,1,Fees too high,Joined on promo
10139,True,Comparison Site,South East,45-54,Classic,1,Fees too high,Joined on promo
10143,True,Comparison Site,Midlands,45-54,Classic,6,Unknown,Joined on promo
10144,True,Comparison Site,South East,55-64,Classic,5,Fees too high,Joined on promo
10150,False,Comparison Site,Scotland,18-24,Silver,6,Moved abroad,No promo
10155,True,Comparison Site,South East,35-44,Classic,7,Unknown,Joined on promo
10163,False,Outbound,London,35-44,Silver,1,Poor service,No promo
10165,True,Comparison Site,South East,55-64,Silver,4,Poor service,Joined on promo
10170,False,Outbound,North,25-34,Classic,8,Poor service,No promo
10183,False,Outbound,North,55-64,Gold,4,Unknown,No promo
10207,True,Comparison Site,London,65+,Silver,1,Switched provider,Joined on promo
10216,True,Comparison Site,North,65+,Classic,1,Fees too high,Joined on promo
10227,False,Referral,Midlands,45-54,Silver,2,Unknown,No promo
10230,True,Comparison Site,North,25-34,Classic,3,Poor service,Joined on promo
10231,True,Comparison Site,South East,45-54,Classic,5,Fees too high,Joined on promo
10239,True,Comparison Site,South East,35-44,Silver,1,Fees too high,Joined on promo
10241,True,Comparison Site,North,35-44,Classic,3,Fees too high,Joined on promo
10252,False,Outbound,London,25-34,Classic,5,Switched provider,No promo
10257,False,Online,Midlands,18-24,Silver,8,Unhappy with perks,No promo
10261,True,Comparison Site,North,45-54,Classic,3,Fees too high,Joined on promo
10264,True,Broker/IFA,Midlands,35-44,Platinum,3,Moved abroad,Joined on promo
10270,False,Comparison Site,Midlands,25-34,Classic,9,Poor service,No promo
10272,False,Branch,South East,35-44,Silver,8,Poor service,No promo
10283,True,Outbound,Midlands,45-54,Gold,3,Unknown,Joined on promo
10288,True,Online,Midlands,18-24,Silver,5,Poor service,Joined on promo
10292,False,Broker/IFA,Wales & NI,25-34,Platinum,6,Unhappy with perks,No promo
10294,False,Branch,South East,65+,Silver,7,Fees too high,No promo
10296,False,Outbound,London,45-54,Silver,3,Poor service,No promo
10298,True,Comparison Site,South East,55-64,Classic,3,Fees too high,Joined on promo
10300,False,Outbound,North,25-34,Classic,1,Unknown,No promo
10304,True,Comparison Site,South East,65+,Classic,7,Switched provider,Joined on promo
10305,True,Comparison Site,South East,18-24,Classic,2,Fees too high,Joined on promo
10310,False,Online,North,25-34,Classic,4,Poor service,No promo
10316,True,Comparison Site,London,25-34,Classic,1,Fees too high,Joined on promo
10319,True,Branch,South East,25-34,Platinum,2,Bereavement,Joined on promo
10322,False,Outbound,London,25-34,Silver,8,Switched provider,No promo
10324,True,Online,South East,25-34,Gold,7,Moved abroad,Joined on promo
10337,False,Referral,Midlands,55-64,Silver,9,Poor service,No promo
10339,False,Referral,South East,55-64,Gold,1,Unhappy with perks,No promo
10341,True,Online,North,18-24,Silver,1,Fees too high,Joined on promo
10346,True,Comparison Site,Midlands,55-64,Classic,5,Poor service,Joined on promo
10349,False,Online,London,25-34,Classic,6,Bereavement,No promo
10356,False,Branch,Wales & NI,45-54,Gold,2,Unhappy with perks,No promo
10361,True,Comparison Site,Midlands,25-34,Silver,9,Unknown,Joined on promo
10370,False,Broker/IFA,North,25-34,Classic,7,Poor service,No promo
10375,False,Comparison Site,North,25-34,Silver,3,Fees too high,No promo
10376,True,Outbound,North,45-54,Silver,2,Fees too high,Joined on promo
10395,False,Broker/IFA,South East,55-64,Classic,3,Poor service,No promo
10396,False,Comparison Site,Midlands,35-44,Classic,2,Poor service,No promo
10402,True,Comparison Site,South East,55-64,Silver,7,Moved abroad,Joined on promo
10408,True,Comparison Site,North,25-34,Classic,8,Fees too high,Joined on promo
10410,True,Comparison Site,London,45-54,Silver,3,Poor service,Joined on promo
10417,True,Online,London,18-24,Classic,1,Poor service,Joined on promo
10422,False,Comparison Site,Midlands,45-54,Gold,1,Unhappy with perks,No promo
10424,True,Outbound,Midlands,35-44,Silver,7,Unknown,Joined on promo
10427,False,Comparison Site,South East,35-44,Silver,4,Switched provider,No promo
10440,False,Online,London,25-34,Silver,5,Fees too high,No promo
10450,False,Online,North,18-24,Classic,2,Poor service,No promo
10461,True,Outbound,North,18-24,Silver,2,Poor service,Joined on promo
10462,False,Online,Wales & NI,65+,Silver,1,Unknown,No promo
10468,True,Online,London,18-24,Classic,2,Fees too high,Joined on promo
10471,True,Comparison Site,Midlands,35-44,Silver,3,Switched provider,Joined on promo
10474,False,Comparison Site,London,25-34,Classic,4,Fees too high,No promo
10477,True,Online,London,25-34,Silver,8,Poor service,Joined on promo
10478,False,Outbound,Scotland,18-24,Classic,1,Bereavement,No promo
10485,False,Outbound,South East,35-44,Silver,7,Switched provider,No promo
10491,False,Comparison Site,London,18-24,Silver,5,Poor service,No promo
10494,True,Comparison Site,Wales & NI,18-24,Classic,7,Poor service,Joined on promo
10498,True,Outbound,Midlands,25-34,Classic,7,Fees too high,Joined on promo
10504,True,Comparison Site,London,35-44,Silver,4,Fees too high,Joined on promo
10507,True,Comparison Site,London,65+,Silver,7,Fees too high,Joined on promo
10508,True,Comparison Site,Wales & NI,35-44,Classic,1,Fees too high,Joined on promo
10513,False,Outbound,North,18-24,Silver,3,Poor service,No promo
10515,False,Online,London,65+,Classic,2,Moved abroad,No promo
10534,True,Comparison Site,Scotland,45-54,Classic,1,Fees too high,Joined on promo
10535,False,Comparison Site,North,25-34,Classic,1,Switched provider,No promo
10547,False,Comparison Site,London,35-44,Classic,1,Fees too high,No promo
10563,True,Comparison Site,Wales & NI,55-64,Silver,6,Fees too high,Joined on promo
10570,True,Comparison Site,Midlands,35-44,Classic,4,Fees too high,Joined on promo
10580,True,Online,North,35-44,Classic,4,Poor service,Joined on promo
10582,False,Outbound,North,35-44,Classic,1,Switched provider,No promo
10588,False,Online,London,25-34,Classic,9,Switched provider,No promo
10595,True,Online,Scotland,45-54,Classic,7,Poor service,Joined on promo
10601,False,Comparison Site,South East,45-54,Silver,6,Poor service,No promo
10605,False,Comparison Site,North,45-54,Silver,9,Unknown,No promo
10611,True,Outbound,North,65+,Silver,5,Poor service,Joined on promo
10612,True,Online,South East,25-34,Classic,2,Fees too high,Joined on promo
10613,False,Online,Midlands,55-64,Silver,1,Poor service,No promo
10623,False,Branch,Midlands,35-44,Classic,8,Fees too high,No promo
10624,True,Comparison Site,London,18-24,Silver,7,Fees too high,Joined on promo
10626,False,Online,London,45-54,Classic,6,Moved abroad,No promo
10647,True,Online,London,25-34,Silver,7,Fees too high,Joined on promo
10650,True,Referral,North,35-44,Silver,4,Poor service,Joined on promo
10651,True,Outbound,Midlands,45-54,Classic,7,Switched provider,Joined on promo
10658,True,Outbound,Scotland,35-44,Classic,7,Fees too high,Joined on promo
10661,False,Broker/IFA,North,35-44,Gold,1,Poor service,No promo
10662,True,Comparison Site,Midlands,65+,Silver,7,Poor service,Joined on promo
10665,True,Comparison Site,Midlands,45-54,Platinum,3,Unhappy with perks,Joined on promo
10668,True,Online,North,18-24,Classic,3,Fees too high,Joined on promo
10669,True,Outbound,South East,25-34,Silver,7,Fees too high,Joined on promo
10670,True,Comparison Site,Scotland,18-24,Silver,8,Fees too high,Joined on promo
10671,True,Comparison Site,South East,45-54,Gold,4,Fees too high,Joined on promo
10674,True,Comparison Site,Scotland,25-34,Classic,2,Poor service,Joined on promo
10677,True,Comparison Site,Scotland,45-54,Classic,4,Switched provider,Joined on promo
10681,True,Comparison Site,South East,45-54,Silver,2,Moved abroad,Joined on promo
10686,True,Comparison Site,South East,65+,Classic,6,Unknown,Joined on promo
10688,True,Online,London,18-24,Silver,3,Fees too high,Joined on promo
10695,True,Comparison Site,Scotland,35-44,Silver,2,Fees too high,Joined on promo
10699,True,Comparison Site,Wales & NI,35-44,Classic,3,Fees too high,Joined on promo
10703,False,Broker/IFA,South East,65+,Gold,6,Poor service,No promo
10709,False,Branch,Wales & NI,18-24,Classic,2,Poor service,No promo
10710,True,Outbound,North,25-34,Gold,2,Fees too high,Joined on promo
10715,True,Comparison Site,London,35-44,Silver,3,Fees too high,Joined on promo
10717,True,Online,London,45-54,Silver,7,Fees too high,Joined on promo
10720,False,Online,Wales & NI,35-44,Classic,1,Unknown,No promo
10725,False,Comparison Site,London,35-44,Classic,3,Switched provider,No promo
10726,True,Comparison Site,London,18-24,Classic,6,Switched provider,Joined on promo
10735,False,Branch,South East,65+,Silver,6,Unknown,No promo
10737,False,Referral,Midlands,45-54,Silver,7,Fees too high,No promo
10746,False,Comparison Site,Midlands,35-44,Silver,1,Fees too high,No promo
10748,False,Online,Scotland,65+,Silver,3,Poor service,No promo
10755,False,Comparison Site,North,35-44,Classic,1,Switched provider,No promo
10771,False,Online,Scotland,35-44,Gold,2,Poor service,No promo
10776,True,Comparison Site,Midlands,25-34,Classic,4,Fees too high,Joined on promo
10793,False,Branch,Midlands,18-24,Gold,5,Unhappy with perks,No promo
10796,True,Comparison Site,Midlands,45-54,Classic,2,Fees too high,Joined on promo
10797,True,Comparison Site,London,25-34,Classic,4,Fees too high,Joined on promo
10800,False,Branch,South East,25-34,Silver,2,Fees too high,No promo
10805,True,Comparison Site,Midlands,55-64,Silver,7,Fees too high,Joined on promo
10806,True,Comparison Site,North,65+,Gold,2,Fees too high,Joined on promo
10808,True,Outbound,South East,35-44,Silver,5,Moved abroad,Joined on promo
10814,False,Online,London,25-34,Classic,2,Switched provider,No promo
10818,False,Online,London,35-44,Classic,1,Switched provider,No promo
10824,False,Broker/IFA,North,35-44,Gold,2,Poor service,No promo
10829,False,Comparison Site,North,45-54,Silver,1,Fees too high,No promo
10831,False,Online,Midlands,65+,Classic,1,Switched provider,No promo
10833,False,Comparison Site,London,55-64,Classic,2,Fees too high,No promo
10841,False,Outbound,South East,18-24,Classic,2,Unknown,No promo
10866,True,Online,London,18-24,Classic,1,Poor service,Joined on promo
10867,False,Outbound,South East,18-24,Classic,1,Unknown,No promo
10876,False,Comparison Site,Scotland,25-34,Classic,7,Switched provider,No promo
10878,True,Comparison Site,Midlands,18-24,Silver,7,Fees too high,Joined on promo
10912,False,Comparison Site,Midlands,45-54,Classic,1,Poor service,No promo
10915,True,Outbound,Wales & NI,25-34,Silver,1,Fees too high,Joined on promo
10918,False,Referral,London,55-64,Silver,2,Moved abroad,No promo
10932,True,Online,South East,25-34,Silver,6,Fees too high,Joined on promo
10936,False,Branch,Scotland,55-64,Silver,1,Poor service,No promo
10937,True,Online,North,35-44,Gold,1,Poor service,Joined on promo
10940,True,Online,Midlands,55-64,Classic,2,Fees too high,Joined on promo
10946,False,Branch,Midlands,18-24,Classic,5,Unknown,No promo
10960,True,Comparison Site,Midlands,35-44,Classic,2,Unknown,Joined on promo
10963,True,Comparison Site,London,55-64,Classic,7,Fees too high,Joined on promo
10986,True,Comparison Site,North,55-64,Classic,1,Fees too high,Joined on promo
10991,False,Comparison Site,North,35-44,Classic,7,Switched provider,No promo
10993,False,Online,London,55-64,Silver,2,Fees too high,No promo
11011,False,Branch,London,55-64,Platinum,5,Moved abroad,No promo
11019,True,Comparison Site,Midlands,25-34,Classic,3,Fees too high,Joined on promo
11026,False,Comparison Site,Wales & NI,45-54,Classic,6,Fees too high,No promo
11032,False,Comparison Site,North,35-44,Silver,3,Fees too high,No promo
11037,False,Online,London,25-34,Silver,6,Moved abroad,No promo
11043,False,Branch,London,35-44,Silver,4,Unknown,No promo
11046,False,Comparison Site,London,25-34,Classic,4,Unknown,No promo
11053,False,Online,London,55-64,Classic,1,Poor service,No promo
11067,True,Comparison Site,North,45-54,Silver,4,Switched provider,Joined on promo
11073,False,Branch,Midlands,25-34,Classic,3,Poor service,No promo
11082,False,Online,Scotland,55-64,Classic,5,Poor service,No promo
11085,False,Comparison Site,London,35-44,Classic,3,Moved abroad,No promo
11088,True,Comparison Site,Midlands,35-44,Silver,7,Fees too high,Joined on promo
11095,False,Branch,London,45-54,Gold,1,Moved abroad,No promo
11098,True,Outbound,South East,65+,Classic,1,Fees too high,Joined on promo
11113,False,Referral,Midlands,25-34,Gold,2,Poor service,No promo
11128,True,Comparison Site,South East,45-54,Classic,4,Fees too high,Joined on promo
11130,False,Online,London,25-34,Classic,1,Moved abroad,No promo
11132,False,Online,South East,65+,Silver,7,Unknown,No promo
11134,False,Online,North,35-44,Silver,8,Switched provider,No promo
11141,False,Outbound,South East,25-34,Silver,1,Poor service,No promo
11142,True,Outbound,Wales & NI,45-54,Classic,8,Unknown,Joined on promo
11147,True,Comparison Site,South East,45-54,Silver,7,Poor service,Joined on promo
11149,True,Comparison Site,South East,55-64,Classic,1,Fees too high,Joined on promo
11156,False,Comparison Site,Scotland,25-34,Silver,3,Poor service,No promo
11158,False,Online,London,55-64,Silver,2,Unknown,No promo
11163,False,Online,South East,25-34,Gold,2,Poor service,No promo
11171,False,Outbound,Scotland,25-34,Gold,4,Unhappy with perks,No promo
11177,False,Referral,Scotland,35-44,Classic,1,Poor service,No promo
11178,True,Comparison Site,London,55-64,Classic,6,Fees too high,Joined on promo
11181,False,Online,Scotland,35-44,Classic,4,Fees too high,No promo
11182,False,Comparison Site,Midlands,25-34,Silver,5,Switched provider,No promo
11189,False,Broker/IFA,Midlands,65+,Platinum,1,Unknown,No promo
11194,False,Outbound,South East,35-44,Silver,5,Poor service,No promo
11199,False,Comparison Site,London,45-54,Silver,2,Poor service,No promo
11203,True,Comparison Site,Wales & NI,45-54,Silver,1,Fees too high,Joined on promo
11205,True,Online,Wales & NI,25-34,Silver,3,Moved abroad,Joined on promo
11206,True,Comparison Site,London,65+,Classic,3,Unknown,Joined on promo
11222,False,Referral,Midlands,25-34,Gold,6,Fees too high,No promo
11231,True,Comparison Site,North,55-64,Classic,1,Fees too high,Joined on promo
11232,False,Outbound,Scotland,35-44,Platinum,3,Poor service,No promo
11233,False,Online,Midlands,55-64,Classic,2,Unknown,No promo
11239,True,Online,Midlands,55-64,Gold,4,Fees too high,Joined on promo
11242,False,Comparison Site,London,25-34,Classic,2,Unknown,No promo
11256,True,Online,South East,25-34,Silver,7,Fees too high,Joined on promo
11258,True,Outbound,South East,35-44,Classic,4,Fees too high,Joined on promo
11277,False,Broker/IFA,Scotland,18-24,Silver,6,Poor service,No promo
11278,True,Outbound,Midlands,25-34,Gold,3,Fees too high,Joined on promo
11280,False,Branch,South East,65+,Platinum,1,Switched provider,No promo
11286,True,Online,London,55-64,Classic,5,Moved abroad,Joined on promo
11293,False,Online,North,35-44,Classic,4,Poor service,No promo
11299,False,Online,London,45-54,Silver,1,Switched provider,No promo
11302,True,Outbound,South East,45-54,Classic,3,Fees too high,Joined on promo
11308,False,Outbound,Wales & NI,25-34,Classic,2,Poor service,No promo
11324,False,Comparison Site,North,25-34,Classic,1,Switched provider,No promo
11332,False,Comparison Site,London,55-64,Classic,2,Unknown,No promo
11335,False,Comparison Site,North,45-54,Gold,2,Poor service,No promo
11339,False,Online,North,45-54,Gold,1,Bereavement,No promo
11374,False,Outbound,Midlands,25-34,Classic,2,Unknown,No promo
11379,False,Comparison Site,North,25-34,Classic,2,Unknown,No promo
11386,True,Online,North,35-44,Classic,5,Moved abroad,Joined on promo
11387,True,Comparison Site,London,35-44,Classic,3,Fees too high,Joined on promo
11392,True,Outbound,London,18-24,Silver,5,Poor service,Joined on promo
11400,True,Outbound,London,35-44,Gold,1,Fees too high,Joined on promo
11403,False,Branch,North,45-54,Gold,1,Poor service,No promo
11404,False,Outbound,London,18-24,Silver,4,Unknown,No promo
11411,True,Outbound,Scotland,55-64,Classic,2,Bereavement,Joined on promo
11420,False,Branch,South East,55-64,Silver,1,Poor service,No promo
11423,True,Online,London,35-44,Silver,1,Moved abroad,Joined on promo
11430,True,Comparison Site,Midlands,25-34,Silver,6,Fees too high,Joined on promo
11433,False,Online,London,45-54,Silver,6,Switched provider,No promo
11464,False,Online,London,25-34,Classic,7,Switched provider,No promo
11468,True,Online,Midlands,45-54,Classic,1,Switched provider,Joined on promo
11473,False,Branch,Scotland,18-24,Gold,2,Fees too high,No promo
11479,True,Comparison Site,North,65+,Gold,4,Unhappy with perks,Joined on promo
11483,False,Online,London,45-54,Silver,5,Unknown,No promo
11485,True,Comparison Site,Wales & NI,25-34,Silver,7,Fees too high,Joined on promo
11489,False,Online,South East,55-64,Platinum,4,Unknown,No promo
11493,False,Branch,North,25-34,Platinum,3,Unhappy with perks,No promo
11496,False,Comparison Site,London,65+,Silver,4,Fees too high,No promo
11502,True,Comparison Site,South East,35-44,Classic,2,Fees too high,Joined on promo
11506,True,Outbound,Scotland,65+,Silver,2,Switched provider,Joined on promo
11510,False,Referral,London,25-34,Silver,5,Poor service,No promo
11513,True,Comparison Site,South East,35-44,Classic,5,Fees too high,Joined on promo
11522,True,Comparison Site,London,45-54,Silver,2,Fees too high,Joined on promo
11523,False,Comparison Site,North,55-64,Gold,3,Poor service,No promo
11526,True,Comparison Site,South East,35-44,Classic,3,Switched provider,Joined on promo
11531,True,Online,Scotland,45-54,Classic,2,Fees too high,Joined on promo
11538,False,Referral,South East,45-54,Classic,7,Poor service,No promo
11540,False,Online,Scotland,55-64,Classic,3,Switched provider,No promo
11541,False,Comparison Site,North,55-64,Classic,4,Fees too high,No promo
11542,False,Online,Scotland,45-54,Classic,4,Poor service,No promo
11546,True,Comparison Site,London,18-24,Gold,2,Unhappy with perks,Joined on promo
11548,True,Outbound,Midlands,45-54,Platinum,7,Poor service,Joined on promo
11559,True,Comparison Site,London,25-34,Classic,2,Poor service,Joined on promo
11560,True,Outbound,North,65+,Classic,2,Poor service,Joined on promo
11570,False,Referral,London,55-64,Gold,4,Fees too high,No promo
11575,True,Comparison Site,Midlands,35-44,Classic,5,Fees too high,Joined on promo
11576,False,Online,London,18-24,Classic,7,Poor service,No promo
11579,False,Outbound,Midlands,25-34,Classic,7,Bereavement,No promo
11581,False,Branch,North,35-44,Silver,1,Unknown,No promo
11584,False,Comparison Site,Midlands,45-54,Classic,3,Unknown,No promo
11588,True,Comparison Site,Scotland,25-34,Classic,7,Fees too high,Joined on promo
11592,False,Online,South East,55-64,Gold,2,Unhappy with perks,No promo
11603,False,Branch,Scotland,18-24,Silver,1,Poor service,No promo
11604,False,Outbound,London,65+,Classic,4,Poor service,No promo
11621,True,Outbound,North,45-54,Silver,3,Moved abroad,Joined on promo
11622,True,Comparison Site,North,25-34,Silver,7,Poor service,Joined on promo
11626,False,Online,London,55-64,Classic,3,Poor service,No promo
11637,True,Comparison Site,Scotland,45-54,Silver,7,Switched provider,Joined on promo
11641,True,Comparison Site,North,35-44,Silver,4,Fees too high,Joined on promo
11649,True,Online,North,35-44,Silver,4,Unknown,Joined on promo
11651,False,Outbound,North,45-54,Gold,2,Switched provider,No promo
11656,True,Outbound,South East,55-64,Classic,5,Fees too high,Joined on promo
11657,False,Comparison Site,North,25-34,Classic,6,Fees too high,No promo
11661,True,Online,London,25-34,Classic,4,Unknown,Joined on promo
11662,True,Outbound,Scotland,25-34,Silver,1,Fees too high,Joined on promo
11666,True,Comparison Site,London,25-34,Classic,3,Unknown,Joined on promo
11667,True,Comparison Site,North,35-44,Classic,1,Fees too high,Joined on promo
11670,True,Referral,London,45-54,Classic,1,Switched provider,Joined on promo
11672,False,Comparison Site,South East,55-64,Classic,1,Switched provider,No promo
11674,True,Outbound,Wales & NI,25-34,Classic,1,Unknown,Joined on promo
11678,True,Online,London,25-34,Classic,2,Fees too high,Joined on promo
11684,True,Comparison Site,South East,45-54,Silver,7,Fees too high,Joined on promo
11686,True,Online,Midlands,45-54,Classic,6,Fees too high,Joined on promo
11689,True,Online,North,55-64,Classic,2,Fees too high,Joined on promo
11693,False,Branch,London,55-64,Gold,4,Poor service,No promo
11694,True,Comparison Site,London,35-44,Classic,1,Fees too high,Joined on promo
11695,False,Referral,South East,25-34,Silver,3,Poor service,No promo
11699,True,Comparison Site,Midlands,45-54,Classic,7,Fees too high,Joined on promo
11701,False,Comparison Site,Wales & NI,25-34,Classic,1,Switched provider,No promo
11702,True,Branch,South East,25-34,Classic,1,Switched provider,Joined on promo
11704,True,Comparison Site,Midlands,25-34,Classic,7,Switched provider,Joined on promo
11708,False,Outbound,Midlands,18-24,Gold,5,Fees too high,No promo
11712,False,Online,North,45-54,Classic,3,Bereavement,No promo
11722,True,Comparison Site,London,35-44,Silver,6,Fees too high,Joined on promo
11733,True,Online,Midlands,45-54,Silver,4,Fees too high,Joined on promo
11741,True,Comparison Site,Scotland,25-34,Classic,5,Fees too high,Joined on promo
11748,True,Online,South East,65+,Silver,3,Poor service,Joined on promo
11773,True,Comparison Site,Midlands,65+,Classic,3,Fees too high,Joined on promo
11779,True,Comparison Site,North,45-54,Silver,2,Fees too high,Joined on promo
11780,False,Online,North,35-44,Silver,1,Poor service,No promo
11796,False,Outbound,London,45-54,Silver,2,Poor service,No promo
11797,True,Comparison Site,North,25-34,Silver,1,Fees too high,Joined on promo
11814,False,Online,Midlands,25-34,Gold,5,Unhappy with perks,No promo
11818,True,Comparison Site,South East,45-54,Silver,6,Poor service,Joined on promo
11821,True,Comparison Site,London,35-44,Classic,2,Fees too high,Joined on promo
11834,False,Online,South East,25-34,Gold,5,Fees too high,No promo
11835,True,Comparison Site,Wales & NI,65+,Silver,2,Fees too high,Joined on promo
11836,True,Comparison Site,London,25-34,Silver,2,Fees too high,Joined on promo
11855,False,Comparison Site,London,35-44,Classic,3,Fees too high,No promo
11856,True,Comparison Site,Scotland,25-34,Silver,1,Fees too high,Joined on promo
11884,True,Outbound,North,35-44,Silver,5,Fees too high,Joined on promo
11885,False,Comparison Site,Midlands,25-34,Classic,1,Switched provider,No promo
11892,True,Outbound,Scotland,45-54,Platinum,1,Unhappy with perks,Joined on promo
11898,True,Comparison Site,South East,18-24,Silver,1,Fees too high,Joined on promo
11904,False,Online,North,18-24,Silver,1,Fees too high,No promo
11908,True,Comparison Site,North,45-54,Classic,1,Poor service,Joined on promo
11912,True,Outbound,North,55-64,Classic,6,Unknown,Joined on promo
11913,True,Comparison Site,North,35-44,Silver,2,Fees too high,Joined on promo
11929,True,Comparison Site,South East,25-34,Gold,3,Poor service,Joined on promo
11946,True,Comparison Site,Midlands,35-44,Silver,1,Fees too high,Joined on promo
11957,False,Comparison Site,Midlands,35-44,Classic,6,Unknown,No promo
11958,True,Outbound,London,35-44,Classic,3,Fees too high,Joined on promo
11959,False,Outbound,South East,25-34,Classic,1,Switched provider,No promo
11964,True,Comparison Site,South East,25-34,Silver,4,Fees too high,Joined on promo
11969,True,Online,South East,35-44,Silver,2,Switched provider,Joined on promo
11992,True,Outbound,Midlands,25-34,Classic,4,Moved abroad,Joined on promo
11995,True,Comparison Site,North,35-44,Gold,1,Fees too high,Joined on promo
11999,False,Referral,North,25-34,Silver,2,Fees too high,No promo
12011,False,Comparison Site,Scotland,35-44,Silver,4,Fees too high,No promo
12014,True,Comparison Site,South East,35-44,Gold,1,Unhappy with perks,Joined on promo
12016,True,Outbound,North,55-64,Classic,2,Poor service,Joined on promo
12017,False,Comparison Site,South East,25-34,Classic,4,Unknown,No promo
12041,False,Online,Midlands,35-44,Silver,3,Moved abroad,No promo
12050,True,Outbound,London,25-34,Gold,1,Poor service,Joined on promo
12053,False,Referral,London,25-34,Gold,1,Poor service,No promo
12074,True,Online,London,55-64,Classic,4,Poor service,Joined on promo
12075,True,Comparison Site,North,35-44,Silver,2,Fees too high,Joined on promo
12081,False,Comparison Site,North,55-64,Silver,5,Unknown,No promo
12089,False,Comparison Site,South East,45-54,Silver,5,Fees too high,No promo
12104,False,Branch,London,25-34,Gold,3,Switched provider,No promo
12116,False,Outbound,Scotland,35-44,Silver,3,Bereavement,No promo
12127,True,Comparison Site,London,55-64,Classic,5,Fees too high,Joined on promo
12131,False,Broker/IFA,Wales & NI,35-44,Gold,1,Unhappy with perks,No promo
12139,False,Branch,Midlands,25-34,Classic,5,Switched provider,No promo
12149,True,Comparison Site,South East,25-34,Silver,2,Poor service,Joined on promo
12150,False,Comparison Site,London,45-54,Silver,2,Moved abroad,No promo
12170,False,Referral,North,45-54,Classic,5,Poor service,No promo
12186,True,Branch,Midlands,35-44,Gold,2,Fees too high,Joined on promo
12193,True,Online,Wales & NI,35-44,Classic,3,Fees too high,Joined on promo
12194,True,Comparison Site,Midlands,25-34,Classic,5,Fees too high,Joined on promo
12195,True,Comparison Site,North,35-44,Silver,6,Fees too high,Joined on promo
12202,False,Branch,North,35-44,Silver,2,Poor service,No promo
12204,True,Comparison Site,Wales & NI,55-64,Classic,5,Fees too high,Joined on promo
12231,True,Outbound,South East,25-34,Silver,3,Poor service,Joined on promo
12232,True,Comparison Site,Wales & NI,35-44,Gold,1,Fees too high,Joined on promo
12247,True,Comparison Site,Midlands,35-44,Silver,1,Fees too high,Joined on promo
12248,True,Comparison Site,London,18-24,Silver,6,Poor service,Joined on promo
12255,True,Comparison Site,Midlands,35-44,Gold,4,Unhappy with perks,Joined on promo
12261,False,Outbound,North,35-44,Classic,1,Unknown,No promo
12263,False,Branch,South East,25-34,Platinum,1,Poor service,No promo
12268,True,Comparison Site,Scotland,25-34,Classic,3,Poor service,Joined on promo
12278,False,Outbound,South East,45-54,Platinum,1,Moved abroad,No promo
12287,False,Outbound,North,35-44,Classic,5,Poor service,No promo
12289,True,Outbound,London,35-44,Classic,2,Fees too high,Joined on promo
12293,True,Comparison Site,London,45-54,Gold,3,Poor service,Joined on promo
12304,True,Comparison Site,Midlands,35-44,Classic,3,Switched provider,Joined on promo
12310,False,Branch,London,65+,Silver,1,Poor service,No promo
12312,True,Comparison Site,Midlands,25-34,Gold,5,Unhappy with perks,Joined on promo
12316,True,Comparison Site,North,45-54,Classic,5,Fees too high,Joined on promo
12328,False,Online,North,35-44,Classic,4,Poor service,No promo
12329,False,Comparison Site,North,18-24,Classic,2,Fees too high,No promo
12330,False,Comparison Site,Midlands,35-44,Classic,1,Fees too high,No promo
12334,False,Broker/IFA,North,35-44,Platinum,4,Poor service,No promo
12336,True,Comparison Site,London,18-24,Classic,1,Switched provider,Joined on promo
12341,True,Comparison Site,Midlands,25-34,Classic,2,Unknown,Joined on promo
12345,False,Comparison Site,North,45-54,Silver,1,Poor service,No promo
12354,True,Comparison Site,North,55-64,Silver,1,Fees too high,Joined on promo
12355,False,Outbound,Midlands,45-54,Classic,3,Switched provider,No promo
12360,False,Branch,Midlands,25-34,Silver,2,Switched provider,No promo
12372,False,Comparison Site,London,45-54,Silver,5,Poor service,No promo
12379,False,Online,London,35-44,Classic,3,Poor service,No promo
12387,True,Comparison Site,Wales & NI,18-24,Classic,2,Poor service,Joined on promo
12392,False,Online,London,65+,Gold,1,Bereavement,No promo
12398,False,Referral,London,35-44,Silver,5,Fees too high,No promo
12412,True,Referral,London,25-34,Silver,4,Switched provider,Joined on promo
12419,True,Comparison Site,Wales & NI,18-24,Classic,5,Poor service,Joined on promo
12428,False,Comparison Site,Scotland,45-54,Silver,2,Switched provider,No promo
12429,True,Comparison Site,London,65+,Classic,3,Fees too high,Joined on promo
12430,True,Online,Scotland,25-34,Classic,5,Switched provider,Joined on promo
12439,False,Comparison Site,South East,55-64,Classic,2,Fees too high,No promo
12444,False,Online,Midlands,25-34,Gold,1,Poor service,No promo
12453,False,Online,Scotland,35-44,Classic,1,Poor service,No promo
12467,True,Comparison Site,Scotland,35-44,Gold,2,Fees too high,Joined on promo
12475,False,Online,Wales & NI,35-44,Gold,1,Switched provider,No promo
12476,True,Branch,South East,35-44,Platinum,5,Unhappy with perks,Joined on promo
12477,True,Comparison Site,London,35-44,Classic,4,Fees too high,Joined on promo
12488,False,Branch,North,35-44,Platinum,2,Poor service,No promo
12490,False,Online,South East,55-64,Silver,3,Unknown,No promo
12500,True,Online,North,35-44,Classic,3,Fees too high,Joined on promo
12503,False,Comparison Site,North,25-34,Silver,4,Switched provider,No promo
12508,True,Online,South East,35-44,Classic,3,Unknown,Joined on promo
12509,True,Outbound,South East,18-24,Classic,2,Switched provider,Joined on promo
12510,True,Comparison Site,North,18-24,Silver,3,Fees too high,Joined on promo
12512,True,Comparison Site,Scotland,55-64,Silver,5,Moved abroad,Joined on promo
12513,False,Comparison Site,London,35-44,Classic,4,Switched provider,No promo
12538,False,Online,North,55-64,Gold,4,Unhappy with perks,No promo
12550,True,Online,North,45-54,Silver,4,Fees too high,Joined on promo
12553,True,Outbound,London,25-34,Classic,2,Bereavement,Joined on promo
12561,False,Comparison Site,Scotland,35-44,Silver,1,Switched provider,No promo
12582,False,Referral,North,55-64,Platinum,4,Unhappy with perks,No promo
12588,False,Referral,London,18-24,Silver,1,Poor service,No promo
12593,False,Online,Midlands,35-44,Classic,1,Unknown,No promo
12606,False,Broker/IFA,London,18-24,Gold,3,Unhappy with perks,No promo
12618,True,Comparison Site,North,65+,Gold,1,Unhappy with perks,Joined on promo
12620,True,Online,South East,25-34,Silver,3,Unknown,Joined on promo
12630,True,Comparison Site,London,35-44,Classic,3,Fees too high,Joined on promo
12668,True,Referral,Wales & NI,45-54,Platinum,1,Unknown,Joined on promo
12703,True,Comparison Site,London,35-44,Classic,1,Fees too high,Joined on promo
12720,False,Branch,South East,18-24,Gold,5,Unknown,No promo
12729,False,Online,South East,25-34,Silver,4,Unknown,No promo
12741,True,Outbound,Scotland,65+,Silver,2,Fees too high,Joined on promo
12742,True,Comparison Site,North,18-24,Platinum,3,Fees too high,Joined on promo
12768,True,Online,London,25-34,Classic,4,Moved abroad,Joined on promo
12776,True,Comparison Site,South East,35-44,Classic,3,Fees too high,Joined on promo
12789,True,Comparison Site,Midlands,35-44,Classic,2,Fees too high,Joined on promo
12791,True,Comparison Site,North,25-34,Silver,1,Fees too high,Joined on promo
12796,True,Comparison Site,Midlands,65+,Classic,1,Fees too high,Joined on promo
12802,False,Online,Midlands,25-34,Classic,3,Poor service,No promo
12806,False,Comparison Site,London,45-54,Classic,1,Poor service,No promo
12807,False,Comparison Site,South East,35-44,Silver,2,Fees too high,No promo
12816,False,Outbound,South East,55-64,Classic,2,Switched provider,No promo
12880,True,Online,Midlands,45-54,Classic,1,Fees too high,Joined on promo
12887,True,Comparison Site,South East,25-34,Classic,1,Fees too high,Joined on promo
12889,True,Online,South East,45-54,Gold,2,Fees too high,Joined on promo
12894,True,Comparison Site,South East,65+,Silver,1,Fees too high,Joined on promo
12898,False,Outbound,South East,55-64,Silver,1,Poor service,No promo
12902,False,Branch,South East,25-34,Platinum,1,Unhappy with perks,No promo
12903,False,Referral,Midlands,45-54,Gold,1,Unhappy with perks,No promo
12904,True,Outbound,South East,35-44,Classic,1,Poor service,Joined on promo
12909,True,Branch,Midlands,45-54,Classic,1,Switched provider,Joined on promo
12933,True,Comparison Site,London,55-64,Classic,1,Fees too high,Joined on promo
12935,False,Referral,North,25-34,Classic,4,Switched provider,No promo
12958,False,Comparison Site,North,45-54,Classic,3,Fees too high,No promo
12961,True,Outbound,London,35-44,Classic,1,Unknown,Joined on promo
12963,False,Comparison Site,Wales & NI,25-34,Classic,3,Switched provider,No promo
12965,False,Comparison Site,Wales & NI,18-24,Gold,1,Unhappy with perks,No promo
12969,True,Comparison Site,London,45-54,Silver,2,Poor service,Joined on promo
12975,False,Comparison Site,South East,25-34,Silver,1,Bereavement,No promo
12982,True,Branch,Scotland,25-34,Silver,2,Fees too high,Joined on promo
12983,False,Online,Midlands,25-34,Platinum,2,Poor service,No promo
12996,False,Comparison Site,London,25-34,Classic,1,Poor service,No promo
13014,False,Broker/IFA,North,55-64,Silver,2,Poor service,No promo
13030,False,Outbound,Midlands,55-64,Classic,1,Switched provider,No promo
13031,True,Comparison Site,North,35-44,Classic,4,Fees too high,Joined on promo
13045,False,Comparison Site,North,35-44,Classic,2,Moved abroad,No promo
13048,False,Online,Midlands,25-34,Classic,2,Unknown,No promo
13049,True,Comparison Site,South East,25-34,Silver,1,Fees too high,Joined on promo
13056,True,Outbound,South East,25-34,Classic,1,Poor service,Joined on promo
13063,False,Comparison Site,South East,65+,Classic,2,Unknown,No promo
13070,True,Online,Wales & NI,55-64,Classic,3,Switched provider,Joined on promo
13073,False,Online,London,18-24,Silver,3,Poor service,No promo
13080,False,Branch,South East,25-34,Classic,2,Switched provider,No promo
13096,False,Online,London,35-44,Classic,3,Unknown,No promo
13097,True,Comparison Site,South East,65+,Silver,1,Switched provider,Joined on promo
13100,False,Referral,London,55-64,Gold,1,Fees too high,No promo
13101,False,Comparison Site,Midlands,45-54,Classic,2,Unknown,No promo
13116,False,Branch,Midlands,18-24,Platinum,1,Unknown,No promo
13125,False,Comparison Site,North,35-44,Classic,2,Fees too high,No promo
13138,True,Comparison Site,South East,45-54,Classic,1,Fees too high,Joined on promo
13140,True,Comparison Site,Scotland,35-44,Classic,1,Switched provider,Joined on promo
13147,True,Comparison Site,London,18-24,Silver,2,Unknown,Joined on promo
13156,False,Branch,Midlands,65+,Gold,3,Switched provider,No promo
13171,True,Online,North,45-54,Classic,4,Poor service,Joined on promo
13184,True,Comparison Site,Midlands,25-34,Classic,3,Fees too high,Joined on promo
13211,True,Referral,North,55-64,Silver,1,Fees too high,Joined on promo
13222,False,Outbound,Scotland,35-44,Classic,4,Unknown,No promo
13252,False,Comparison Site,Midlands,18-24,Classic,4,Switched provider,No promo
13254,True,Comparison Site,Wales & NI,35-44,Silver,1,Poor service,Joined on promo
13269,False,Broker/IFA,South East,35-44,Platinum,2,Fees too high,No promo
13270,True,Comparison Site,London,65+,Classic,1,Fees too high,Joined on promo
13280,False,Online,Midlands,25-34,Silver,1,Fees too high,No promo
13294,True,Outbound,North,65+,Classic,2,Switched provider,Joined on promo
13307,True,Comparison Site,Wales & NI,65+,Classic,1,Poor service,Joined on promo
13328,True,Online,London,65+,Classic,1,Unknown,Joined on promo
13331,False,Online,Wales & NI,18-24,Classic,3,Switched provider,No promo
13332,False,Online,Wales & NI,25-34,Gold,2,Unhappy with perks,No promo
13342,False,Online,Scotland,35-44,Classic,3,Poor service,No promo
13347,True,Comparison Site,Wales & NI,35-44,Silver,1,Fees too high,Joined on promo
13361,True,Comparison Site,Midlands,35-44,Silver,3,Fees too high,Joined on promo
13374,True,Online,Wales & NI,45-54,Silver,1,Poor service,Joined on promo
13376,False,Comparison Site,Scotland,35-44,Silver,2,Fees too high,No promo
13384,False,Comparison Site,Wales & NI,45-54,Classic,1,Unknown,No promo
13390,True,Comparison Site,London,35-44,Silver,2,Bereavement,Joined on promo
13392,False,Comparison Site,London,35-44,Silver,1,Fees too high,No promo
13398,False,Branch,London,25-34,Silver,1,Fees too high,No promo
13402,True,Comparison Site,Scotland,25-34,Classic,1,Poor service,Joined on promo
13443,False,Comparison Site,Midlands,35-44,Classic,2,Switched provider,No promo
13467,False,Comparison Site,North,55-64,Classic,1,Poor service,No promo
13474,False,Branch,South East,25-34,Silver,2,Poor service,No promo
13487,False,Online,London,18-24,Classic,3,Unknown,No promo
13495,False,Broker/IFA,North,35-44,Gold,1,Unknown,No promo
13535,True,Outbound,South East,45-54,Silver,1,Fees too high,Joined on promo
13545,False,Outbound,London,35-44,Silver,3,Moved abroad,No promo
13547,False,Online,Midlands,25-34,Classic,2,Unknown,No promo
13558,False,Outbound,Midlands,18-24,Classic,1,Switched provider,No promo
13581,True,Outbound,Midlands,45-54,Silver,2,Fees too high,Joined on promo
13582,True,Online,Midlands,25-34,Gold,3,Unknown,Joined on promo
13585,True,Comparison Site,Scotland,35-44,Classic,3,Fees too high,Joined on promo
13599,False,Broker/IFA,Midlands,35-44,Gold,2,Unhappy with perks,No promo
13606,True,Comparison Site,North,18-24,Silver,1,Fees too high,Joined on promo
13607,True,Comparison Site,Midlands,25-34,Classic,1,Fees too high,Joined on promo
13610,True,Online,South East,35-44,Classic,1,Switched provider,Joined on promo
13612,False,Branch,Midlands,55-64,Gold,3,Fees too high,No promo
13616,False,Comparison Site,Midlands,45-54,Classic,2,Poor service,No promo
13626,False,Online,Wales & NI,35-44,Classic,2,Poor service,No promo
13637,True,Comparison Site,Midlands,18-24,Classic,2,Fees too high,Joined on promo
13651,False,Referral,South East,18-24,Silver,1,Poor service,No promo
13656,True,Online,South East,55-64,Platinum,2,Fees too high,Joined on promo
13659,False,Comparison Site,Midlands,18-24,Classic,3,Switched provider,No promo
13704,False,Online,North,45-54,Classic,3,Switched provider,No promo
13711,True,Comparison Site,Midlands,25-34,Classic,1,Fees too high,Joined on promo
13719,False,Outbound,Wales & NI,25-34,Silver,3,Unknown,No promo
13737,False,Comparison Site,North,45-54,Classic,1,Moved abroad,No promo
13758,True,Online,South East,55-64,Gold,2,Bereavement,Joined on promo
13759,False,Outbound,Midlands,55-64,Classic,2,Unknown,No promo
13765,False,Online,Wales & NI,18-24,Classic,1,Unknown,No promo
13772,False,Online,Midlands,18-24,Silver,3,Unknown,No promo
13773,True,Branch,North,35-44,Silver,1,Fees too high,Joined on promo
13785,False,Online,North,65+,Classic,3,Poor service,No promo
13814,False,Referral,London,45-54,Silver,2,Switched provider,No promo
13819,False,Online,South East,35-44,Silver,1,Unknown,No promo
13835,False,Branch,Scotland,35-44,Classic,2,Poor service,No promo
13841,False,Online,London,35-44,Classic,2,Switched provider,No promo
13854,False,Online,London,45-54,Silver,2,Fees too high,No promo
13857,False,Online,Wales & NI,35-44,Silver,2,Fees too high,No promo
13872,False,Online,North,25-34,Silver,1,Bereavement,No promo
13902,False,Branch,North,55-64,Gold,1,Unknown,No promo
13942,True,Online,South East,25-34,Silver,1,Bereavement,Joined on promo
13945,False,Outbound,Wales & NI,25-34,Classic,1,Switched provider,No promo
13949,False,Online,South East,65+,Silver,1,Unknown,No promo
13974,True,Comparison Site,South East,45-54,Classic,1,Switched provider,Joined on promo
13976,False,Referral,North,25-34,Platinum,1,Unhappy with perks,No promo
13977,False,Online,North,18-24,Platinum,1,Switched provider,No promo
13994,False,Comparison Site,South East,35-44,Classic,2,Switched provider,No promo
13998,True,Comparison Site,Midlands,25-34,Classic,2,Fees too high,Joined on promo
14003,False,Outbound,Midlands,55-64,Silver,1,Bereavement,No promo
14009,False,Referral,London,45-54,Gold,2,Fees too high,No promo
14027,True,Branch,Midlands,25-34,Silver,1,Poor service,Joined on promo
14044,False,Comparison Site,London,35-44,Silver,1,Switched provider,No promo
14047,True,Comparison Site,South East,55-64,Classic,1,Poor service,Joined on promo
14078,False,Online,South East,35-44,Silver,1,Poor service,No promo
14079,True,Online,North,35-44,Classic,1,Fees too high,Joined on promo
14086,False,Online,South East,18-24,Classic,2,Switched provider,No promo
14097,True,Comparison Site,London,65+,Classic,1,Fees too high,Joined on promo
14140,False,Comparison Site,Scotland,55-64,Classic,1,Unknown,No promo
14187,False,Outbound,Midlands,18-24,Classic,1,Poor service,No promo
14216,False,Referral,South East,18-24,Classic,1,Unknown,No promo
14224,True,Branch,London,25-34,Classic,1,Fees too high,Joined on promo
14235,True,Comparison Site,Midlands,55-64,Classic,1,Unknown,Joined on promo
14239,False,Outbound,London,65+,Classic,2,Unknown,No promo
14254,True,Comparison Site,North,25-34,Classic,2,Fees too high,Joined on promo
14265,False,Branch,Midlands,25-34,Gold,2,Unhappy with perks,No promo
14270,True,Comparison Site,South East,25-34,Classic,1,Switched provider,Joined on promo
14271,True,Comparison Site,Midlands,35-44,Classic,1,Fees too high,Joined on promo
14276,True,Comparison Site,London,35-44,Classic,2,Fees too high,Joined on promo
14284,True,Online,South East,65+,Classic,2,Fees too high,Joined on promo
14300,True,Branch,Midlands,35-44,Silver,1,Fees too high,Joined on promo
14310,False,Online,North,25-34,Silver,2,Moved abroad,No promo
14318,True,Outbound,South East,18-24,Gold,2,Poor service,Joined on promo
14325,True,Comparison Site,London,35-44,Gold,1,Unhappy with perks,Joined on promo
14351,True,Outbound,Wales & NI,35-44,Classic,1,Switched provider,Joined on promo
14352,True,Comparison Site,South East,55-64,Classic,2,Poor service,Joined on promo
14380,True,Comparison Site,Midlands,25-34,Classic,1,Switched provider,Joined on promo
14383,False,Branch,Wales & NI,45-54,Platinum,1,Switched provider,No promo
14400,False,Referral,Midlands,35-44,Classic,2,Poor service,No promo
14403,True,Comparison Site,North,35-44,Silver,2,Unknown,Joined on promo
14409,False,Referral,North,45-54,Classic,1,Unknown,No promo
14446,False,Branch,Wales & NI,25-34,Silver,2,Switched provider,No promo
14451,False,Online,South East,35-44,Classic,1,Unknown,No promo
14453,False,Online,London,25-34,Silver,2,Switched provider,No promo
14464,True,Comparison Site,Wales & NI,35-44,Classic,1,Poor service,Joined on promo
14497,True,Outbound,North,35-44,Silver,1,Unknown,Joined on promo
14523,False,Comparison Site,South East,35-44,Classic,1,Fees too high,No promo
14551,False,Branch,North,55-64,Gold,1,Unknown,No promo
14558,True,Comparison Site,North,45-54,Classic,1,Unknown,Joined on promo
14559,True,Outbound,South East,25-34,Classic,1,Poor service,Joined on promo
14577,True,Comparison Site,Midlands,65+,Classic,1,Fees too high,Joined on promo
14590,True,Online,Midlands,35-44,Classic,1,Switched provider,Joined on promo
14636,False,Outbound,Scotland,25-34,Silver,1,Poor service,No promo
14698,True,Online,Midlands,35-44,Classic,1,Switched provider,Joined on promo
14735,True,Online,North,45-54,Classic,1,Fees too high,Joined on promo
14779,False,Branch,North,55-64,Classic,1,Poor service,No promo
14787,False,Referral,Wales & NI,18-24,Platinum,1,Switched provider,No promo
14791,False,Referral,North,65+,Silver,1,Unknown,No promo
14820,False,Outbound,London,55-64,Classic,1,Switched provider,No promo
14849,False,Online,Midlands,25-34,Classic,1,Poor service,No promo
14868,False,Comparison Site,North,25-34,Classic,1,Moved abroad,No promo
14882,False,Comparison Site,Midlands,55-64,Classic,1,Unknown,No promo
14917,False,Outbound,London,45-54,Gold,1,Unhappy with perks,No promo
14958,True,Outbound,Scotland,18-24,Classic,1,Switched provider,Joined on promo
14989,True,Online,London,25-34,Classic,1,Fees too high,Joined on promo
15009,True,Comparison Site,North,45-54,Silver,1,Fees too high,Joined on promo
15032,True,Comparison Site,London,25-34,Classic,1,Fees too high,Joined on promo
15039,True,Comparison Site,Scotland,18-24,Classic,1,Switched provider,Joined on promo
15044,True,Online,Midlands,25-34,Classic,1,Poor service,Joined on promo
15066,False,Comparison Site,Scotland,65+,Classic,1,Switched provider,No promo
15075,False,Online,South East,35-44,Silver,1,Unknown,No promo
15104,True,Branch,London,35-44,Classic,1,Poor service,Joined on promo
15118,True,Online,South East,25-34,Classic,1,Switched provider,Joined on promo
