customer_id,join_month,cohort,channel,region,age_band,tier_at_join,promo,tenure_months,churned,value_12m,CAC
1,2022-01-01,2022,Comparison Site,Scotland,25-34,Classic,False,6,True,0,39.79
2,2022-01-01,2022,Online,London,55-64,Silver,False,36,False,132,69.94
3,2022-01-01,2022,Branch,South East,25-34,Platinum,False,36,False,316,152.18
4,2022-01-01,2022,Referral,London,25-34,Silver,True,36,False,66,59.74
5,2022-01-01,2022,Comparison Site,South East,35-44,Silver,False,10,True,33,39.79
6,2022-01-01,2022,Branch,South East,35-44,Gold,False,36,False,153,152.18
7,2022-01-01,2022,Outbound,Scotland,45-54,Silver,False,17,True,132,121.95
8,2022-01-01,2022,Online,South East,45-54,Silver,False,36,False,132,69.94
9,2022-01-01,2022,Online,North,35-44,Silver,False,36,False,132,69.94
10,2022-01-01,2022,Broker/IFA,Scotland,18-24,Gold,True,36,False,168,199.2
11,2022-01-01,2022,Comparison Site,South East,18-24,Classic,True,8,True,0,39.79
12,2022-01-01,2022,Referral,Scotland,18-24,Gold,False,36,False,216,59.74
13,2022-01-01,2022,Comparison Site,London,25-34,Classic,True,18,True,0,39.79
14,2022-01-01,2022,Online,Midlands,45-54,Silver,False,30,True,33,69.94
15,2022-01-01,2022,Branch,North,25-34,Silver,True,1,True,0,152.18
16,2022-01-01,2022,Comparison Site,London,25-34,Classic,True,3,True,0,39.79
17,2022-01-01,2022,Broker/IFA,Scotland,45-54,Silver,False,1,True,11,199.2
18,2022-01-01,2022,Comparison Site,London,45-54,Classic,True,13,True,44,39.79
19,2022-01-01,2022,Broker/IFA,South East,55-64,Gold,False,36,False,326,199.2
20,2022-01-01,2022,Broker/IFA,Scotland,55-64,Silver,False,36,False,167,199.2
21,2022-01-01,2022,Referral,Midlands,35-44,Silver,False,11,True,177,59.74
22,2022-01-01,2022,Broker/IFA,London,55-64,Platinum,False,17,True,296,199.2
23,2022-01-01,2022,Online,North,35-44,Silver,False,36,False,132,69.94
24,2022-01-01,2022,Broker/IFA,North,55-64,Platinum,False,9,True,212,199.2
25,2022-01-01,2022,Branch,North,45-54,Classic,True,36,False,108,152.18
26,2022-01-01,2022,Branch,Midlands,35-44,Silver,False,35,True,132,152.18
27,2022-01-01,2022,Online,North,25-34,Silver,False,36,False,132,69.94
28,2022-01-01,2022,Comparison Site,London,45-54,Silver,True,7,True,0,39.79
29,2022-01-01,2022,Comparison Site,Wales & NI,45-54,Gold,False,16,True,195,39.79
30,2022-01-01,2022,Referral,North,65+,Classic,False,30,True,11,59.74
31,2022-01-01,2022,Comparison Site,London,25-34,Classic,False,1,True,0,39.79
32,2022-01-01,2022,Referral,Scotland,45-54,Gold,False,36,False,216,59.74
33,2022-01-01,2022,Online,London,55-64,Platinum,True,36,False,138,69.94
34,2022-01-01,2022,Comparison Site,South East,55-64,Gold,False,2,True,36,39.79
35,2022-01-01,2022,Comparison Site,Wales & NI,18-24,Classic,True,1,True,0,39.79
36,2022-01-01,2022,Comparison Site,Scotland,45-54,Classic,False,10,True,0,39.79
37,2022-01-01,2022,Broker/IFA,London,35-44,Platinum,True,36,False,168,199.2
38,2022-01-01,2022,Outbound,Scotland,35-44,Classic,False,5,True,0,121.95
39,2022-01-01,2022,Online,London,45-54,Silver,False,36,False,132,69.94
40,2022-01-01,2022,Referral,Midlands,25-34,Silver,True,12,True,66,59.74
41,2022-01-01,2022,Comparison Site,South East,65+,Classic,True,12,True,0,39.79
42,2022-01-01,2022,Online,Wales & NI,35-44,Silver,False,15,True,167,69.94
43,2022-01-01,2022,Branch,London,18-24,Gold,False,36,False,216,152.18
44,2022-01-01,2022,Outbound,North,35-44,Classic,False,36,False,0,121.95
45,2022-01-01,2022,Outbound,London,35-44,Silver,True,7,True,11,121.95
46,2022-01-01,2022,Broker/IFA,Midlands,25-34,Gold,False,27,True,266,199.2
47,2022-01-01,2022,Comparison Site,North,25-34,Silver,True,27,True,66,39.79
48,2022-01-01,2022,Outbound,South East,45-54,Gold,False,36,False,209,121.95
49,2022-01-01,2022,Referral,South East,55-64,Silver,False,36,False,132,59.74
50,2022-01-01,2022,Online,South East,45-54,Gold,False,36,False,296,69.94
51,2022-01-01,2022,Outbound,Wales & NI,35-44,Classic,False,19,True,0,121.95
52,2022-01-01,2022,Online,Midlands,65+,Classic,False,4,True,0,69.94
53,2022-01-01,2022,Comparison Site,Midlands,45-54,Silver,True,5,True,0,39.79
54,2022-01-01,2022,Online,South East,35-44,Silver,False,1,True,11,69.94
55,2022-01-01,2022,Broker/IFA,London,45-54,Gold,False,36,False,209,199.2
56,2022-01-01,2022,Online,Midlands,18-24,Gold,False,9,True,162,69.94
57,2022-01-01,2022,Comparison Site,North,25-34,Classic,True,36,False,66,39.79
58,2022-01-01,2022,Comparison Site,Midlands,18-24,Classic,True,12,True,0,39.79
59,2022-01-01,2022,Online,London,35-44,Classic,False,3,True,0,69.94
60,2022-01-01,2022,Branch,London,25-34,Gold,False,36,False,216,152.18
61,2022-01-01,2022,Comparison Site,South East,35-44,Classic,False,12,True,0,39.79
62,2022-01-01,2022,Comparison Site,Midlands,18-24,Gold,True,9,True,54,39.79
63,2022-01-01,2022,Branch,Midlands,65+,Silver,False,36,False,132,152.18
64,2022-01-01,2022,Online,North,25-34,Classic,False,10,True,0,69.94
65,2022-01-01,2022,Referral,London,18-24,Classic,False,5,True,0,59.74
66,2022-01-01,2022,Comparison Site,South East,55-64,Classic,True,2,True,0,39.79
67,2022-01-01,2022,Branch,South East,65+,Gold,False,36,False,326,152.18
68,2022-01-01,2022,Referral,North,45-54,Silver,False,36,False,132,59.74
69,2022-01-01,2022,Online,South East,35-44,Silver,False,5,True,55,69.94
70,2022-01-01,2022,Outbound,South East,25-34,Silver,True,36,False,66,121.95
71,2022-01-01,2022,Outbound,Midlands,45-54,Silver,False,8,True,44,121.95
72,2022-01-01,2022,Online,North,55-64,Silver,False,2,True,22,69.94
73,2022-01-01,2022,Online,Scotland,25-34,Gold,True,4,True,0,69.94
74,2022-01-01,2022,Branch,Scotland,25-34,Classic,False,25,True,177,152.18
75,2022-01-01,2022,Broker/IFA,Midlands,35-44,Gold,False,36,False,216,199.2
76,2022-01-01,2022,Outbound,South East,25-34,Silver,True,36,False,66,121.95
77,2022-01-01,2022,Branch,South East,25-34,Platinum,False,36,False,236,152.18
78,2022-01-01,2022,Comparison Site,South East,25-34,Classic,True,3,True,0,39.79
79,2022-01-01,2022,Online,Wales & NI,25-34,Silver,False,9,True,77,69.94
80,2022-01-01,2022,Comparison Site,Scotland,35-44,Silver,False,36,False,132,39.79
81,2022-01-01,2022,Comparison Site,Midlands,18-24,Gold,True,36,False,108,39.79
82,2022-01-01,2022,Outbound,South East,35-44,Classic,True,11,True,22,121.95
83,2022-01-01,2022,Broker/IFA,London,18-24,Classic,False,6,True,44,199.2
84,2022-01-01,2022,Comparison Site,South East,25-34,Classic,False,36,False,99,39.79
85,2022-01-01,2022,Online,North,35-44,Gold,True,21,True,108,69.94
86,2022-01-01,2022,Comparison Site,South East,35-44,Silver,False,36,False,181,39.79
87,2022-01-01,2022,Branch,Midlands,35-44,Gold,False,36,False,167,152.18
88,2022-01-01,2022,Branch,London,35-44,Gold,False,4,True,72,152.18
89,2022-01-01,2022,Comparison Site,London,25-34,Classic,False,5,True,33,39.79
90,2022-01-01,2022,Online,Scotland,55-64,Classic,False,2,True,0,69.94
91,2022-01-01,2022,Online,London,35-44,Gold,True,36,False,108,69.94
92,2022-01-01,2022,Comparison Site,Midlands,45-54,Classic,False,17,True,0,39.79
93,2022-01-01,2022,Online,London,18-24,Platinum,False,36,False,336,69.94
94,2022-01-01,2022,Online,South East,18-24,Silver,True,7,True,11,69.94
95,2022-01-01,2022,Branch,Wales & NI,25-34,Silver,True,36,False,108,152.18
96,2022-01-01,2022,Comparison Site,Scotland,45-54,Classic,True,5,True,0,39.79
97,2022-01-01,2022,Branch,South East,55-64,Gold,False,36,False,216,152.18
98,2022-01-01,2022,Comparison Site,North,35-44,Silver,False,20,True,132,39.79
99,2022-01-01,2022,Branch,South East,18-24,Gold,False,36,False,216,152.18
100,2022-01-01,2022,Branch,South East,25-34,Platinum,False,36,False,336,152.18
101,2022-01-01,2022,Referral,Midlands,45-54,Classic,True,23,True,0,59.74
102,2022-01-01,2022,Online,South East,25-34,Classic,True,36,False,0,69.94
103,2022-01-01,2022,Comparison Site,South East,35-44,Gold,True,2,True,0,39.79
104,2022-01-01,2022,Outbound,North,35-44,Silver,True,36,False,66,121.95
105,2022-01-01,2022,Referral,North,18-24,Gold,True,36,False,66,59.74
106,2022-01-01,2022,Comparison Site,North,35-44,Classic,False,3,True,0,39.79
107,2022-01-01,2022,Comparison Site,London,45-54,Classic,True,9,True,0,39.79
108,2022-01-01,2022,Comparison Site,South East,35-44,Silver,True,2,True,0,39.79
109,2022-01-01,2022,Branch,London,55-64,Classic,False,32,True,163,152.18
110,2022-01-01,2022,Referral,South East,18-24,Classic,True,36,False,0,59.74
111,2022-01-01,2022,Referral,North,25-34,Silver,True,36,False,66,59.74
112,2022-01-01,2022,Online,London,25-34,Platinum,False,36,False,336,69.94
113,2022-01-01,2022,Referral,North,35-44,Gold,False,2,True,36,59.74
114,2022-01-01,2022,Comparison Site,North,18-24,Classic,False,9,True,0,39.79
115,2022-01-01,2022,Comparison Site,Midlands,25-34,Silver,True,36,False,66,39.79
116,2022-01-01,2022,Comparison Site,South East,35-44,Classic,True,16,True,66,39.79
117,2022-01-01,2022,Comparison Site,South East,18-24,Platinum,True,9,True,84,39.79
118,2022-01-01,2022,Comparison Site,Scotland,25-34,Classic,True,6,True,0,39.79
119,2022-01-01,2022,Comparison Site,South East,35-44,Classic,False,13,True,66,39.79
120,2022-01-01,2022,Outbound,Midlands,55-64,Silver,False,36,False,132,121.95
121,2022-01-01,2022,Comparison Site,North,25-34,Classic,True,4,True,0,39.79
122,2022-01-01,2022,Comparison Site,Scotland,25-34,Silver,True,36,False,66,39.79
123,2022-01-01,2022,Comparison Site,London,55-64,Silver,True,5,True,0,39.79
124,2022-01-01,2022,Comparison Site,North,45-54,Classic,True,25,True,0,39.79
125,2022-01-01,2022,Outbound,London,18-24,Classic,False,1,True,0,121.95
126,2022-01-01,2022,Outbound,London,45-54,Silver,True,11,True,0,121.95
127,2022-01-01,2022,Online,South East,35-44,Silver,True,1,True,0,69.94
128,2022-01-01,2022,Broker/IFA,Midlands,25-34,Gold,False,36,False,195,199.2
129,2022-01-01,2022,Comparison Site,Midlands,35-44,Silver,False,15,True,132,39.79
130,2022-01-01,2022,Outbound,North,35-44,Silver,False,20,True,132,121.95
131,2022-01-01,2022,Comparison Site,North,25-34,Silver,False,8,True,123,39.79
132,2022-01-01,2022,Branch,North,25-34,Platinum,False,36,False,336,152.18
133,2022-01-01,2022,Branch,Wales & NI,45-54,Gold,False,2,True,36,152.18
134,2022-01-01,2022,Outbound,London,45-54,Silver,True,11,True,55,121.95
135,2022-01-01,2022,Comparison Site,Wales & NI,25-34,Classic,False,14,True,0,39.79
136,2022-01-01,2022,Referral,London,25-34,Silver,False,36,False,55,59.74
137,2022-01-01,2022,Referral,South East,25-34,Platinum,False,36,False,336,59.74
138,2022-01-01,2022,Branch,Wales & NI,25-34,Silver,False,36,False,99,152.18
139,2022-01-01,2022,Outbound,Wales & NI,55-64,Classic,False,29,True,99,121.95
140,2022-01-01,2022,Branch,North,45-54,Gold,False,36,False,216,152.18
141,2022-01-01,2022,Referral,Wales & NI,35-44,Gold,False,36,False,226,59.74
142,2022-01-01,2022,Comparison Site,London,65+,Gold,False,4,True,72,39.79
143,2022-01-01,2022,Comparison Site,Midlands,35-44,Classic,False,36,False,0,39.79
144,2022-01-01,2022,Branch,North,35-44,Silver,False,2,True,22,152.18
145,2022-01-01,2022,Broker/IFA,Scotland,55-64,Platinum,False,36,False,336,199.2
146,2022-01-01,2022,Comparison Site,Midlands,35-44,Classic,True,2,True,0,39.79
147,2022-01-01,2022,Comparison Site,London,25-34,Classic,False,34,True,22,39.79
148,2022-01-01,2022,Outbound,North,35-44,Gold,True,1,True,0,121.95
149,2022-01-01,2022,Branch,South East,35-44,Classic,False,36,False,110,152.18
150,2022-01-01,2022,Online,Wales & NI,18-24,Classic,True,36,False,0,69.94
151,2022-01-01,2022,Broker/IFA,North,25-34,Gold,False,36,False,216,199.2
152,2022-01-01,2022,Referral,Midlands,35-44,Platinum,False,36,False,336,59.74
153,2022-01-01,2022,Outbound,Wales & NI,45-54,Silver,True,36,False,108,121.95
154,2022-01-01,2022,Online,Scotland,25-34,Silver,True,7,True,0,69.94
155,2022-01-01,2022,Comparison Site,London,25-34,Silver,True,15,True,0,39.79
156,2022-01-01,2022,Comparison Site,Midlands,35-44,Silver,True,13,True,66,39.79
157,2022-01-01,2022,Online,London,55-64,Silver,False,4,True,44,69.94
158,2022-01-01,2022,Branch,South East,45-54,Gold,False,36,False,195,152.18
159,2022-01-01,2022,Referral,Midlands,25-34,Silver,False,4,True,44,59.74
160,2022-01-01,2022,Branch,North,35-44,Gold,False,8,True,174,152.18
161,2022-01-01,2022,Online,London,25-34,Silver,False,36,False,209,69.94
162,2022-01-01,2022,Branch,Midlands,25-34,Silver,False,36,False,195,152.18
163,2022-01-01,2022,Online,South East,35-44,Classic,True,5,True,0,69.94
164,2022-01-01,2022,Branch,London,35-44,Platinum,False,36,False,336,152.18
165,2022-01-01,2022,Comparison Site,London,35-44,Silver,False,4,True,22,39.79
166,2022-01-01,2022,Online,London,55-64,Classic,True,17,True,66,69.94
167,2022-01-01,2022,Comparison Site,Scotland,18-24,Classic,True,1,True,0,39.79
168,2022-01-01,2022,Comparison Site,North,65+,Silver,True,3,True,0,39.79
169,2022-01-01,2022,Outbound,London,55-64,Gold,False,36,False,216,121.95
170,2022-01-01,2022,Branch,London,65+,Platinum,False,36,False,336,152.18
171,2022-01-01,2022,Outbound,North,25-34,Platinum,True,7,True,28,121.95
172,2022-01-01,2022,Online,South East,25-34,Silver,True,36,False,108,69.94
173,2022-01-01,2022,Broker/IFA,Midlands,25-34,Platinum,False,18,True,336,199.2
174,2022-01-01,2022,Online,North,35-44,Gold,False,7,True,126,69.94
175,2022-01-01,2022,Branch,South East,18-24,Gold,False,36,False,216,152.18
176,2022-01-01,2022,Outbound,Midlands,35-44,Classic,False,6,True,0,121.95
177,2022-01-01,2022,Broker/IFA,South East,35-44,Platinum,False,36,False,276,199.2
178,2022-01-01,2022,Comparison Site,South East,35-44,Classic,True,4,True,0,39.79
179,2022-01-01,2022,Referral,South East,18-24,Silver,False,36,False,181,59.74
180,2022-01-01,2022,Online,Scotland,25-34,Gold,False,35,True,296,69.94
181,2022-01-01,2022,Referral,Midlands,35-44,Gold,False,36,False,306,59.74
182,2022-01-01,2022,Online,Scotland,25-34,Classic,False,13,True,0,69.94
183,2022-01-01,2022,Online,London,35-44,Gold,True,35,True,168,69.94
184,2022-01-01,2022,Branch,North,35-44,Silver,False,36,False,132,152.18
185,2022-01-01,2022,Outbound,Scotland,25-34,Silver,True,28,True,66,121.95
186,2022-01-01,2022,Online,Midlands,18-24,Silver,True,2,True,0,69.94
187,2022-01-01,2022,Comparison Site,North,65+,Silver,True,29,True,66,39.79
188,2022-01-01,2022,Comparison Site,North,18-24,Silver,False,15,True,132,39.79
189,2022-01-01,2022,Comparison Site,London,25-34,Classic,False,5,True,0,39.79
190,2022-01-01,2022,Comparison Site,Scotland,35-44,Classic,False,9,True,0,39.79
191,2022-01-01,2022,Branch,Scotland,65+,Gold,False,36,False,226,152.18
192,2022-01-01,2022,Outbound,South East,55-64,Classic,True,2,True,0,121.95
193,2022-01-01,2022,Comparison Site,North,35-44,Silver,False,35,True,181,39.79
194,2022-01-01,2022,Referral,North,65+,Gold,False,28,True,216,59.74
195,2022-01-01,2022,Broker/IFA,London,25-34,Gold,False,2,True,36,199.2
196,2022-01-01,2022,Branch,North,18-24,Gold,False,36,False,216,152.18
197,2022-01-01,2022,Referral,London,25-34,Platinum,False,23,True,336,59.74
198,2022-01-01,2022,Comparison Site,North,35-44,Silver,True,36,False,66,39.79
199,2022-01-01,2022,Broker/IFA,London,65+,Platinum,False,22,True,336,199.2
200,2022-01-01,2022,Outbound,London,55-64,Classic,False,1,True,0,121.95
201,2022-01-01,2022,Comparison Site,South East,35-44,Classic,True,10,True,44,39.79
202,2022-01-01,2022,Outbound,North,25-34,Gold,False,30,True,286,121.95
203,2022-01-01,2022,Comparison Site,North,18-24,Silver,True,11,True,55,39.79
204,2022-01-01,2022,Comparison Site,London,25-34,Classic,False,2,True,0,39.79
205,2022-01-01,2022,Broker/IFA,North,45-54,Gold,False,18,True,181,199.2
206,2022-01-01,2022,Branch,North,25-34,Gold,False,23,True,216,152.18
207,2022-01-01,2022,Outbound,North,35-44,Classic,False,1,True,0,121.95
208,2022-01-01,2022,Online,London,35-44,Silver,True,36,False,0,69.94
209,2022-01-01,2022,Online,Midlands,35-44,Classic,False,28,True,0,69.94
210,2022-01-01,2022,Comparison Site,London,35-44,Gold,True,20,True,80,39.79
211,2022-01-01,2022,Online,Scotland,55-64,Platinum,True,36,False,168,69.94
212,2022-01-01,2022,Online,Wales & NI,35-44,Platinum,True,36,False,168,69.94
213,2022-01-01,2022,Comparison Site,London,18-24,Silver,True,13,True,44,39.79
214,2022-01-01,2022,Online,London,35-44,Gold,True,36,False,108,69.94
215,2022-01-01,2022,Branch,North,55-64,Silver,False,36,False,132,152.18
216,2022-01-01,2022,Comparison Site,Wales & NI,45-54,Silver,False,36,False,44,39.79
217,2022-01-01,2022,Comparison Site,South East,35-44,Silver,False,36,False,132,39.79
218,2022-01-01,2022,Online,London,55-64,Classic,True,4,True,0,69.94
219,2022-01-01,2022,Comparison Site,London,18-24,Silver,False,13,True,77,39.79
220,2022-01-01,2022,Referral,Wales & NI,45-54,Silver,False,15,True,132,59.74
221,2022-01-01,2022,Outbound,Wales & NI,25-34,Classic,False,3,True,0,121.95
222,2022-01-01,2022,Broker/IFA,London,25-34,Platinum,True,34,True,168,199.2
223,2022-01-01,2022,Referral,North,35-44,Platinum,False,36,False,296,59.74
224,2022-01-01,2022,Outbound,Midlands,25-34,Silver,False,4,True,22,121.95
225,2022-01-01,2022,Outbound,South East,55-64,Classic,False,6,True,0,121.95
226,2022-01-01,2022,Outbound,Scotland,45-54,Classic,True,2,True,0,121.95
227,2022-01-01,2022,Online,Midlands,18-24,Gold,False,36,False,216,69.94
228,2022-01-01,2022,Online,Scotland,35-44,Silver,False,1,True,11,69.94
229,2022-01-01,2022,Comparison Site,London,18-24,Classic,True,33,True,0,39.79
230,2022-01-01,2022,Outbound,Midlands,18-24,Silver,False,36,False,132,121.95
231,2022-01-01,2022,Online,London,35-44,Silver,False,26,True,33,69.94
232,2022-01-01,2022,Branch,North,35-44,Classic,False,3,True,0,152.18
233,2022-01-01,2022,Referral,North,55-64,Silver,False,9,True,99,59.74
234,2022-01-01,2022,Branch,Midlands,25-34,Silver,False,30,True,153,152.18
235,2022-01-01,2022,Referral,Midlands,25-34,Platinum,True,6,True,0,59.74
236,2022-01-01,2022,Online,Wales & NI,25-34,Silver,True,36,False,101,69.94
237,2022-01-01,2022,Online,South East,25-34,Classic,False,5,True,0,69.94
238,2022-01-01,2022,Referral,London,55-64,Gold,False,18,True,188,59.74
239,2022-01-01,2022,Comparison Site,London,45-54,Gold,False,5,True,90,39.79
240,2022-01-01,2022,Branch,North,45-54,Gold,False,8,True,144,152.18
241,2022-01-01,2022,Comparison Site,London,35-44,Classic,True,12,True,0,39.79
242,2022-01-01,2022,Referral,London,45-54,Gold,False,36,False,216,59.74
243,2022-01-01,2022,Referral,Midlands,45-54,Silver,False,36,False,22,59.74
244,2022-01-01,2022,Comparison Site,North,55-64,Classic,False,10,True,22,39.79
245,2022-01-01,2022,Branch,South East,45-54,Classic,True,3,True,0,152.18
246,2022-01-01,2022,Branch,Wales & NI,55-64,Platinum,False,36,False,336,152.18
247,2022-01-01,2022,Outbound,South East,35-44,Gold,True,8,True,22,121.95
248,2022-01-01,2022,Online,London,45-54,Silver,True,3,True,0,69.94
249,2022-01-01,2022,Branch,South East,55-64,Silver,False,1,True,11,152.18
250,2022-01-01,2022,Online,South East,35-44,Classic,True,36,False,44,69.94
251,2022-01-01,2022,Comparison Site,London,25-34,Classic,False,1,True,0,39.79
252,2022-01-01,2022,Comparison Site,North,45-54,Silver,True,2,True,0,39.79
253,2022-01-01,2022,Outbound,South East,45-54,Gold,True,10,True,72,121.95
254,2022-01-01,2022,Branch,London,25-34,Classic,False,36,False,110,152.18
255,2022-01-01,2022,Comparison Site,Midlands,55-64,Silver,True,19,True,66,39.79
256,2022-01-01,2022,Online,London,35-44,Classic,False,8,True,0,69.94
257,2022-01-01,2022,Broker/IFA,South East,65+,Gold,False,11,True,149,199.2
258,2022-01-01,2022,Outbound,South East,45-54,Silver,False,36,False,77,121.95
259,2022-01-01,2022,Referral,London,35-44,Classic,False,31,True,0,59.74
260,2022-01-01,2022,Outbound,Scotland,65+,Silver,True,1,True,0,121.95
261,2022-01-01,2022,Branch,London,45-54,Platinum,False,36,False,336,152.18
262,2022-01-01,2022,Online,Scotland,45-54,Platinum,False,12,True,296,69.94
263,2022-01-01,2022,Branch,Scotland,55-64,Platinum,True,36,False,168,152.18
264,2022-01-01,2022,Online,South East,25-34,Silver,True,36,False,66,69.94
265,2022-01-01,2022,Online,South East,45-54,Platinum,False,12,True,336,69.94
266,2022-01-01,2022,Online,North,35-44,Silver,True,23,True,168,69.94
267,2022-01-01,2022,Comparison Site,South East,35-44,Classic,True,7,True,0,39.79
268,2022-01-01,2022,Branch,South East,35-44,Platinum,False,36,False,336,152.18
269,2022-01-01,2022,Branch,Midlands,25-34,Classic,False,36,False,88,152.18
270,2022-01-01,2022,Branch,South East,65+,Platinum,False,36,False,336,152.18
271,2022-01-01,2022,Comparison Site,North,25-34,Silver,False,31,True,132,39.79
272,2022-01-01,2022,Outbound,South East,35-44,Gold,False,15,True,174,121.95
273,2022-01-01,2022,Outbound,Midlands,45-54,Classic,False,36,False,0,121.95
274,2022-01-01,2022,Comparison Site,London,35-44,Silver,True,36,False,66,39.79
275,2022-01-01,2022,Branch,North,35-44,Gold,True,36,False,108,152.18
276,2022-01-01,2022,Outbound,North,35-44,Classic,True,14,True,0,121.95
277,2022-01-01,2022,Branch,London,45-54,Gold,False,36,False,160,152.18
278,2022-01-01,2022,Referral,South East,35-44,Silver,False,36,False,139,59.74
279,2022-01-01,2022,Comparison Site,London,45-54,Gold,True,30,True,108,39.79
280,2022-01-01,2022,Online,Scotland,35-44,Classic,True,11,True,0,69.94
281,2022-02-01,2022,Comparison Site,North,45-54,Classic,True,5,True,0,39.79
282,2022-02-01,2022,Online,London,18-24,Gold,True,28,True,108,69.94
283,2022-02-01,2022,Online,South East,25-34,Silver,False,35,False,181,69.94
284,2022-02-01,2022,Branch,Wales & NI,35-44,Gold,False,27,True,216,152.18
285,2022-02-01,2022,Comparison Site,London,25-34,Classic,True,7,True,0,39.79
286,2022-02-01,2022,Referral,Midlands,45-54,Silver,False,35,False,160,59.74
287,2022-02-01,2022,Online,North,35-44,Silver,False,12,True,99,69.94
288,2022-02-01,2022,Branch,London,18-24,Classic,False,34,True,99,152.18
289,2022-02-01,2022,Online,Midlands,45-54,Silver,True,35,False,168,69.94
290,2022-02-01,2022,Online,Midlands,45-54,Silver,False,35,False,202,69.94
291,2022-02-01,2022,Online,London,35-44,Silver,False,1,True,11,69.94
292,2022-02-01,2022,Online,London,45-54,Classic,True,35,False,22,69.94
293,2022-02-01,2022,Branch,South East,25-34,Platinum,False,10,True,260,152.18
294,2022-02-01,2022,Online,London,45-54,Silver,False,2,True,22,69.94
295,2022-02-01,2022,Online,South East,35-44,Silver,False,30,True,249,69.94
296,2022-02-01,2022,Referral,London,45-54,Classic,False,6,True,0,59.74
297,2022-02-01,2022,Online,London,25-34,Classic,False,35,False,0,69.94
298,2022-02-01,2022,Online,Midlands,45-54,Classic,False,23,True,44,69.94
299,2022-02-01,2022,Branch,South East,25-34,Classic,True,35,False,73,152.18
300,2022-02-01,2022,Outbound,North,45-54,Gold,False,13,True,216,121.95
301,2022-02-01,2022,Comparison Site,South East,25-34,Classic,True,35,False,0,39.79
302,2022-02-01,2022,Referral,Scotland,65+,Gold,False,24,True,202,59.74
303,2022-02-01,2022,Referral,London,45-54,Gold,True,3,True,0,59.74
304,2022-02-01,2022,Comparison Site,South East,25-34,Classic,True,23,True,0,39.79
305,2022-02-01,2022,Branch,North,45-54,Silver,False,35,False,167,152.18
306,2022-02-01,2022,Branch,North,45-54,Gold,True,35,False,80,152.18
307,2022-02-01,2022,Comparison Site,Midlands,35-44,Classic,True,35,False,0,39.79
308,2022-02-01,2022,Outbound,North,25-34,Silver,False,35,False,209,121.95
309,2022-02-01,2022,Outbound,South East,25-34,Silver,False,11,True,121,121.95
310,2022-02-01,2022,Branch,South East,25-34,Platinum,False,13,True,226,152.18
311,2022-02-01,2022,Comparison Site,London,25-34,Classic,True,3,True,0,39.79
312,2022-02-01,2022,Comparison Site,Midlands,25-34,Silver,False,35,False,132,39.79
313,2022-02-01,2022,Outbound,London,45-54,Gold,False,35,False,216,121.95
314,2022-02-01,2022,Online,South East,35-44,Platinum,False,26,True,336,69.94
315,2022-02-01,2022,Comparison Site,South East,35-44,Silver,True,35,False,108,39.79
316,2022-02-01,2022,Branch,South East,35-44,Gold,False,35,False,216,152.18
317,2022-02-01,2022,Comparison Site,Midlands,45-54,Classic,True,4,True,0,39.79
318,2022-02-01,2022,Referral,South East,35-44,Gold,False,35,False,286,59.74
319,2022-02-01,2022,Comparison Site,North,55-64,Classic,True,35,False,66,39.79
320,2022-02-01,2022,Referral,London,55-64,Silver,False,19,True,99,59.74
321,2022-02-01,2022,Branch,London,35-44,Silver,False,35,False,269,152.18
322,2022-02-01,2022,Online,North,55-64,Gold,False,28,True,216,69.94
323,2022-02-01,2022,Comparison Site,South East,25-34,Classic,False,35,False,83,39.79
324,2022-02-01,2022,Outbound,South East,25-34,Classic,True,25,True,0,121.95
325,2022-02-01,2022,Online,South East,25-34,Classic,False,17,True,121,69.94
326,2022-02-01,2022,Comparison Site,North,25-34,Classic,True,8,True,0,39.79
327,2022-02-01,2022,Branch,London,35-44,Platinum,False,35,False,336,152.18
328,2022-02-01,2022,Comparison Site,London,35-44,Silver,True,10,True,44,39.79
329,2022-02-01,2022,Referral,London,35-44,Silver,True,6,True,0,59.74
330,2022-02-01,2022,Referral,Scotland,55-64,Gold,True,35,False,108,59.74
331,2022-02-01,2022,Branch,London,25-34,Classic,False,35,False,149,152.18
332,2022-02-01,2022,Comparison Site,Midlands,18-24,Classic,True,7,True,0,39.79
333,2022-02-01,2022,Comparison Site,Wales & NI,18-24,Classic,False,3,True,0,39.79
334,2022-02-01,2022,Outbound,London,25-34,Classic,True,7,True,0,121.95
335,2022-02-01,2022,Referral,Midlands,45-54,Classic,False,1,True,0,59.74
336,2022-02-01,2022,Comparison Site,London,65+,Classic,False,5,True,0,39.79
337,2022-02-01,2022,Online,South East,45-54,Silver,False,35,False,132,69.94
338,2022-02-01,2022,Referral,Midlands,25-34,Silver,False,35,False,132,59.74
339,2022-02-01,2022,Comparison Site,North,45-54,Silver,True,2,True,0,39.79
340,2022-02-01,2022,Branch,Scotland,55-64,Silver,False,35,False,132,152.18
341,2022-02-01,2022,Outbound,Wales & NI,25-34,Silver,True,7,True,11,121.95
342,2022-02-01,2022,Referral,London,35-44,Gold,False,35,False,216,59.74
343,2022-02-01,2022,Referral,London,45-54,Silver,True,35,False,108,59.74
344,2022-02-01,2022,Online,London,65+,Silver,True,33,True,66,69.94
345,2022-02-01,2022,Broker/IFA,London,55-64,Gold,False,35,False,216,199.2
346,2022-02-01,2022,Comparison Site,Wales & NI,35-44,Classic,True,1,True,0,39.79
347,2022-02-01,2022,Online,South East,25-34,Classic,True,35,False,0,69.94
348,2022-02-01,2022,Outbound,North,25-34,Classic,True,1,True,0,121.95
349,2022-02-01,2022,Online,Midlands,35-44,Gold,True,30,True,108,69.94
350,2022-02-01,2022,Online,Midlands,25-34,Silver,False,5,True,55,69.94
351,2022-02-01,2022,Online,Wales & NI,35-44,Silver,False,2,True,22,69.94
352,2022-02-01,2022,Online,London,45-54,Gold,False,3,True,54,69.94
353,2022-02-01,2022,Branch,South East,55-64,Gold,False,35,False,216,152.18
354,2022-02-01,2022,Online,North,55-64,Silver,True,5,True,0,69.94
355,2022-02-01,2022,Online,Midlands,65+,Gold,True,35,False,108,69.94
356,2022-02-01,2022,Branch,London,55-64,Platinum,False,35,False,336,152.18
357,2022-02-01,2022,Comparison Site,South East,18-24,Silver,True,11,True,55,39.79
358,2022-02-01,2022,Referral,Wales & NI,45-54,Platinum,False,35,False,296,59.74
359,2022-02-01,2022,Outbound,North,18-24,Silver,False,16,True,22,121.95
360,2022-02-01,2022,Comparison Site,London,35-44,Silver,True,13,True,66,39.79
361,2022-02-01,2022,Outbound,London,35-44,Gold,True,15,True,108,121.95
362,2022-02-01,2022,Referral,North,18-24,Classic,True,7,True,0,59.74
363,2022-02-01,2022,Comparison Site,London,55-64,Gold,False,35,False,216,39.79
364,2022-02-01,2022,Online,London,65+,Silver,False,11,True,163,69.94
365,2022-02-01,2022,Comparison Site,South East,25-34,Silver,True,7,True,11,39.79
366,2022-02-01,2022,Broker/IFA,South East,65+,Silver,False,2,True,22,199.2
367,2022-02-01,2022,Broker/IFA,South East,25-34,Gold,False,35,False,216,199.2
368,2022-02-01,2022,Comparison Site,Scotland,25-34,Classic,False,2,True,0,39.79
369,2022-02-01,2022,Referral,North,25-34,Classic,False,35,False,0,59.74
370,2022-02-01,2022,Broker/IFA,North,25-34,Silver,False,35,False,132,199.2
371,2022-02-01,2022,Comparison Site,London,25-34,Classic,False,20,True,0,39.79
372,2022-02-01,2022,Comparison Site,South East,25-34,Gold,False,35,False,216,39.79
373,2022-02-01,2022,Branch,Wales & NI,55-64,Silver,True,6,True,0,152.18
374,2022-02-01,2022,Comparison Site,Midlands,35-44,Silver,False,3,True,33,39.79
375,2022-02-01,2022,Comparison Site,London,55-64,Classic,True,1,True,0,39.79
376,2022-02-01,2022,Branch,Scotland,55-64,Classic,False,35,False,0,152.18
377,2022-02-01,2022,Outbound,Midlands,35-44,Silver,False,35,False,132,121.95
378,2022-02-01,2022,Comparison Site,Scotland,25-34,Silver,False,35,False,132,39.79
379,2022-02-01,2022,Comparison Site,Midlands,25-34,Gold,True,1,True,0,39.79
380,2022-02-01,2022,Branch,London,55-64,Classic,False,31,True,0,152.18
381,2022-02-01,2022,Referral,Midlands,55-64,Gold,True,35,False,108,59.74
382,2022-02-01,2022,Online,South East,55-64,Classic,True,3,True,0,69.94
383,2022-02-01,2022,Outbound,Wales & NI,25-34,Classic,False,4,True,0,121.95
384,2022-02-01,2022,Outbound,Midlands,45-54,Silver,True,21,True,66,121.95
385,2022-02-01,2022,Comparison Site,London,18-24,Classic,True,1,True,0,39.79
386,2022-02-01,2022,Online,Wales & NI,45-54,Classic,True,5,True,0,69.94
387,2022-02-01,2022,Referral,London,25-34,Silver,False,1,True,11,59.74
388,2022-02-01,2022,Branch,South East,35-44,Gold,False,4,True,72,152.18
389,2022-02-01,2022,Online,North,35-44,Silver,True,14,True,66,69.94
390,2022-02-01,2022,Referral,North,45-54,Gold,False,35,False,216,59.74
391,2022-02-01,2022,Comparison Site,London,25-34,Silver,True,12,True,66,39.79
392,2022-02-01,2022,Comparison Site,North,35-44,Classic,True,1,True,0,39.79
393,2022-02-01,2022,Comparison Site,Wales & NI,65+,Silver,True,12,True,66,39.79
394,2022-02-01,2022,Referral,South East,35-44,Gold,False,35,False,216,59.74
395,2022-02-01,2022,Branch,Wales & NI,45-54,Platinum,False,35,False,336,152.18
396,2022-02-01,2022,Outbound,London,25-34,Gold,True,7,True,18,121.95
397,2022-02-01,2022,Referral,London,18-24,Gold,False,3,True,54,59.74
398,2022-02-01,2022,Comparison Site,London,55-64,Classic,True,12,True,0,39.79
399,2022-02-01,2022,Comparison Site,Midlands,35-44,Classic,True,1,True,0,39.79
400,2022-02-01,2022,Online,London,25-34,Classic,False,15,True,0,69.94
401,2022-02-01,2022,Comparison Site,Scotland,35-44,Classic,False,8,True,22,39.79
402,2022-02-01,2022,Referral,Midlands,45-54,Classic,False,35,False,0,59.74
403,2022-02-01,2022,Comparison Site,South East,18-24,Silver,False,6,True,66,39.79
404,2022-02-01,2022,Referral,South East,25-34,Gold,True,33,True,108,59.74
405,2022-02-01,2022,Outbound,Wales & NI,45-54,Gold,True,35,False,108,121.95
406,2022-02-01,2022,Outbound,Wales & NI,45-54,Silver,True,19,True,55,121.95
407,2022-02-01,2022,Comparison Site,London,35-44,Classic,True,7,True,0,39.79
408,2022-02-01,2022,Online,Scotland,55-64,Gold,False,35,False,216,69.94
409,2022-02-01,2022,Referral,Wales & NI,45-54,Platinum,True,33,True,168,59.74
410,2022-02-01,2022,Comparison Site,Midlands,18-24,Silver,True,35,False,55,39.79
411,2022-02-01,2022,Online,London,25-34,Classic,False,5,True,0,69.94
412,2022-02-01,2022,Online,North,35-44,Platinum,True,35,False,168,69.94
413,2022-02-01,2022,Outbound,London,65+,Classic,True,1,True,0,121.95
414,2022-02-01,2022,Comparison Site,South East,35-44,Silver,True,14,True,66,39.79
415,2022-02-01,2022,Outbound,London,25-34,Silver,True,6,True,0,121.95
416,2022-02-01,2022,Online,London,18-24,Classic,False,4,True,0,69.94
417,2022-02-01,2022,Broker/IFA,South East,45-54,Silver,False,35,False,153,199.2
418,2022-02-01,2022,Outbound,London,18-24,Silver,False,35,False,209,121.95
419,2022-02-01,2022,Outbound,Midlands,25-34,Silver,True,7,True,11,121.95
420,2022-02-01,2022,Comparison Site,Midlands,55-64,Classic,True,35,False,66,39.79
421,2022-02-01,2022,Branch,South East,45-54,Classic,False,11,True,0,152.18
422,2022-02-01,2022,Outbound,Midlands,18-24,Classic,False,17,True,121,121.95
423,2022-02-01,2022,Outbound,London,45-54,Classic,False,4,True,0,121.95
424,2022-02-01,2022,Branch,London,25-34,Classic,False,35,False,0,152.18
425,2022-02-01,2022,Online,North,55-64,Silver,False,35,False,99,69.94
426,2022-02-01,2022,Comparison Site,South East,65+,Classic,True,4,True,0,39.79
427,2022-02-01,2022,Comparison Site,South East,35-44,Silver,True,3,True,0,39.79
428,2022-02-01,2022,Comparison Site,London,55-64,Classic,True,7,True,0,39.79
429,2022-02-01,2022,Online,London,25-34,Gold,True,35,False,108,69.94
430,2022-02-01,2022,Online,South East,45-54,Gold,False,35,False,216,69.94
431,2022-02-01,2022,Outbound,Midlands,18-24,Classic,False,12,True,0,121.95
432,2022-02-01,2022,Comparison Site,South East,25-34,Classic,True,35,False,0,39.79
433,2022-02-01,2022,Comparison Site,North,35-44,Gold,True,15,True,73,39.79
434,2022-02-01,2022,Referral,Wales & NI,25-34,Platinum,False,35,False,272,59.74
435,2022-02-01,2022,Referral,Midlands,25-34,Classic,False,1,True,0,59.74
436,2022-02-01,2022,Referral,North,55-64,Silver,False,35,False,188,59.74
437,2022-02-01,2022,Outbound,London,25-34,Platinum,True,9,True,64,121.95
438,2022-02-01,2022,Outbound,North,25-34,Silver,True,35,False,66,121.95
439,2022-02-01,2022,Comparison Site,South East,18-24,Silver,False,35,False,132,39.79
440,2022-02-01,2022,Outbound,North,18-24,Gold,False,35,False,216,121.95
441,2022-02-01,2022,Referral,South East,45-54,Platinum,False,21,True,246,59.74
442,2022-02-01,2022,Branch,South East,35-44,Platinum,False,23,True,336,152.18
443,2022-02-01,2022,Outbound,South East,45-54,Classic,True,35,False,0,121.95
444,2022-02-01,2022,Outbound,South East,35-44,Silver,False,35,False,132,121.95
445,2022-02-01,2022,Referral,Scotland,18-24,Classic,True,6,True,0,59.74
446,2022-02-01,2022,Comparison Site,Midlands,35-44,Classic,True,14,True,0,39.79
447,2022-02-01,2022,Outbound,North,18-24,Silver,False,3,True,33,121.95
448,2022-02-01,2022,Branch,Scotland,65+,Platinum,False,35,False,326,152.18
449,2022-02-01,2022,Branch,London,18-24,Platinum,False,35,False,326,152.18
450,2022-02-01,2022,Comparison Site,London,35-44,Silver,False,19,True,66,39.79
451,2022-02-01,2022,Online,London,65+,Classic,True,1,True,0,69.94
452,2022-02-01,2022,Branch,Midlands,35-44,Silver,False,35,False,272,152.18
453,2022-02-01,2022,Comparison Site,Scotland,55-64,Classic,True,20,True,22,39.79
454,2022-02-01,2022,Comparison Site,London,55-64,Silver,True,35,False,66,39.79
455,2022-02-01,2022,Comparison Site,South East,25-34,Silver,True,28,True,66,39.79
456,2022-02-01,2022,Branch,Midlands,18-24,Gold,True,35,False,108,152.18
457,2022-02-01,2022,Branch,Scotland,18-24,Silver,False,19,True,181,152.18
458,2022-02-01,2022,Broker/IFA,London,35-44,Gold,False,35,False,316,199.2
459,2022-02-01,2022,Online,London,65+,Platinum,True,32,True,168,69.94
460,2022-02-01,2022,Branch,Wales & NI,45-54,Silver,False,24,True,132,152.18
461,2022-02-01,2022,Online,North,18-24,Silver,True,6,True,0,69.94
462,2022-02-01,2022,Branch,Midlands,35-44,Classic,False,19,True,55,152.18
463,2022-02-01,2022,Comparison Site,South East,35-44,Silver,True,14,True,66,39.79
464,2022-02-01,2022,Referral,Scotland,45-54,Gold,False,35,False,216,59.74
465,2022-02-01,2022,Outbound,London,55-64,Gold,True,19,True,108,121.95
466,2022-02-01,2022,Online,London,18-24,Gold,True,7,True,18,69.94
467,2022-02-01,2022,Comparison Site,Midlands,45-54,Silver,True,35,False,0,39.79
468,2022-02-01,2022,Outbound,Scotland,35-44,Classic,False,9,True,0,121.95
469,2022-02-01,2022,Outbound,North,25-34,Classic,True,26,True,0,121.95
470,2022-02-01,2022,Branch,Wales & NI,18-24,Classic,False,35,False,0,152.18
471,2022-02-01,2022,Branch,North,45-54,Gold,False,35,False,198,152.18
472,2022-02-01,2022,Comparison Site,London,45-54,Silver,True,8,True,0,39.79
473,2022-02-01,2022,Referral,Midlands,35-44,Silver,False,3,True,33,59.74
474,2022-02-01,2022,Online,Midlands,25-34,Classic,False,12,True,0,69.94
475,2022-02-01,2022,Branch,Scotland,55-64,Gold,False,35,False,216,152.18
476,2022-02-01,2022,Referral,South East,35-44,Silver,False,35,False,153,59.74
477,2022-02-01,2022,Outbound,London,65+,Platinum,False,2,True,56,121.95
478,2022-02-01,2022,Online,London,35-44,Platinum,False,19,True,336,69.94
479,2022-02-01,2022,Outbound,South East,65+,Classic,False,2,True,0,121.95
480,2022-02-01,2022,Branch,North,25-34,Classic,False,35,False,121,152.18
481,2022-02-01,2022,Comparison Site,London,18-24,Silver,True,35,False,66,39.79
482,2022-02-01,2022,Branch,Wales & NI,55-64,Silver,False,35,False,132,152.18
483,2022-02-01,2022,Online,Midlands,25-34,Silver,True,21,True,66,69.94
484,2022-02-01,2022,Referral,Midlands,25-34,Gold,False,35,False,246,59.74
485,2022-02-01,2022,Comparison Site,Midlands,35-44,Classic,False,4,True,0,39.79
486,2022-02-01,2022,Online,North,35-44,Classic,True,6,True,0,69.94
487,2022-02-01,2022,Referral,North,35-44,Gold,False,35,False,174,59.74
488,2022-02-01,2022,Comparison Site,London,45-54,Classic,False,15,True,99,39.79
489,2022-02-01,2022,Online,South East,18-24,Classic,False,19,True,0,69.94
490,2022-02-01,2022,Comparison Site,South East,35-44,Silver,False,35,False,132,39.79
491,2022-02-01,2022,Branch,Scotland,45-54,Platinum,True,35,False,168,152.18
492,2022-02-01,2022,Branch,South East,25-34,Gold,False,35,False,296,152.18
493,2022-02-01,2022,Branch,Wales & NI,45-54,Silver,False,35,False,132,152.18
494,2022-02-01,2022,Comparison Site,South East,45-54,Classic,True,18,True,0,39.79
495,2022-02-01,2022,Comparison Site,London,35-44,Silver,False,18,True,132,39.79
496,2022-02-01,2022,Online,Wales & NI,25-34,Silver,False,14,True,132,69.94
497,2022-02-01,2022,Online,South East,35-44,Silver,True,12,True,66,69.94
498,2022-02-01,2022,Comparison Site,Scotland,35-44,Silver,True,1,True,0,39.79
499,2022-02-01,2022,Referral,Midlands,25-34,Classic,False,35,False,110,59.74
500,2022-02-01,2022,Referral,Midlands,45-54,Platinum,True,35,False,118,59.74
501,2022-02-01,2022,Referral,Wales & NI,18-24,Silver,False,22,True,174,59.74
502,2022-02-01,2022,Referral,South East,18-24,Platinum,False,35,False,336,59.74
503,2022-02-01,2022,Online,Scotland,55-64,Classic,True,2,True,0,69.94
504,2022-02-01,2022,Comparison Site,Wales & NI,25-34,Classic,True,3,True,0,39.79
505,2022-02-01,2022,Comparison Site,South East,25-34,Classic,True,35,False,66,39.79
506,2022-02-01,2022,Comparison Site,South East,35-44,Silver,False,35,False,180,39.79
507,2022-02-01,2022,Online,South East,35-44,Silver,False,35,False,132,69.94
508,2022-02-01,2022,Online,North,35-44,Gold,False,13,True,209,69.94
509,2022-02-01,2022,Online,London,45-54,Classic,True,35,False,66,69.94
510,2022-02-01,2022,Online,London,18-24,Silver,False,2,True,22,69.94
511,2022-02-01,2022,Branch,Scotland,35-44,Gold,True,35,False,80,152.18
512,2022-02-01,2022,Online,North,65+,Platinum,False,35,False,296,69.94
513,2022-02-01,2022,Broker/IFA,South East,18-24,Silver,False,35,False,132,199.2
514,2022-02-01,2022,Online,London,35-44,Gold,True,26,True,108,69.94
515,2022-02-01,2022,Referral,North,55-64,Silver,True,35,False,90,59.74
516,2022-02-01,2022,Comparison Site,North,25-34,Silver,False,30,True,160,39.79
517,2022-02-01,2022,Online,South East,65+,Silver,True,35,False,94,69.94
518,2022-02-01,2022,Branch,South East,35-44,Platinum,False,35,False,336,152.18
519,2022-02-01,2022,Outbound,South East,35-44,Gold,True,33,True,0,121.95
520,2022-02-01,2022,Online,London,65+,Classic,True,34,True,0,69.94
521,2022-02-01,2022,Outbound,North,25-34,Classic,True,19,True,0,121.95
522,2022-02-01,2022,Outbound,South East,18-24,Platinum,False,35,False,336,121.95
523,2022-02-01,2022,Broker/IFA,London,35-44,Gold,False,35,False,226,199.2
524,2022-02-01,2022,Comparison Site,London,18-24,Classic,True,7,True,0,39.79
525,2022-02-01,2022,Branch,Midlands,35-44,Platinum,False,27,True,266,152.18
526,2022-02-01,2022,Online,Midlands,45-54,Gold,False,35,False,296,69.94
527,2022-02-01,2022,Comparison Site,South East,45-54,Classic,False,12,True,0,39.79
528,2022-02-01,2022,Outbound,Wales & NI,65+,Classic,True,24,True,0,121.95
529,2022-02-01,2022,Referral,London,25-34,Gold,False,35,False,276,59.74
530,2022-02-01,2022,Online,London,35-44,Silver,False,31,True,132,69.94
531,2022-02-01,2022,Branch,Wales & NI,65+,Gold,False,25,True,216,152.18
532,2022-02-01,2022,Referral,London,18-24,Gold,True,7,True,18,59.74
533,2022-02-01,2022,Branch,South East,25-34,Classic,False,14,True,55,152.18
534,2022-02-01,2022,Branch,Wales & NI,25-34,Silver,False,35,False,146,152.18
535,2022-02-01,2022,Outbound,Wales & NI,25-34,Platinum,True,19,True,118,121.95
536,2022-02-01,2022,Online,North,65+,Platinum,True,35,False,108,69.94
537,2022-02-01,2022,Comparison Site,South East,45-54,Silver,True,7,True,11,39.79
538,2022-02-01,2022,Online,South East,35-44,Platinum,False,35,False,336,69.94
539,2022-02-01,2022,Branch,London,45-54,Platinum,False,35,False,336,152.18
540,2022-02-01,2022,Comparison Site,South East,18-24,Classic,False,35,False,0,39.79
541,2022-02-01,2022,Comparison Site,North,35-44,Classic,True,15,True,0,39.79
542,2022-02-01,2022,Branch,South East,45-54,Platinum,False,35,False,336,152.18
543,2022-02-01,2022,Comparison Site,Scotland,25-34,Silver,True,4,True,0,39.79
544,2022-02-01,2022,Branch,Midlands,25-34,Gold,False,35,False,216,152.18
545,2022-02-01,2022,Outbound,Scotland,35-44,Gold,True,20,True,108,121.95
546,2022-02-01,2022,Online,Wales & NI,35-44,Silver,False,30,True,181,69.94
547,2022-02-01,2022,Branch,South East,18-24,Platinum,False,32,True,336,152.18
548,2022-02-01,2022,Branch,London,55-64,Gold,False,16,True,216,152.18
549,2022-02-01,2022,Outbound,South East,55-64,Classic,True,4,True,0,121.95
550,2022-02-01,2022,Broker/IFA,London,45-54,Gold,True,3,True,0,199.2
551,2022-02-01,2022,Broker/IFA,Midlands,45-54,Classic,False,5,True,0,199.2
552,2022-02-01,2022,Branch,Wales & NI,35-44,Gold,False,35,False,216,152.18
553,2022-02-01,2022,Online,Midlands,18-24,Silver,True,35,False,108,69.94
554,2022-02-01,2022,Online,Midlands,35-44,Platinum,True,18,True,168,69.94
555,2022-02-01,2022,Online,London,35-44,Gold,True,35,False,108,69.94
556,2022-02-01,2022,Outbound,Midlands,35-44,Classic,False,1,True,0,121.95
557,2022-02-01,2022,Outbound,London,45-54,Classic,True,3,True,0,121.95
558,2022-02-01,2022,Comparison Site,North,45-54,Gold,True,35,False,108,39.79
559,2022-02-01,2022,Branch,Scotland,45-54,Gold,True,35,False,108,152.18
560,2022-02-01,2022,Online,South East,45-54,Silver,False,33,True,195,69.94
561,2022-02-01,2022,Comparison Site,Wales & NI,35-44,Gold,True,35,False,108,39.79
562,2022-02-01,2022,Comparison Site,North,25-34,Silver,True,22,True,66,39.79
563,2022-02-01,2022,Comparison Site,Scotland,65+,Silver,False,19,True,44,39.79
564,2022-02-01,2022,Comparison Site,South East,25-34,Classic,False,5,True,0,39.79
565,2022-02-01,2022,Outbound,North,35-44,Gold,False,9,True,120,121.95
566,2022-02-01,2022,Online,Wales & NI,55-64,Silver,False,18,True,167,69.94
567,2022-02-01,2022,Comparison Site,South East,25-34,Silver,False,35,False,132,39.79
568,2022-02-01,2022,Online,Midlands,25-34,Classic,True,7,True,0,69.94
569,2022-02-01,2022,Comparison Site,Wales & NI,65+,Silver,True,11,True,55,39.79
570,2022-02-01,2022,Comparison Site,South East,25-34,Silver,True,35,False,66,39.79
571,2022-02-01,2022,Outbound,North,35-44,Gold,True,35,False,108,121.95
572,2022-02-01,2022,Branch,Wales & NI,65+,Platinum,False,35,False,236,152.18
573,2022-02-01,2022,Online,Wales & NI,35-44,Silver,True,4,True,0,69.94
574,2022-02-01,2022,Outbound,Wales & NI,45-54,Classic,False,35,False,88,121.95
575,2022-02-01,2022,Online,Midlands,25-34,Classic,False,23,True,0,69.94
576,2022-03-01,2022,Comparison Site,North,25-34,Platinum,False,25,True,336,39.79
577,2022-03-01,2022,Comparison Site,London,65+,Classic,False,4,True,0,39.79
578,2022-03-01,2022,Outbound,London,65+,Gold,False,17,True,306,121.95
579,2022-03-01,2022,Online,Midlands,25-34,Silver,True,34,False,66,69.94
580,2022-03-01,2022,Comparison Site,Wales & NI,35-44,Classic,True,2,True,0,39.79
581,2022-03-01,2022,Outbound,South East,35-44,Classic,True,16,True,0,121.95
582,2022-03-01,2022,Branch,Midlands,25-34,Silver,False,9,True,99,152.18
583,2022-03-01,2022,Branch,London,35-44,Silver,False,34,False,174,152.18
584,2022-03-01,2022,Broker/IFA,London,55-64,Gold,True,6,True,0,199.2
585,2022-03-01,2022,Broker/IFA,North,35-44,Classic,False,6,True,0,199.2
586,2022-03-01,2022,Outbound,London,65+,Classic,False,34,False,0,121.95
587,2022-03-01,2022,Broker/IFA,North,25-34,Silver,False,34,False,121,199.2
588,2022-03-01,2022,Online,South East,25-34,Classic,True,3,True,0,69.94
589,2022-03-01,2022,Referral,North,45-54,Platinum,False,34,False,336,59.74
590,2022-03-01,2022,Comparison Site,Wales & NI,45-54,Classic,True,2,True,0,39.79
591,2022-03-01,2022,Branch,Midlands,35-44,Silver,True,4,True,0,152.18
592,2022-03-01,2022,Comparison Site,Midlands,25-34,Silver,True,34,False,66,39.79
593,2022-03-01,2022,Comparison Site,London,45-54,Silver,True,12,True,66,39.79
594,2022-03-01,2022,Broker/IFA,Midlands,25-34,Platinum,False,34,False,336,199.2
595,2022-03-01,2022,Online,Midlands,45-54,Classic,True,7,True,0,69.94
596,2022-03-01,2022,Branch,Midlands,45-54,Silver,True,20,True,66,152.18
597,2022-03-01,2022,Comparison Site,South East,35-44,Silver,False,34,False,160,39.79
598,2022-03-01,2022,Comparison Site,South East,45-54,Silver,False,30,True,132,39.79
599,2022-03-01,2022,Comparison Site,Midlands,45-54,Classic,False,19,True,55,39.79
600,2022-03-01,2022,Online,Scotland,65+,Platinum,True,34,False,168,69.94
601,2022-03-01,2022,Broker/IFA,North,35-44,Gold,False,34,False,216,199.2
602,2022-03-01,2022,Broker/IFA,Midlands,35-44,Silver,False,34,False,215,199.2
603,2022-03-01,2022,Online,London,35-44,Gold,False,26,True,167,69.94
604,2022-03-01,2022,Branch,South East,25-34,Platinum,False,34,False,336,152.18
605,2022-03-01,2022,Outbound,London,35-44,Silver,True,4,True,0,121.95
606,2022-03-01,2022,Comparison Site,Scotland,18-24,Classic,True,34,False,0,39.79
607,2022-03-01,2022,Comparison Site,Wales & NI,45-54,Silver,False,13,True,132,39.79
608,2022-03-01,2022,Referral,South East,18-24,Gold,False,34,False,216,59.74
609,2022-03-01,2022,Online,Midlands,25-34,Classic,False,1,True,0,69.94
610,2022-03-01,2022,Broker/IFA,London,25-34,Platinum,False,34,False,336,199.2
611,2022-03-01,2022,Outbound,Midlands,25-34,Classic,True,34,False,0,121.95
612,2022-03-01,2022,Referral,Midlands,25-34,Silver,False,34,False,202,59.74
613,2022-03-01,2022,Comparison Site,South East,25-34,Silver,False,34,False,132,39.79
614,2022-03-01,2022,Comparison Site,South East,35-44,Classic,False,34,False,0,39.79
615,2022-03-01,2022,Branch,London,35-44,Silver,False,4,True,33,152.18
616,2022-03-01,2022,Online,London,25-34,Classic,True,5,True,0,69.94
617,2022-03-01,2022,Online,South East,25-34,Silver,False,19,True,132,69.94
618,2022-03-01,2022,Comparison Site,North,65+,Silver,True,2,True,0,39.79
619,2022-03-01,2022,Comparison Site,London,45-54,Silver,True,6,True,0,39.79
620,2022-03-01,2022,Broker/IFA,South East,35-44,Platinum,False,34,False,306,199.2
621,2022-03-01,2022,Referral,Midlands,25-34,Classic,False,34,False,55,59.74
622,2022-03-01,2022,Online,North,35-44,Silver,False,4,True,44,69.94
623,2022-03-01,2022,Outbound,South East,25-34,Classic,True,1,True,0,121.95
624,2022-03-01,2022,Outbound,Midlands,55-64,Classic,True,2,True,0,121.95
625,2022-03-01,2022,Broker/IFA,North,35-44,Silver,False,16,True,209,199.2
626,2022-03-01,2022,Comparison Site,North,18-24,Classic,False,12,True,0,39.79
627,2022-03-01,2022,Outbound,North,18-24,Classic,False,7,True,0,121.95
628,2022-03-01,2022,Online,Wales & NI,25-34,Gold,True,34,False,108,69.94
629,2022-03-01,2022,Online,Scotland,25-34,Platinum,False,4,True,112,69.94
630,2022-03-01,2022,Online,London,25-34,Gold,False,34,False,216,69.94
631,2022-03-01,2022,Referral,London,35-44,Gold,False,22,True,216,59.74
632,2022-03-01,2022,Comparison Site,Midlands,55-64,Classic,False,12,True,0,39.79
633,2022-03-01,2022,Branch,London,55-64,Classic,False,7,True,55,152.18
634,2022-03-01,2022,Outbound,Wales & NI,45-54,Gold,False,34,False,202,121.95
635,2022-03-01,2022,Online,London,18-24,Platinum,True,34,False,168,69.94
636,2022-03-01,2022,Online,South East,25-34,Silver,False,27,True,132,69.94
637,2022-03-01,2022,Branch,North,25-34,Gold,True,11,True,90,152.18
638,2022-03-01,2022,Outbound,Scotland,45-54,Silver,False,9,True,99,121.95
639,2022-03-01,2022,Online,Wales & NI,25-34,Silver,False,26,True,174,69.94
640,2022-03-01,2022,Branch,North,18-24,Platinum,False,34,False,286,152.18
641,2022-03-01,2022,Online,North,25-34,Gold,True,34,False,108,69.94
642,2022-03-01,2022,Comparison Site,Scotland,35-44,Silver,False,23,True,132,39.79
643,2022-03-01,2022,Online,North,18-24,Silver,True,34,False,66,69.94
644,2022-03-01,2022,Online,London,18-24,Gold,False,11,True,198,69.94
645,2022-03-01,2022,Comparison Site,North,55-64,Silver,True,9,True,33,39.79
646,2022-03-01,2022,Comparison Site,South East,25-34,Silver,True,6,True,0,39.79
647,2022-03-01,2022,Online,London,45-54,Gold,False,34,False,202,69.94
648,2022-03-01,2022,Outbound,North,18-24,Silver,True,26,True,101,121.95
649,2022-03-01,2022,Comparison Site,North,35-44,Silver,False,32,True,131,39.79
650,2022-03-01,2022,Comparison Site,London,55-64,Silver,True,19,True,66,39.79
651,2022-03-01,2022,Referral,London,35-44,Gold,False,34,False,209,59.74
652,2022-03-01,2022,Online,South East,45-54,Gold,False,34,False,216,69.94
653,2022-03-01,2022,Comparison Site,London,45-54,Platinum,False,34,False,336,39.79
654,2022-03-01,2022,Online,London,45-54,Silver,True,3,True,0,69.94
655,2022-03-01,2022,Comparison Site,North,35-44,Classic,False,7,True,0,39.79
656,2022-03-01,2022,Referral,North,65+,Silver,False,24,True,132,59.74
657,2022-03-01,2022,Branch,South East,45-54,Classic,False,34,False,0,152.18
658,2022-03-01,2022,Branch,South East,25-34,Platinum,False,3,True,84,152.18
659,2022-03-01,2022,Comparison Site,London,45-54,Gold,True,34,False,108,39.79
660,2022-03-01,2022,Referral,North,65+,Silver,False,34,False,209,59.74
661,2022-03-01,2022,Broker/IFA,Scotland,35-44,Platinum,False,34,False,336,199.2
662,2022-03-01,2022,Online,London,35-44,Platinum,False,10,True,280,69.94
663,2022-03-01,2022,Online,London,55-64,Gold,True,8,True,36,69.94
664,2022-03-01,2022,Comparison Site,North,25-34,Silver,True,3,True,0,39.79
665,2022-03-01,2022,Comparison Site,South East,25-34,Classic,False,8,True,0,39.79
666,2022-03-01,2022,Online,London,35-44,Gold,False,3,True,54,69.94
667,2022-03-01,2022,Branch,London,25-34,Platinum,False,34,False,336,152.18
668,2022-03-01,2022,Comparison Site,South East,18-24,Classic,False,34,False,0,39.79
669,2022-03-01,2022,Branch,Scotland,55-64,Platinum,False,34,False,336,152.18
670,2022-03-01,2022,Comparison Site,London,45-54,Classic,False,5,True,0,39.79
671,2022-03-01,2022,Outbound,London,25-34,Silver,False,26,True,132,121.95
672,2022-03-01,2022,Outbound,Midlands,25-34,Silver,True,27,True,148,121.95
673,2022-03-01,2022,Online,South East,45-54,Silver,False,12,True,132,69.94
674,2022-03-01,2022,Online,South East,45-54,Silver,False,34,False,188,69.94
675,2022-03-01,2022,Branch,London,45-54,Gold,False,34,False,236,152.18
676,2022-03-01,2022,Online,South East,55-64,Silver,False,34,False,202,69.94
677,2022-03-01,2022,Online,South East,25-34,Silver,True,5,True,0,69.94
678,2022-03-01,2022,Comparison Site,Midlands,25-34,Silver,False,34,False,132,39.79
679,2022-03-01,2022,Branch,Scotland,18-24,Platinum,False,34,False,336,152.18
680,2022-03-01,2022,Online,North,18-24,Gold,False,25,True,316,69.94
681,2022-03-01,2022,Comparison Site,North,45-54,Silver,False,10,True,110,39.79
682,2022-03-01,2022,Broker/IFA,North,35-44,Platinum,False,34,False,336,199.2
683,2022-03-01,2022,Branch,North,45-54,Silver,False,34,False,132,152.18
684,2022-03-01,2022,Online,North,25-34,Gold,False,34,False,276,69.94
685,2022-03-01,2022,Referral,North,45-54,Gold,False,1,True,18,59.74
686,2022-03-01,2022,Broker/IFA,South East,45-54,Silver,False,9,True,99,199.2
687,2022-03-01,2022,Comparison Site,South East,25-34,Silver,True,14,True,66,39.79
688,2022-03-01,2022,Branch,North,55-64,Silver,False,2,True,22,152.18
689,2022-03-01,2022,Referral,North,55-64,Classic,False,2,True,0,59.74
690,2022-03-01,2022,Comparison Site,South East,35-44,Classic,False,34,False,0,39.79
691,2022-03-01,2022,Online,Midlands,45-54,Gold,True,34,False,108,69.94
692,2022-03-01,2022,Referral,Scotland,45-54,Silver,False,32,True,77,59.74
693,2022-03-01,2022,Branch,North,55-64,Classic,False,22,True,0,152.18
694,2022-03-01,2022,Broker/IFA,South East,25-34,Silver,False,34,False,181,199.2
695,2022-03-01,2022,Comparison Site,North,25-34,Classic,True,7,True,0,39.79
696,2022-03-01,2022,Comparison Site,London,55-64,Silver,True,12,True,33,39.79
697,2022-03-01,2022,Online,London,45-54,Silver,False,4,True,44,69.94
698,2022-03-01,2022,Comparison Site,Wales & NI,65+,Classic,True,7,True,0,39.79
699,2022-03-01,2022,Branch,Midlands,18-24,Gold,False,1,True,18,152.18
700,2022-03-01,2022,Online,Midlands,18-24,Platinum,False,34,False,276,69.94
701,2022-03-01,2022,Outbound,Wales & NI,65+,Silver,False,34,False,132,121.95
702,2022-03-01,2022,Comparison Site,Scotland,45-54,Silver,True,11,True,90,39.79
703,2022-03-01,2022,Outbound,North,25-34,Silver,False,34,False,225,121.95
704,2022-03-01,2022,Comparison Site,London,25-34,Classic,False,30,True,0,39.79
705,2022-03-01,2022,Outbound,North,25-34,Platinum,False,3,True,84,121.95
706,2022-03-01,2022,Outbound,London,35-44,Classic,True,34,False,66,121.95
707,2022-03-01,2022,Comparison Site,Midlands,25-34,Silver,True,14,True,66,39.79
708,2022-03-01,2022,Online,North,18-24,Silver,False,11,True,128,69.94
709,2022-03-01,2022,Referral,Wales & NI,45-54,Classic,False,28,True,44,59.74
710,2022-03-01,2022,Comparison Site,South East,45-54,Silver,True,9,True,33,39.79
711,2022-03-01,2022,Online,South East,25-34,Silver,False,22,True,146,69.94
712,2022-03-01,2022,Branch,London,25-34,Gold,True,34,False,108,152.18
713,2022-03-01,2022,Referral,Midlands,35-44,Gold,False,34,False,160,59.74
714,2022-03-01,2022,Branch,London,25-34,Gold,False,21,True,216,152.18
715,2022-03-01,2022,Online,South East,35-44,Classic,False,5,True,0,69.94
716,2022-03-01,2022,Outbound,South East,55-64,Classic,False,1,True,0,121.95
717,2022-03-01,2022,Broker/IFA,Midlands,35-44,Gold,False,34,False,276,199.2
718,2022-03-01,2022,Branch,South East,55-64,Silver,False,11,True,33,152.18
719,2022-03-01,2022,Referral,South East,55-64,Gold,True,17,True,108,59.74
720,2022-03-01,2022,Referral,South East,25-34,Platinum,False,16,True,219,59.74
721,2022-03-01,2022,Online,North,35-44,Gold,False,26,True,216,69.94
722,2022-03-01,2022,Referral,Wales & NI,45-54,Platinum,False,34,False,336,59.74
723,2022-03-01,2022,Referral,London,45-54,Platinum,False,14,True,316,59.74
724,2022-03-01,2022,Referral,South East,55-64,Silver,False,31,True,167,59.74
725,2022-03-01,2022,Referral,North,45-54,Silver,False,18,True,132,59.74
726,2022-03-01,2022,Referral,London,25-34,Classic,False,23,True,77,59.74
727,2022-03-01,2022,Broker/IFA,North,25-34,Platinum,False,7,True,196,199.2
728,2022-03-01,2022,Branch,South East,45-54,Gold,False,34,False,216,152.18
729,2022-03-01,2022,Online,South East,25-34,Classic,False,18,True,0,69.94
730,2022-03-01,2022,Online,Scotland,25-34,Gold,False,34,False,216,69.94
731,2022-03-01,2022,Referral,London,65+,Gold,False,8,True,144,59.74
732,2022-03-01,2022,Referral,Midlands,18-24,Silver,False,23,True,139,59.74
733,2022-03-01,2022,Comparison Site,South East,35-44,Silver,True,7,True,11,39.79
734,2022-03-01,2022,Online,North,55-64,Silver,True,22,True,22,69.94
735,2022-03-01,2022,Online,London,25-34,Silver,False,34,False,132,69.94
736,2022-03-01,2022,Comparison Site,South East,18-24,Gold,True,4,True,0,39.79
737,2022-03-01,2022,Comparison Site,Midlands,25-34,Gold,True,34,False,73,39.79
738,2022-03-01,2022,Comparison Site,South East,25-34,Classic,True,7,True,18,39.79
739,2022-03-01,2022,Comparison Site,London,18-24,Silver,True,1,True,0,39.79
740,2022-03-01,2022,Outbound,Midlands,45-54,Gold,False,18,True,174,121.95
741,2022-03-01,2022,Referral,Midlands,18-24,Silver,True,34,False,138,59.74
742,2022-03-01,2022,Comparison Site,North,65+,Classic,True,34,False,0,39.79
743,2022-03-01,2022,Branch,North,35-44,Silver,False,8,True,88,152.18
744,2022-03-01,2022,Referral,North,45-54,Gold,False,34,False,256,59.74
745,2022-03-01,2022,Referral,South East,65+,Silver,False,34,False,153,59.74
746,2022-03-01,2022,Online,North,35-44,Classic,False,17,True,0,69.94
747,2022-03-01,2022,Online,South East,55-64,Classic,True,32,True,55,69.94
748,2022-03-01,2022,Outbound,South East,35-44,Platinum,False,10,True,280,121.95
749,2022-03-01,2022,Online,Midlands,18-24,Silver,True,2,True,0,69.94
750,2022-03-01,2022,Branch,Scotland,25-34,Gold,True,29,True,66,152.18
751,2022-03-01,2022,Referral,London,35-44,Silver,False,34,False,160,59.74
752,2022-03-01,2022,Outbound,Midlands,35-44,Silver,True,25,True,0,121.95
753,2022-03-01,2022,Online,Wales & NI,25-34,Silver,False,26,True,132,69.94
754,2022-03-01,2022,Online,South East,55-64,Silver,False,34,False,188,69.94
755,2022-03-01,2022,Comparison Site,North,18-24,Silver,False,15,True,132,39.79
756,2022-03-01,2022,Comparison Site,London,18-24,Classic,False,3,True,0,39.79
757,2022-03-01,2022,Comparison Site,Wales & NI,25-34,Silver,False,34,False,167,39.79
758,2022-03-01,2022,Outbound,North,35-44,Gold,False,34,False,188,121.95
759,2022-03-01,2022,Online,South East,65+,Silver,False,34,False,146,69.94
760,2022-03-01,2022,Online,London,45-54,Classic,False,17,True,88,69.94
761,2022-03-01,2022,Branch,South East,45-54,Gold,False,34,False,286,152.18
762,2022-03-01,2022,Online,North,25-34,Gold,False,13,True,216,69.94
763,2022-03-01,2022,Referral,South East,25-34,Gold,False,34,False,216,59.74
764,2022-03-01,2022,Comparison Site,South East,25-34,Classic,True,4,True,0,39.79
765,2022-03-01,2022,Branch,Midlands,45-54,Classic,False,7,True,29,152.18
766,2022-03-01,2022,Online,South East,65+,Classic,True,17,True,66,69.94
767,2022-03-01,2022,Comparison Site,Midlands,35-44,Silver,True,31,True,66,39.79
768,2022-03-01,2022,Online,London,35-44,Silver,False,34,False,248,69.94
769,2022-03-01,2022,Branch,North,25-34,Gold,False,34,False,216,152.18
770,2022-03-01,2022,Branch,London,45-54,Platinum,False,34,False,336,152.18
771,2022-03-01,2022,Branch,London,18-24,Platinum,False,34,False,336,152.18
772,2022-03-01,2022,Referral,Midlands,35-44,Gold,False,10,True,180,59.74
773,2022-03-01,2022,Broker/IFA,Scotland,18-24,Silver,False,1,True,11,199.2
774,2022-03-01,2022,Online,South East,55-64,Silver,False,5,True,44,69.94
775,2022-03-01,2022,Broker/IFA,Midlands,25-34,Silver,False,34,False,109,199.2
776,2022-03-01,2022,Outbound,North,18-24,Classic,False,2,True,0,121.95
777,2022-03-01,2022,Online,Midlands,55-64,Gold,False,34,False,216,69.94
778,2022-03-01,2022,Branch,London,18-24,Gold,True,22,True,108,152.18
779,2022-03-01,2022,Branch,London,35-44,Silver,False,34,False,132,152.18
780,2022-03-01,2022,Comparison Site,London,55-64,Silver,True,24,True,0,39.79
781,2022-03-01,2022,Online,Wales & NI,65+,Gold,False,6,True,108,69.94
782,2022-03-01,2022,Outbound,London,65+,Silver,True,1,True,0,121.95
783,2022-03-01,2022,Broker/IFA,South East,45-54,Platinum,False,34,False,296,199.2
784,2022-03-01,2022,Branch,Scotland,45-54,Platinum,False,34,False,336,152.18
785,2022-03-01,2022,Referral,North,18-24,Gold,False,34,False,306,59.74
786,2022-03-01,2022,Online,North,45-54,Classic,False,34,False,88,69.94
787,2022-03-01,2022,Online,North,45-54,Silver,True,34,False,108,69.94
788,2022-03-01,2022,Online,Wales & NI,55-64,Gold,False,34,False,216,69.94
789,2022-03-01,2022,Online,London,65+,Silver,True,25,True,66,69.94
790,2022-03-01,2022,Outbound,Scotland,18-24,Gold,True,34,False,148,121.95
791,2022-03-01,2022,Branch,London,18-24,Gold,False,11,True,198,152.18
792,2022-03-01,2022,Comparison Site,London,18-24,Silver,True,34,False,73,39.79
793,2022-03-01,2022,Branch,South East,45-54,Gold,False,34,False,276,152.18
794,2022-03-01,2022,Outbound,South East,35-44,Classic,False,8,True,0,121.95
795,2022-03-01,2022,Outbound,South East,55-64,Classic,False,10,True,0,121.95
796,2022-03-01,2022,Online,South East,35-44,Silver,False,8,True,22,69.94
797,2022-03-01,2022,Referral,Wales & NI,25-34,Classic,True,34,False,65,59.74
798,2022-03-01,2022,Online,South East,45-54,Classic,True,1,True,0,69.94
799,2022-03-01,2022,Comparison Site,London,45-54,Classic,True,4,True,0,39.79
800,2022-03-01,2022,Comparison Site,Midlands,55-64,Classic,True,4,True,0,39.79
801,2022-03-01,2022,Referral,South East,65+,Gold,False,17,True,216,59.74
802,2022-03-01,2022,Referral,North,18-24,Silver,False,34,False,153,59.74
803,2022-03-01,2022,Branch,Midlands,25-34,Silver,True,1,True,0,152.18
804,2022-03-01,2022,Comparison Site,Wales & NI,55-64,Silver,True,16,True,66,39.79
805,2022-03-01,2022,Broker/IFA,North,25-34,Silver,False,12,True,209,199.2
806,2022-03-01,2022,Referral,Scotland,25-34,Gold,False,14,True,216,59.74
807,2022-03-01,2022,Broker/IFA,North,25-34,Gold,False,5,True,90,199.2
808,2022-03-01,2022,Outbound,South East,35-44,Classic,True,25,True,22,121.95
809,2022-03-01,2022,Comparison Site,Scotland,25-34,Platinum,False,34,False,336,39.79
810,2022-03-01,2022,Online,London,35-44,Silver,True,14,True,73,69.94
811,2022-03-01,2022,Branch,London,45-54,Silver,False,6,True,33,152.18
812,2022-03-01,2022,Comparison Site,Scotland,35-44,Classic,True,15,True,55,39.79
813,2022-03-01,2022,Outbound,North,35-44,Silver,True,12,True,66,121.95
814,2022-03-01,2022,Online,Scotland,45-54,Classic,True,1,True,0,69.94
815,2022-03-01,2022,Online,Scotland,45-54,Silver,False,32,True,132,69.94
816,2022-03-01,2022,Comparison Site,London,35-44,Classic,True,18,True,66,39.79
817,2022-03-01,2022,Comparison Site,North,35-44,Silver,True,7,True,11,39.79
818,2022-03-01,2022,Outbound,London,35-44,Gold,True,34,False,108,121.95
819,2022-03-01,2022,Referral,North,35-44,Gold,False,34,False,216,59.74
820,2022-03-01,2022,Online,North,25-34,Classic,True,8,True,0,69.94
821,2022-03-01,2022,Comparison Site,London,35-44,Classic,False,12,True,0,39.79
822,2022-03-01,2022,Branch,South East,35-44,Platinum,False,34,False,336,152.18
823,2022-03-01,2022,Online,South East,55-64,Classic,False,5,True,0,69.94
824,2022-03-01,2022,Comparison Site,Wales & NI,35-44,Silver,True,10,True,44,39.79
825,2022-03-01,2022,Online,Midlands,35-44,Gold,False,8,True,144,69.94
826,2022-03-01,2022,Comparison Site,North,25-34,Silver,False,13,True,132,39.79
827,2022-03-01,2022,Broker/IFA,Midlands,65+,Platinum,False,3,True,84,199.2
828,2022-03-01,2022,Online,London,35-44,Classic,False,28,True,0,69.94
829,2022-03-01,2022,Outbound,North,35-44,Classic,True,4,True,0,121.95
830,2022-03-01,2022,Online,North,18-24,Classic,True,3,True,0,69.94
831,2022-03-01,2022,Online,Wales & NI,25-34,Silver,True,11,True,55,69.94
832,2022-03-01,2022,Referral,North,35-44,Gold,False,8,True,194,59.74
833,2022-03-01,2022,Online,London,45-54,Classic,False,23,True,0,69.94
834,2022-03-01,2022,Online,North,45-54,Gold,True,34,False,168,69.94
835,2022-03-01,2022,Outbound,Midlands,25-34,Gold,False,34,False,236,121.95
836,2022-03-01,2022,Branch,Midlands,18-24,Gold,False,34,False,216,152.18
837,2022-03-01,2022,Online,Midlands,55-64,Silver,False,32,True,132,69.94
838,2022-03-01,2022,Comparison Site,Midlands,55-64,Classic,True,26,True,0,39.79
839,2022-03-01,2022,Outbound,Midlands,65+,Silver,False,34,False,167,121.95
840,2022-03-01,2022,Online,Midlands,25-34,Silver,True,18,True,66,69.94
841,2022-03-01,2022,Comparison Site,London,25-34,Classic,False,3,True,0,39.79
842,2022-03-01,2022,Comparison Site,London,18-24,Classic,True,28,True,11,39.79
843,2022-03-01,2022,Broker/IFA,Wales & NI,45-54,Gold,False,11,True,184,199.2
844,2022-03-01,2022,Branch,Midlands,45-54,Gold,False,34,False,276,152.18
845,2022-03-01,2022,Online,South East,18-24,Classic,True,5,True,0,69.94
846,2022-03-01,2022,Comparison Site,London,35-44,Classic,False,13,True,44,39.79
847,2022-03-01,2022,Online,Scotland,65+,Silver,True,34,False,66,69.94
848,2022-03-01,2022,Branch,Midlands,25-34,Gold,False,34,False,167,152.18
849,2022-03-01,2022,Comparison Site,North,18-24,Classic,True,1,True,0,39.79
850,2022-03-01,2022,Comparison Site,Wales & NI,55-64,Classic,True,4,True,0,39.79
851,2022-03-01,2022,Branch,Midlands,25-34,Gold,False,34,False,216,152.18
852,2022-03-01,2022,Outbound,Midlands,35-44,Gold,False,1,True,18,121.95
853,2022-03-01,2022,Online,South East,25-34,Silver,True,34,False,66,69.94
854,2022-03-01,2022,Online,Scotland,25-34,Classic,False,34,False,66,69.94
855,2022-03-01,2022,Comparison Site,Scotland,18-24,Silver,True,19,True,66,39.79
856,2022-03-01,2022,Broker/IFA,Midlands,18-24,Platinum,True,34,False,168,199.2
857,2022-03-01,2022,Branch,South East,35-44,Gold,False,7,True,126,152.18
858,2022-03-01,2022,Referral,Midlands,35-44,Gold,False,34,False,306,59.74
859,2022-03-01,2022,Online,South East,25-34,Platinum,False,34,False,336,69.94
860,2022-03-01,2022,Outbound,Scotland,18-24,Silver,True,33,True,108,121.95
861,2022-03-01,2022,Online,North,45-54,Platinum,False,29,True,336,69.94
862,2022-03-01,2022,Online,London,25-34,Silver,True,13,True,66,69.94
863,2022-03-01,2022,Online,South East,35-44,Platinum,False,20,True,336,69.94
864,2022-03-01,2022,Broker/IFA,Scotland,55-64,Gold,False,34,False,296,199.2
865,2022-03-01,2022,Comparison Site,North,18-24,Silver,True,22,True,66,39.79
866,2022-03-01,2022,Referral,London,65+,Silver,True,34,False,108,59.74
867,2022-03-01,2022,Referral,Midlands,65+,Gold,True,34,False,168,59.74
868,2022-03-01,2022,Branch,London,25-34,Silver,False,4,True,44,152.18
869,2022-03-01,2022,Outbound,North,25-34,Silver,False,25,True,110,121.95
870,2022-03-01,2022,Comparison Site,South East,25-34,Classic,False,4,True,0,39.79
871,2022-04-01,2022,Online,North,35-44,Gold,False,33,False,216,69.94
872,2022-04-01,2022,Online,Midlands,25-34,Silver,False,33,False,132,69.94
873,2022-04-01,2022,Comparison Site,Scotland,45-54,Silver,False,33,False,132,39.79
874,2022-04-01,2022,Comparison Site,South East,35-44,Classic,True,1,True,0,39.79
875,2022-04-01,2022,Referral,North,45-54,Platinum,False,33,False,336,59.74
876,2022-04-01,2022,Broker/IFA,Scotland,25-34,Gold,False,26,True,216,199.2
877,2022-04-01,2022,Online,London,45-54,Silver,False,33,False,188,69.94
878,2022-04-01,2022,Branch,South East,45-54,Platinum,True,16,True,168,152.18
879,2022-04-01,2022,Outbound,London,25-34,Classic,True,8,True,0,121.95
880,2022-04-01,2022,Outbound,London,25-34,Classic,True,5,True,0,121.95
881,2022-04-01,2022,Outbound,London,65+,Silver,False,27,True,132,121.95
882,2022-04-01,2022,Branch,South East,35-44,Classic,False,7,True,22,152.18
883,2022-04-01,2022,Branch,South East,55-64,Silver,True,33,False,73,152.18
884,2022-04-01,2022,Online,London,55-64,Platinum,False,23,True,226,69.94
885,2022-04-01,2022,Comparison Site,London,18-24,Silver,True,18,True,33,39.79
886,2022-04-01,2022,Online,South East,35-44,Gold,True,3,True,0,69.94
887,2022-04-01,2022,Outbound,North,45-54,Classic,True,10,True,0,121.95
888,2022-04-01,2022,Comparison Site,Wales & NI,55-64,Gold,False,20,True,209,39.79
889,2022-04-01,2022,Online,Wales & NI,45-54,Classic,False,9,True,116,69.94
890,2022-04-01,2022,Branch,North,18-24,Silver,False,8,True,88,152.18
891,2022-04-01,2022,Online,South East,35-44,Gold,False,3,True,54,69.94
892,2022-04-01,2022,Referral,London,25-34,Gold,False,33,False,216,59.74
893,2022-04-01,2022,Online,Scotland,35-44,Silver,False,33,False,132,69.94
894,2022-04-01,2022,Outbound,Midlands,55-64,Platinum,False,1,True,28,121.95
895,2022-04-01,2022,Comparison Site,South East,35-44,Silver,False,33,False,132,39.79
896,2022-04-01,2022,Online,South East,25-34,Classic,False,8,True,0,69.94
897,2022-04-01,2022,Online,London,25-34,Classic,True,23,True,66,69.94
898,2022-04-01,2022,Branch,Wales & NI,35-44,Gold,False,33,False,326,152.18
899,2022-04-01,2022,Branch,North,35-44,Platinum,False,33,False,336,152.18
900,2022-04-01,2022,Online,London,55-64,Classic,False,10,True,0,69.94
901,2022-04-01,2022,Online,South East,35-44,Silver,False,28,True,132,69.94
902,2022-04-01,2022,Branch,Wales & NI,25-34,Platinum,False,33,False,336,152.18
903,2022-04-01,2022,Branch,South East,18-24,Silver,False,1,True,11,152.18
904,2022-04-01,2022,Outbound,London,25-34,Silver,True,12,True,33,121.95
905,2022-04-01,2022,Referral,Wales & NI,18-24,Silver,False,33,False,209,59.74
906,2022-04-01,2022,Branch,North,55-64,Silver,False,7,True,77,152.18
907,2022-04-01,2022,Referral,London,35-44,Classic,False,33,False,66,59.74
908,2022-04-01,2022,Comparison Site,North,35-44,Silver,False,33,False,181,39.79
909,2022-04-01,2022,Branch,Scotland,25-34,Platinum,False,30,True,336,152.18
910,2022-04-01,2022,Outbound,London,25-34,Gold,True,8,True,36,121.95
911,2022-04-01,2022,Comparison Site,London,35-44,Silver,True,11,True,22,39.79
912,2022-04-01,2022,Branch,North,18-24,Platinum,False,33,False,336,152.18
913,2022-04-01,2022,Branch,Midlands,25-34,Classic,False,18,True,77,152.18
914,2022-04-01,2022,Online,London,18-24,Silver,True,14,True,87,69.94
915,2022-04-01,2022,Branch,Wales & NI,35-44,Platinum,True,7,True,28,152.18
916,2022-04-01,2022,Outbound,London,45-54,Silver,False,1,True,11,121.95
917,2022-04-01,2022,Branch,London,25-34,Gold,False,33,False,216,152.18
918,2022-04-01,2022,Branch,North,35-44,Gold,False,33,False,306,152.18
919,2022-04-01,2022,Online,London,25-34,Classic,True,7,True,0,69.94
920,2022-04-01,2022,Comparison Site,Midlands,45-54,Classic,False,2,True,0,39.79
921,2022-04-01,2022,Comparison Site,North,18-24,Gold,False,33,False,216,39.79
922,2022-04-01,2022,Referral,Wales & NI,25-34,Silver,False,33,False,181,59.74
923,2022-04-01,2022,Online,North,35-44,Silver,False,33,False,132,69.94
924,2022-04-01,2022,Comparison Site,North,35-44,Silver,False,18,True,132,39.79
925,2022-04-01,2022,Comparison Site,North,25-34,Silver,True,4,True,0,39.79
926,2022-04-01,2022,Outbound,London,18-24,Silver,True,3,True,0,121.95
927,2022-04-01,2022,Branch,Wales & NI,45-54,Platinum,False,33,False,336,152.18
928,2022-04-01,2022,Online,London,65+,Silver,False,33,False,132,69.94
929,2022-04-01,2022,Broker/IFA,London,65+,Silver,False,2,True,22,199.2
930,2022-04-01,2022,Comparison Site,North,45-54,Gold,True,32,True,108,39.79
931,2022-04-01,2022,Branch,London,45-54,Platinum,False,33,False,336,152.18
932,2022-04-01,2022,Referral,London,45-54,Gold,False,33,False,216,59.74
933,2022-04-01,2022,Comparison Site,Midlands,35-44,Silver,True,18,True,66,39.79
934,2022-04-01,2022,Online,North,35-44,Silver,False,1,True,11,69.94
935,2022-04-01,2022,Online,London,25-34,Silver,True,3,True,0,69.94
936,2022-04-01,2022,Comparison Site,Scotland,35-44,Classic,True,5,True,0,39.79
937,2022-04-01,2022,Broker/IFA,South East,35-44,Silver,False,15,True,132,199.2
938,2022-04-01,2022,Comparison Site,Wales & NI,45-54,Classic,False,31,True,99,39.79
939,2022-04-01,2022,Comparison Site,Midlands,55-64,Gold,True,12,True,168,39.79
940,2022-04-01,2022,Broker/IFA,South East,25-34,Platinum,False,33,False,336,199.2
941,2022-04-01,2022,Branch,North,35-44,Silver,False,10,True,110,152.18
942,2022-04-01,2022,Online,London,55-64,Silver,True,7,True,11,69.94
943,2022-04-01,2022,Online,North,25-34,Silver,False,16,True,132,69.94
944,2022-04-01,2022,Online,North,18-24,Gold,False,33,False,216,69.94
945,2022-04-01,2022,Branch,South East,18-24,Platinum,False,14,True,336,152.18
946,2022-04-01,2022,Comparison Site,Midlands,45-54,Silver,True,33,False,66,39.79
947,2022-04-01,2022,Online,South East,45-54,Classic,False,9,True,44,69.94
948,2022-04-01,2022,Referral,Wales & NI,25-34,Classic,True,16,True,66,59.74
949,2022-04-01,2022,Outbound,London,35-44,Classic,False,30,True,0,121.95
950,2022-04-01,2022,Comparison Site,South East,25-34,Platinum,True,33,False,168,39.79
951,2022-04-01,2022,Online,Scotland,55-64,Classic,True,33,False,101,69.94
952,2022-04-01,2022,Online,London,65+,Gold,False,33,False,216,69.94
953,2022-04-01,2022,Branch,London,25-34,Silver,False,13,True,181,152.18
954,2022-04-01,2022,Online,London,55-64,Gold,True,6,True,0,69.94
955,2022-04-01,2022,Comparison Site,Midlands,25-34,Classic,False,2,True,0,39.79
956,2022-04-01,2022,Comparison Site,Midlands,65+,Silver,True,33,False,66,39.79
957,2022-04-01,2022,Referral,North,35-44,Classic,True,13,True,0,59.74
958,2022-04-01,2022,Online,South East,45-54,Platinum,True,7,True,18,69.94
959,2022-04-01,2022,Comparison Site,South East,55-64,Classic,True,12,True,0,39.79
960,2022-04-01,2022,Branch,London,35-44,Silver,False,33,False,181,152.18
961,2022-04-01,2022,Branch,North,25-34,Gold,False,33,False,246,152.18
962,2022-04-01,2022,Comparison Site,London,25-34,Classic,True,33,False,66,39.79
963,2022-04-01,2022,Referral,Midlands,25-34,Platinum,False,33,False,336,59.74
964,2022-04-01,2022,Online,North,45-54,Silver,False,1,True,11,69.94
965,2022-04-01,2022,Branch,Midlands,55-64,Gold,False,33,False,306,152.18
966,2022-04-01,2022,Outbound,Midlands,35-44,Gold,True,29,True,108,121.95
967,2022-04-01,2022,Referral,North,18-24,Silver,False,33,False,77,59.74
968,2022-04-01,2022,Referral,Scotland,55-64,Gold,False,33,False,216,59.74
969,2022-04-01,2022,Branch,South East,45-54,Silver,False,33,False,160,152.18
970,2022-04-01,2022,Online,Midlands,35-44,Silver,True,1,True,0,69.94
971,2022-04-01,2022,Outbound,South East,45-54,Gold,False,33,False,216,121.95
972,2022-04-01,2022,Comparison Site,South East,18-24,Classic,True,11,True,0,39.79
973,2022-04-01,2022,Online,Midlands,45-54,Gold,False,10,True,180,69.94
974,2022-04-01,2022,Online,Scotland,25-34,Gold,False,33,False,216,69.94
975,2022-04-01,2022,Comparison Site,Wales & NI,45-54,Silver,True,15,True,66,39.79
976,2022-04-01,2022,Comparison Site,Wales & NI,25-34,Classic,True,1,True,0,39.79
977,2022-04-01,2022,Branch,London,65+,Platinum,False,33,False,336,152.18
978,2022-04-01,2022,Comparison Site,Midlands,45-54,Classic,True,12,True,0,39.79
979,2022-04-01,2022,Comparison Site,Midlands,65+,Classic,True,25,True,0,39.79
980,2022-04-01,2022,Comparison Site,Scotland,45-54,Classic,True,17,True,0,39.79
981,2022-04-01,2022,Outbound,Scotland,45-54,Silver,True,3,True,0,121.95
982,2022-04-01,2022,Outbound,Wales & NI,35-44,Silver,False,16,True,132,121.95
983,2022-04-01,2022,Branch,London,18-24,Silver,False,10,True,110,152.18
984,2022-04-01,2022,Online,North,55-64,Classic,False,12,True,0,69.94
985,2022-04-01,2022,Branch,London,18-24,Gold,False,24,True,216,152.18
986,2022-04-01,2022,Comparison Site,Scotland,18-24,Silver,False,2,True,22,39.79
987,2022-04-01,2022,Online,Wales & NI,45-54,Silver,True,33,False,66,69.94
988,2022-04-01,2022,Comparison Site,Midlands,45-54,Gold,True,4,True,0,39.79
989,2022-04-01,2022,Referral,South East,18-24,Classic,False,17,True,121,59.74
990,2022-04-01,2022,Online,Wales & NI,45-54,Classic,True,18,True,0,69.94
991,2022-04-01,2022,Referral,South East,35-44,Silver,False,33,False,132,59.74
992,2022-04-01,2022,Branch,London,18-24,Silver,False,33,False,160,152.18
993,2022-04-01,2022,Online,Midlands,35-44,Silver,True,15,True,66,69.94
994,2022-04-01,2022,Online,London,35-44,Classic,True,16,True,55,69.94
995,2022-04-01,2022,Online,Midlands,25-34,Classic,True,7,True,0,69.94
996,2022-04-01,2022,Comparison Site,Midlands,35-44,Gold,True,33,False,108,39.79
997,2022-04-01,2022,Online,London,35-44,Classic,True,3,True,0,69.94
998,2022-04-01,2022,Comparison Site,North,18-24,Silver,True,33,False,66,39.79
999,2022-04-01,2022,Branch,London,25-34,Gold,True,10,True,72,152.18
1000,2022-04-01,2022,Online,Midlands,35-44,Classic,False,9,True,0,69.94
1001,2022-04-01,2022,Online,South East,35-44,Gold,False,21,True,139,69.94
1002,2022-04-01,2022,Comparison Site,Scotland,45-54,Silver,True,22,True,66,39.79
1003,2022-04-01,2022,Comparison Site,London,35-44,Classic,True,10,True,0,39.79
1004,2022-04-01,2022,Comparison Site,South East,25-34,Classic,False,6,True,0,39.79
1005,2022-04-01,2022,Outbound,North,65+,Classic,False,17,True,0,121.95
1006,2022-04-01,2022,Branch,London,25-34,Silver,False,8,True,77,152.18
1007,2022-04-01,2022,Branch,South East,25-34,Gold,False,33,False,216,152.18
1008,2022-04-01,2022,Branch,South East,45-54,Classic,False,17,True,0,152.18
1009,2022-04-01,2022,Online,South East,55-64,Silver,False,33,False,121,69.94
1010,2022-04-01,2022,Online,North,25-34,Classic,True,33,False,0,69.94
1011,2022-04-01,2022,Outbound,Midlands,25-34,Silver,False,14,True,132,121.95
1012,2022-04-01,2022,Branch,South East,35-44,Gold,False,21,True,209,152.18
1013,2022-04-01,2022,Online,London,25-34,Classic,False,4,True,0,69.94
1014,2022-04-01,2022,Outbound,Wales & NI,18-24,Gold,True,33,False,108,121.95
1015,2022-04-01,2022,Online,Wales & NI,35-44,Gold,False,33,False,216,69.94
1016,2022-04-01,2022,Comparison Site,Midlands,55-64,Gold,True,33,False,158,39.79
1017,2022-04-01,2022,Online,London,18-24,Silver,False,8,True,88,69.94
1018,2022-04-01,2022,Online,North,35-44,Classic,False,28,True,0,69.94
1019,2022-04-01,2022,Online,South East,55-64,Platinum,False,33,False,336,69.94
1020,2022-04-01,2022,Broker/IFA,London,45-54,Silver,False,33,False,132,199.2
1021,2022-04-01,2022,Online,South East,18-24,Silver,False,33,False,174,69.94
1022,2022-04-01,2022,Branch,Midlands,55-64,Gold,False,8,True,174,152.18
1023,2022-04-01,2022,Referral,London,35-44,Silver,False,33,False,132,59.74
1024,2022-04-01,2022,Online,North,18-24,Silver,False,30,True,132,69.94
1025,2022-04-01,2022,Online,London,55-64,Silver,False,17,True,132,69.94
1026,2022-04-01,2022,Comparison Site,Midlands,65+,Gold,True,4,True,0,39.79
1027,2022-04-01,2022,Branch,North,45-54,Classic,False,33,False,22,152.18
1028,2022-04-01,2022,Branch,Midlands,35-44,Silver,True,20,True,108,152.18
1029,2022-04-01,2022,Branch,London,25-34,Classic,False,6,True,0,152.18
1030,2022-04-01,2022,Comparison Site,North,65+,Silver,True,33,False,66,39.79
1031,2022-04-01,2022,Referral,Midlands,25-34,Classic,False,29,True,0,59.74
1032,2022-04-01,2022,Online,Wales & NI,18-24,Classic,False,1,True,0,69.94
1033,2022-04-01,2022,Online,London,45-54,Silver,True,33,False,66,69.94
1034,2022-04-01,2022,Comparison Site,North,25-34,Gold,True,17,True,66,39.79
1035,2022-04-01,2022,Online,Midlands,55-64,Gold,True,33,False,168,69.94
1036,2022-04-01,2022,Referral,London,18-24,Classic,False,19,True,88,59.74
1037,2022-04-01,2022,Outbound,South East,55-64,Gold,True,33,False,108,121.95
1038,2022-04-01,2022,Comparison Site,London,35-44,Silver,False,1,True,11,39.79
1039,2022-04-01,2022,Comparison Site,North,65+,Classic,True,33,False,44,39.79
1040,2022-04-01,2022,Online,London,25-34,Gold,True,3,True,0,69.94
1041,2022-04-01,2022,Comparison Site,Scotland,18-24,Gold,False,7,True,126,39.79
1042,2022-04-01,2022,Comparison Site,South East,45-54,Classic,False,30,True,44,39.79
1043,2022-04-01,2022,Branch,North,35-44,Gold,False,7,True,105,152.18
1044,2022-04-01,2022,Outbound,South East,45-54,Silver,False,6,True,66,121.95
1045,2022-04-01,2022,Comparison Site,North,25-34,Classic,False,33,False,0,39.79
1046,2022-04-01,2022,Branch,North,18-24,Gold,True,2,True,0,152.18
1047,2022-04-01,2022,Outbound,North,65+,Gold,False,33,False,216,121.95
1048,2022-04-01,2022,Branch,Midlands,35-44,Classic,True,12,True,0,152.18
1049,2022-04-01,2022,Branch,Midlands,45-54,Silver,True,13,True,66,152.18
1050,2022-04-01,2022,Comparison Site,London,25-34,Silver,True,5,True,0,39.79
1051,2022-04-01,2022,Comparison Site,North,45-54,Classic,True,3,True,0,39.79
1052,2022-04-01,2022,Comparison Site,London,25-34,Silver,True,7,True,18,39.79
1053,2022-04-01,2022,Outbound,Scotland,45-54,Silver,True,10,True,44,121.95
1054,2022-04-01,2022,Branch,South East,45-54,Silver,False,3,True,33,152.18
1055,2022-04-01,2022,Branch,North,35-44,Gold,False,33,False,216,152.18
1056,2022-04-01,2022,Comparison Site,North,65+,Classic,False,9,True,0,39.79
1057,2022-04-01,2022,Online,South East,35-44,Silver,False,21,True,132,69.94
1058,2022-04-01,2022,Online,Wales & NI,45-54,Silver,True,33,False,80,69.94
1059,2022-04-01,2022,Outbound,Scotland,45-54,Classic,True,1,True,0,121.95
1060,2022-04-01,2022,Online,Scotland,25-34,Gold,False,33,False,266,69.94
1061,2022-04-01,2022,Online,South East,18-24,Platinum,True,33,False,168,69.94
1062,2022-04-01,2022,Online,North,18-24,Classic,False,19,True,0,69.94
1063,2022-04-01,2022,Comparison Site,North,25-34,Silver,True,27,True,66,39.79
1064,2022-04-01,2022,Branch,North,55-64,Classic,True,4,True,0,152.18
1065,2022-04-01,2022,Online,Midlands,35-44,Platinum,True,5,True,0,69.94
1066,2022-04-01,2022,Comparison Site,London,25-34,Classic,False,13,True,0,39.79
1067,2022-04-01,2022,Comparison Site,Wales & NI,18-24,Silver,False,33,False,132,39.79
1068,2022-04-01,2022,Comparison Site,South East,65+,Classic,False,2,True,0,39.79
1069,2022-04-01,2022,Online,London,25-34,Classic,True,2,True,0,69.94
1070,2022-04-01,2022,Outbound,London,65+,Classic,False,3,True,0,121.95
1071,2022-04-01,2022,Broker/IFA,Scotland,25-34,Gold,False,33,False,216,199.2
1072,2022-04-01,2022,Comparison Site,Wales & NI,18-24,Classic,True,13,True,0,39.79
1073,2022-04-01,2022,Outbound,North,25-34,Classic,True,10,True,0,121.95
1074,2022-04-01,2022,Comparison Site,London,65+,Silver,True,33,False,158,39.79
1075,2022-04-01,2022,Broker/IFA,North,65+,Gold,True,33,False,128,199.2
1076,2022-04-01,2022,Branch,North,55-64,Gold,False,33,False,216,152.18
1077,2022-04-01,2022,Online,Wales & NI,25-34,Classic,True,7,True,0,69.94
1078,2022-04-01,2022,Branch,North,45-54,Platinum,False,33,False,336,152.18
1079,2022-04-01,2022,Outbound,Scotland,45-54,Silver,True,33,False,66,121.95
1080,2022-04-01,2022,Online,Midlands,25-34,Silver,True,5,True,0,69.94
1081,2022-04-01,2022,Comparison Site,Midlands,45-54,Classic,False,5,True,0,39.79
1082,2022-04-01,2022,Branch,North,45-54,Gold,False,33,False,296,152.18
1083,2022-04-01,2022,Referral,South East,35-44,Classic,True,33,False,80,59.74
1084,2022-04-01,2022,Referral,Midlands,25-34,Platinum,False,33,False,336,59.74
1085,2022-04-01,2022,Branch,Wales & NI,25-34,Gold,False,33,False,216,152.18
1086,2022-04-01,2022,Referral,London,45-54,Gold,False,26,True,216,59.74
1087,2022-04-01,2022,Broker/IFA,South East,65+,Gold,False,33,False,188,199.2
1088,2022-04-01,2022,Referral,South East,18-24,Gold,False,2,True,36,59.74
1089,2022-04-01,2022,Referral,South East,35-44,Platinum,False,10,True,250,59.74
1090,2022-04-01,2022,Referral,Wales & NI,18-24,Silver,False,11,True,88,59.74
1091,2022-04-01,2022,Online,London,25-34,Platinum,False,33,False,336,69.94
1092,2022-04-01,2022,Branch,South East,35-44,Gold,False,1,True,18,152.18
1093,2022-04-01,2022,Branch,London,55-64,Classic,False,8,True,0,152.18
1094,2022-04-01,2022,Online,North,55-64,Platinum,False,33,False,236,69.94
1095,2022-04-01,2022,Online,South East,25-34,Classic,False,26,True,11,69.94
1096,2022-04-01,2022,Outbound,Scotland,45-54,Silver,True,18,True,66,121.95
1097,2022-04-01,2022,Comparison Site,South East,35-44,Silver,False,1,True,11,39.79
1098,2022-04-01,2022,Branch,Wales & NI,25-34,Classic,False,29,True,0,152.18
1099,2022-04-01,2022,Referral,South East,18-24,Gold,False,33,False,216,59.74
1100,2022-04-01,2022,Referral,Scotland,25-34,Gold,False,33,False,216,59.74
1101,2022-04-01,2022,Comparison Site,London,35-44,Silver,True,28,True,66,39.79
1102,2022-04-01,2022,Branch,Midlands,35-44,Gold,True,27,True,66,152.18
1103,2022-04-01,2022,Branch,Scotland,25-34,Gold,False,33,False,216,152.18
1104,2022-04-01,2022,Online,South East,35-44,Silver,False,25,True,174,69.94
1105,2022-04-01,2022,Online,North,65+,Gold,False,28,True,246,69.94
1106,2022-04-01,2022,Outbound,London,25-34,Classic,False,18,True,0,121.95
1107,2022-04-01,2022,Referral,South East,18-24,Silver,False,33,False,202,59.74
1108,2022-04-01,2022,Outbound,North,55-64,Silver,True,21,True,66,121.95
1109,2022-04-01,2022,Outbound,North,65+,Classic,True,33,False,66,121.95
1110,2022-04-01,2022,Branch,Scotland,35-44,Silver,False,33,False,132,152.18
1111,2022-04-01,2022,Online,London,35-44,Classic,False,22,True,0,69.94
1112,2022-04-01,2022,Broker/IFA,South East,35-44,Gold,False,33,False,216,199.2
1113,2022-04-01,2022,Referral,London,45-54,Gold,False,16,True,216,59.74
1114,2022-04-01,2022,Comparison Site,Wales & NI,45-54,Silver,False,2,True,22,39.79
1115,2022-04-01,2022,Online,Midlands,25-34,Gold,True,33,False,108,69.94
1116,2022-04-01,2022,Online,London,45-54,Silver,False,33,False,132,69.94
1117,2022-04-01,2022,Broker/IFA,North,35-44,Platinum,False,11,True,308,199.2
1118,2022-04-01,2022,Branch,London,18-24,Silver,False,8,True,88,152.18
1119,2022-04-01,2022,Online,South East,45-54,Silver,False,29,True,132,69.94
1120,2022-04-01,2022,Comparison Site,South East,55-64,Classic,True,3,True,0,39.79
1121,2022-04-01,2022,Outbound,South East,35-44,Silver,False,33,False,167,121.95
1122,2022-04-01,2022,Comparison Site,Wales & NI,45-54,Classic,True,1,True,0,39.79
1123,2022-04-01,2022,Comparison Site,London,45-54,Silver,True,20,True,66,39.79
1124,2022-04-01,2022,Online,Wales & NI,55-64,Classic,True,15,True,0,69.94
1125,2022-04-01,2022,Comparison Site,North,35-44,Silver,True,33,False,168,39.79
1126,2022-04-01,2022,Online,North,55-64,Classic,False,5,True,0,69.94
1127,2022-04-01,2022,Comparison Site,Midlands,18-24,Classic,True,22,True,0,39.79
1128,2022-04-01,2022,Outbound,London,25-34,Platinum,False,1,True,28,121.95
1129,2022-04-01,2022,Outbound,South East,35-44,Silver,False,4,True,44,121.95
1130,2022-04-01,2022,Branch,London,25-34,Classic,False,10,True,0,152.18
1131,2022-04-01,2022,Comparison Site,London,25-34,Classic,True,1,True,0,39.79
1132,2022-04-01,2022,Online,Midlands,25-34,Gold,False,33,False,216,69.94
1133,2022-04-01,2022,Referral,Midlands,18-24,Platinum,True,33,False,168,59.74
1134,2022-04-01,2022,Comparison Site,Midlands,35-44,Classic,False,3,True,0,39.79
1135,2022-04-01,2022,Broker/IFA,Wales & NI,45-54,Gold,False,33,False,216,199.2
1136,2022-04-01,2022,Comparison Site,Midlands,25-34,Silver,True,1,True,0,39.79
1137,2022-04-01,2022,Comparison Site,North,35-44,Silver,False,13,True,160,39.79
1138,2022-04-01,2022,Outbound,South East,55-64,Silver,True,7,True,11,121.95
1139,2022-04-01,2022,Online,Scotland,45-54,Classic,False,33,False,0,69.94
1140,2022-04-01,2022,Comparison Site,South East,45-54,Classic,True,3,True,0,39.79
1141,2022-04-01,2022,Referral,North,25-34,Silver,False,14,True,132,59.74
1142,2022-04-01,2022,Comparison Site,London,25-34,Classic,False,2,True,0,39.79
1143,2022-04-01,2022,Outbound,North,55-64,Gold,False,33,False,216,121.95
1144,2022-04-01,2022,Branch,South East,18-24,Platinum,False,33,False,286,152.18
1145,2022-04-01,2022,Branch,London,25-34,Classic,False,1,True,0,152.18
1146,2022-04-01,2022,Broker/IFA,Midlands,35-44,Gold,False,18,True,216,199.2
1147,2022-04-01,2022,Comparison Site,London,65+,Classic,False,2,True,0,39.79
1148,2022-04-01,2022,Comparison Site,Scotland,25-34,Silver,True,7,True,11,39.79
1149,2022-04-01,2022,Referral,London,45-54,Gold,False,33,False,216,59.74
1150,2022-04-01,2022,Outbound,Midlands,35-44,Silver,True,31,True,66,121.95
1151,2022-04-01,2022,Comparison Site,London,45-54,Silver,True,7,True,11,39.79
1152,2022-04-01,2022,Online,Scotland,35-44,Silver,True,16,True,108,69.94
1153,2022-04-01,2022,Outbound,South East,65+,Classic,False,3,True,0,121.95
1154,2022-04-01,2022,Comparison Site,South East,55-64,Classic,True,11,True,0,39.79
1155,2022-04-01,2022,Branch,Midlands,55-64,Platinum,False,29,True,276,152.18
1156,2022-04-01,2022,Referral,North,55-64,Silver,False,33,False,132,59.74
1157,2022-04-01,2022,Online,South East,65+,Silver,True,9,True,33,69.94
1158,2022-04-01,2022,Comparison Site,Scotland,45-54,Classic,False,12,True,0,39.79
1159,2022-04-01,2022,Outbound,South East,45-54,Silver,True,33,False,66,121.95
1160,2022-04-01,2022,Broker/IFA,London,35-44,Silver,False,33,False,146,199.2
1161,2022-04-01,2022,Comparison Site,Midlands,55-64,Classic,True,12,True,66,39.79
1162,2022-04-01,2022,Comparison Site,South East,55-64,Silver,False,13,True,202,39.79
1163,2022-04-01,2022,Comparison Site,North,18-24,Classic,True,1,True,0,39.79
1164,2022-05-01,2022,Broker/IFA,North,25-34,Gold,False,32,False,316,199.2
1165,2022-05-01,2022,Online,South East,25-34,Classic,False,1,True,0,69.94
1166,2022-05-01,2022,Outbound,London,25-34,Classic,False,3,True,0,121.95
1167,2022-05-01,2022,Outbound,Scotland,55-64,Classic,False,4,True,0,121.95
1168,2022-05-01,2022,Outbound,Scotland,18-24,Classic,True,2,True,0,121.95
1169,2022-05-01,2022,Branch,London,45-54,Classic,False,27,True,44,152.18
1170,2022-05-01,2022,Comparison Site,Midlands,65+,Silver,False,32,False,132,39.79
1171,2022-05-01,2022,Comparison Site,South East,65+,Silver,True,3,True,0,39.79
1172,2022-05-01,2022,Outbound,London,55-64,Silver,False,21,True,132,121.95
1173,2022-05-01,2022,Comparison Site,North,45-54,Silver,False,25,True,132,39.79
1174,2022-05-01,2022,Branch,South East,35-44,Silver,True,32,False,66,152.18
1175,2022-05-01,2022,Outbound,Midlands,35-44,Classic,False,4,True,0,121.95
1176,2022-05-01,2022,Branch,North,45-54,Gold,True,32,False,108,152.18
1177,2022-05-01,2022,Comparison Site,South East,25-34,Silver,True,7,True,11,39.79
1178,2022-05-01,2022,Referral,North,25-34,Classic,False,25,True,0,59.74
1179,2022-05-01,2022,Referral,London,18-24,Gold,False,9,True,58,59.74
1180,2022-05-01,2022,Referral,North,55-64,Silver,False,17,True,121,59.74
1181,2022-05-01,2022,Branch,Scotland,35-44,Silver,True,7,True,11,152.18
1182,2022-05-01,2022,Referral,North,45-54,Silver,False,32,False,146,59.74
1183,2022-05-01,2022,Online,South East,65+,Classic,True,25,True,0,69.94
1184,2022-05-01,2022,Referral,Midlands,25-34,Gold,False,32,False,167,59.74
1185,2022-05-01,2022,Comparison Site,South East,25-34,Gold,False,20,True,216,39.79
1186,2022-05-01,2022,Broker/IFA,Scotland,18-24,Platinum,False,14,True,316,199.2
1187,2022-05-01,2022,Referral,Midlands,25-34,Silver,False,32,False,188,59.74
1188,2022-05-01,2022,Referral,Wales & NI,35-44,Platinum,False,32,False,336,59.74
1189,2022-05-01,2022,Comparison Site,South East,18-24,Silver,False,8,True,88,39.79
1190,2022-05-01,2022,Referral,North,55-64,Gold,False,10,True,180,59.74
1191,2022-05-01,2022,Comparison Site,South East,25-34,Silver,True,15,True,66,39.79
1192,2022-05-01,2022,Broker/IFA,South East,65+,Silver,False,32,False,146,199.2
1193,2022-05-01,2022,Online,London,18-24,Classic,True,20,True,44,69.94
1194,2022-05-01,2022,Referral,Midlands,25-34,Silver,False,32,False,132,59.74
1195,2022-05-01,2022,Comparison Site,London,18-24,Silver,True,6,True,0,39.79
1196,2022-05-01,2022,Broker/IFA,South East,45-54,Gold,False,3,True,54,199.2
1197,2022-05-01,2022,Online,North,25-34,Silver,False,21,True,33,69.94
1198,2022-05-01,2022,Comparison Site,South East,45-54,Classic,True,32,False,44,39.79
1199,2022-05-01,2022,Comparison Site,Midlands,35-44,Silver,True,32,False,101,39.79
1200,2022-05-01,2022,Comparison Site,Scotland,25-34,Classic,True,2,True,0,39.79
1201,2022-05-01,2022,Outbound,Scotland,25-34,Gold,False,24,True,216,121.95
1202,2022-05-01,2022,Branch,London,25-34,Silver,False,32,False,139,152.18
1203,2022-05-01,2022,Comparison Site,London,18-24,Classic,False,15,True,44,39.79
1204,2022-05-01,2022,Comparison Site,Midlands,45-54,Gold,True,3,True,0,39.79
1205,2022-05-01,2022,Outbound,South East,35-44,Classic,False,18,True,0,121.95
1206,2022-05-01,2022,Comparison Site,London,35-44,Silver,True,7,True,11,39.79
1207,2022-05-01,2022,Outbound,North,55-64,Platinum,True,32,False,168,121.95
1208,2022-05-01,2022,Branch,London,18-24,Gold,False,22,True,216,152.18
1209,2022-05-01,2022,Outbound,North,35-44,Classic,True,32,False,66,121.95
1210,2022-05-01,2022,Online,Wales & NI,35-44,Silver,False,32,False,202,69.94
1211,2022-05-01,2022,Broker/IFA,North,45-54,Platinum,False,32,False,326,199.2
1212,2022-05-01,2022,Outbound,North,45-54,Classic,False,10,True,0,121.95
1213,2022-05-01,2022,Broker/IFA,South East,25-34,Platinum,False,32,False,226,199.2
1214,2022-05-01,2022,Outbound,Midlands,25-34,Classic,True,32,False,0,121.95
1215,2022-05-01,2022,Broker/IFA,Wales & NI,35-44,Platinum,False,32,False,336,199.2
1216,2022-05-01,2022,Online,South East,18-24,Classic,False,5,True,0,69.94
1217,2022-05-01,2022,Branch,South East,35-44,Silver,False,6,True,55,152.18
1218,2022-05-01,2022,Branch,London,45-54,Silver,False,32,False,132,152.18
1219,2022-05-01,2022,Broker/IFA,London,18-24,Gold,False,32,False,216,199.2
1220,2022-05-01,2022,Branch,London,35-44,Classic,False,2,True,0,152.18
1221,2022-05-01,2022,Comparison Site,North,25-34,Silver,False,32,False,167,39.79
1222,2022-05-01,2022,Branch,London,18-24,Silver,False,32,False,132,152.18
1223,2022-05-01,2022,Comparison Site,Scotland,35-44,Gold,False,29,True,153,39.79
1224,2022-05-01,2022,Online,South East,18-24,Silver,True,13,True,66,69.94
1225,2022-05-01,2022,Broker/IFA,North,35-44,Gold,False,32,False,113,199.2
1226,2022-05-01,2022,Comparison Site,London,25-34,Silver,True,30,True,108,39.79
1227,2022-05-01,2022,Branch,Midlands,35-44,Silver,False,32,False,132,152.18
1228,2022-05-01,2022,Branch,South East,18-24,Gold,False,32,False,216,152.18
1229,2022-05-01,2022,Branch,Scotland,35-44,Classic,False,20,True,0,152.18
1230,2022-05-01,2022,Comparison Site,London,65+,Silver,False,9,True,33,39.79
1231,2022-05-01,2022,Branch,South East,55-64,Gold,True,32,False,108,152.18
1232,2022-05-01,2022,Online,Wales & NI,18-24,Classic,False,3,True,0,69.94
1233,2022-05-01,2022,Outbound,London,25-34,Gold,False,32,False,216,121.95
1234,2022-05-01,2022,Comparison Site,Wales & NI,35-44,Classic,True,30,True,0,39.79
1235,2022-05-01,2022,Online,North,45-54,Gold,True,17,True,108,69.94
1236,2022-05-01,2022,Broker/IFA,Midlands,65+,Gold,False,9,True,148,199.2
1237,2022-05-01,2022,Online,London,55-64,Silver,False,7,True,77,69.94
1238,2022-05-01,2022,Referral,Wales & NI,25-34,Silver,False,32,False,99,59.74
1239,2022-05-01,2022,Referral,South East,45-54,Platinum,False,32,False,336,59.74
1240,2022-05-01,2022,Comparison Site,Midlands,55-64,Classic,False,8,True,0,39.79
1241,2022-05-01,2022,Referral,Scotland,55-64,Silver,False,32,False,174,59.74
1242,2022-05-01,2022,Comparison Site,Midlands,45-54,Silver,True,21,True,108,39.79
1243,2022-05-01,2022,Online,Wales & NI,35-44,Classic,True,7,True,0,69.94
1244,2022-05-01,2022,Online,London,55-64,Silver,False,25,True,121,69.94
1245,2022-05-01,2022,Branch,Midlands,25-34,Gold,False,32,False,286,152.18
1246,2022-05-01,2022,Broker/IFA,North,45-54,Gold,True,31,True,108,199.2
1247,2022-05-01,2022,Comparison Site,South East,55-64,Classic,True,4,True,0,39.79
1248,2022-05-01,2022,Broker/IFA,London,25-34,Silver,False,22,True,167,199.2
1249,2022-05-01,2022,Online,South East,25-34,Classic,False,7,True,0,69.94
1250,2022-05-01,2022,Online,London,25-34,Gold,True,32,False,108,69.94
1251,2022-05-01,2022,Broker/IFA,North,35-44,Gold,True,32,False,80,199.2
1252,2022-05-01,2022,Online,London,18-24,Silver,False,28,True,174,69.94
1253,2022-05-01,2022,Comparison Site,South East,35-44,Classic,False,1,True,0,39.79
1254,2022-05-01,2022,Online,London,65+,Classic,True,32,False,83,69.94
1255,2022-05-01,2022,Online,Wales & NI,45-54,Silver,True,32,False,22,69.94
1256,2022-05-01,2022,Comparison Site,Scotland,25-34,Gold,True,3,True,0,39.79
1257,2022-05-01,2022,Comparison Site,Midlands,45-54,Classic,True,2,True,0,39.79
1258,2022-05-01,2022,Branch,Scotland,35-44,Platinum,True,17,True,138,152.18
1259,2022-05-01,2022,Outbound,London,18-24,Gold,True,32,False,108,121.95
1260,2022-05-01,2022,Comparison Site,London,35-44,Classic,False,32,False,66,39.79
1261,2022-05-01,2022,Comparison Site,North,55-64,Classic,True,1,True,0,39.79
1262,2022-05-01,2022,Online,Scotland,18-24,Classic,False,3,True,0,69.94
1263,2022-05-01,2022,Referral,North,55-64,Gold,False,32,False,216,59.74
1264,2022-05-01,2022,Outbound,London,35-44,Silver,True,32,False,22,121.95
1265,2022-05-01,2022,Branch,North,45-54,Gold,False,32,False,216,152.18
1266,2022-05-01,2022,Comparison Site,London,25-34,Classic,True,13,True,0,39.79
1267,2022-05-01,2022,Comparison Site,London,25-34,Classic,True,2,True,0,39.79
1268,2022-05-01,2022,Online,South East,25-34,Platinum,True,19,True,168,69.94
1269,2022-05-01,2022,Branch,Midlands,25-34,Silver,False,32,False,188,152.18
1270,2022-05-01,2022,Comparison Site,London,55-64,Silver,True,9,True,33,39.79
1271,2022-05-01,2022,Online,North,25-34,Classic,False,9,True,0,69.94
1272,2022-05-01,2022,Comparison Site,North,45-54,Silver,True,7,True,11,39.79
1273,2022-05-01,2022,Broker/IFA,South East,25-34,Gold,False,32,False,216,199.2
1274,2022-05-01,2022,Broker/IFA,Midlands,45-54,Gold,False,6,True,94,199.2
1275,2022-05-01,2022,Comparison Site,Wales & NI,35-44,Silver,True,1,True,0,39.79
1276,2022-05-01,2022,Online,London,25-34,Gold,False,32,False,286,69.94
1277,2022-05-01,2022,Comparison Site,London,18-24,Silver,True,4,True,0,39.79
1278,2022-05-01,2022,Online,South East,45-54,Silver,False,32,False,209,69.94
1279,2022-05-01,2022,Comparison Site,North,35-44,Silver,True,10,True,44,39.79
1280,2022-05-01,2022,Comparison Site,North,25-34,Silver,True,6,True,0,39.79
1281,2022-05-01,2022,Online,Wales & NI,35-44,Classic,True,8,True,0,69.94
1282,2022-05-01,2022,Online,London,55-64,Classic,False,9,True,77,69.94
1283,2022-05-01,2022,Branch,North,18-24,Gold,False,32,False,216,152.18
1284,2022-05-01,2022,Comparison Site,North,35-44,Classic,True,6,True,0,39.79
1285,2022-05-01,2022,Online,London,25-34,Gold,False,32,False,216,69.94
1286,2022-05-01,2022,Branch,Wales & NI,35-44,Silver,False,18,True,191,152.18
1287,2022-05-01,2022,Referral,North,35-44,Silver,False,32,False,132,59.74
1288,2022-05-01,2022,Branch,Wales & NI,25-34,Platinum,False,32,False,336,152.18
1289,2022-05-01,2022,Comparison Site,London,25-34,Silver,True,3,True,0,39.79
1290,2022-05-01,2022,Branch,South East,35-44,Gold,False,32,False,202,152.18
1291,2022-05-01,2022,Online,Scotland,35-44,Classic,True,7,True,0,69.94
1292,2022-05-01,2022,Outbound,Scotland,25-34,Gold,False,32,False,216,121.95
1293,2022-05-01,2022,Outbound,Wales & NI,55-64,Silver,False,5,True,62,121.95
1294,2022-05-01,2022,Outbound,North,65+,Gold,True,32,False,108,121.95
1295,2022-05-01,2022,Branch,London,35-44,Gold,False,12,True,216,152.18
1296,2022-05-01,2022,Comparison Site,London,25-34,Gold,False,16,True,128,39.79
1297,2022-05-01,2022,Referral,London,35-44,Platinum,False,32,False,306,59.74
1298,2022-05-01,2022,Broker/IFA,London,35-44,Gold,False,7,True,126,199.2
1299,2022-05-01,2022,Comparison Site,Wales & NI,45-54,Classic,True,1,True,0,39.79
1300,2022-05-01,2022,Outbound,London,35-44,Silver,False,5,True,55,121.95
1301,2022-05-01,2022,Branch,Midlands,65+,Silver,False,32,False,153,152.18
1302,2022-05-01,2022,Referral,South East,18-24,Platinum,False,32,False,306,59.74
1303,2022-05-01,2022,Outbound,South East,18-24,Classic,False,32,False,0,121.95
1304,2022-05-01,2022,Comparison Site,South East,25-34,Classic,False,1,True,0,39.79
1305,2022-05-01,2022,Comparison Site,North,45-54,Silver,False,32,False,132,39.79
1306,2022-05-01,2022,Comparison Site,South East,35-44,Silver,False,32,False,202,39.79
1307,2022-05-01,2022,Referral,South East,35-44,Platinum,False,32,False,316,59.74
1308,2022-05-01,2022,Branch,North,55-64,Silver,False,31,True,132,152.18
1309,2022-05-01,2022,Branch,North,25-34,Gold,False,23,True,216,152.18
1310,2022-05-01,2022,Branch,London,55-64,Classic,True,21,True,0,152.18
1311,2022-05-01,2022,Online,South East,25-34,Silver,False,22,True,132,69.94
1312,2022-05-01,2022,Comparison Site,North,25-34,Classic,True,7,True,0,39.79
1313,2022-05-01,2022,Outbound,London,25-34,Classic,False,3,True,0,121.95
1314,2022-05-01,2022,Outbound,North,35-44,Classic,False,9,True,0,121.95
1315,2022-05-01,2022,Online,Wales & NI,45-54,Silver,False,3,True,33,69.94
1316,2022-05-01,2022,Outbound,Midlands,35-44,Classic,True,2,True,0,121.95
1317,2022-05-01,2022,Referral,South East,25-34,Gold,False,32,False,216,59.74
1318,2022-05-01,2022,Outbound,London,25-34,Gold,False,4,True,92,121.95
1319,2022-05-01,2022,Online,London,35-44,Classic,False,30,True,99,69.94
1320,2022-05-01,2022,Branch,Midlands,25-34,Silver,False,1,True,11,152.18
1321,2022-05-01,2022,Branch,Scotland,55-64,Gold,False,32,False,236,152.18
1322,2022-05-01,2022,Comparison Site,London,25-34,Classic,False,31,True,0,39.79
1323,2022-05-01,2022,Comparison Site,North,35-44,Classic,True,8,True,0,39.79
1324,2022-05-01,2022,Referral,South East,65+,Classic,False,6,True,0,59.74
1325,2022-05-01,2022,Branch,North,18-24,Gold,False,3,True,54,152.18
1326,2022-05-01,2022,Comparison Site,North,18-24,Silver,True,28,True,66,39.79
1327,2022-05-01,2022,Branch,Scotland,18-24,Classic,False,32,False,44,152.18
1328,2022-05-01,2022,Comparison Site,London,55-64,Classic,True,5,True,0,39.79
1329,2022-05-01,2022,Comparison Site,London,45-54,Classic,True,32,False,47,39.79
1330,2022-05-01,2022,Branch,Midlands,18-24,Silver,False,32,False,132,152.18
1331,2022-05-01,2022,Online,Midlands,55-64,Platinum,False,32,False,336,69.94
1332,2022-05-01,2022,Outbound,London,35-44,Silver,False,23,True,132,121.95
1333,2022-05-01,2022,Branch,London,35-44,Gold,False,32,False,236,152.18
1334,2022-05-01,2022,Branch,South East,45-54,Gold,True,32,False,80,152.18
1335,2022-05-01,2022,Online,London,45-54,Classic,True,1,True,0,69.94
1336,2022-05-01,2022,Referral,Midlands,25-34,Classic,False,32,False,80,59.74
1337,2022-05-01,2022,Referral,London,35-44,Platinum,False,32,False,226,59.74
1338,2022-05-01,2022,Referral,South East,35-44,Gold,False,7,True,126,59.74
1339,2022-05-01,2022,Online,Midlands,55-64,Classic,True,10,True,44,69.94
1340,2022-05-01,2022,Comparison Site,London,65+,Silver,False,7,True,55,39.79
1341,2022-05-01,2022,Comparison Site,Midlands,35-44,Silver,False,19,True,88,39.79
1342,2022-05-01,2022,Comparison Site,South East,35-44,Classic,False,1,True,0,39.79
1343,2022-05-01,2022,Referral,Midlands,35-44,Gold,False,32,False,216,59.74
1344,2022-05-01,2022,Online,North,25-34,Classic,False,32,False,0,69.94
1345,2022-05-01,2022,Online,South East,45-54,Gold,False,32,False,216,69.94
1346,2022-05-01,2022,Online,North,35-44,Classic,False,2,True,0,69.94
1347,2022-05-01,2022,Comparison Site,Midlands,35-44,Classic,False,7,True,0,39.79
1348,2022-05-01,2022,Comparison Site,London,25-34,Classic,True,5,True,0,39.79
1349,2022-05-01,2022,Online,North,35-44,Classic,False,19,True,0,69.94
1350,2022-05-01,2022,Outbound,South East,45-54,Gold,False,4,True,72,121.95
1351,2022-05-01,2022,Online,South East,35-44,Silver,False,32,False,132,69.94
1352,2022-05-01,2022,Online,London,65+,Classic,False,1,True,0,69.94
1353,2022-05-01,2022,Outbound,Midlands,18-24,Silver,False,21,True,88,121.95
1354,2022-05-01,2022,Comparison Site,Midlands,25-34,Silver,True,32,False,66,39.79
1355,2022-05-01,2022,Comparison Site,London,35-44,Classic,True,14,True,0,39.79
1356,2022-05-01,2022,Comparison Site,Scotland,35-44,Silver,True,32,False,66,39.79
1357,2022-05-01,2022,Comparison Site,Scotland,35-44,Gold,True,32,False,108,39.79
1358,2022-05-01,2022,Branch,Midlands,45-54,Silver,False,19,True,132,152.18
1359,2022-05-01,2022,Online,Midlands,25-34,Gold,True,32,False,168,69.94
1360,2022-05-01,2022,Branch,London,55-64,Silver,False,32,False,132,152.18
1361,2022-05-01,2022,Comparison Site,North,55-64,Silver,True,2,True,0,39.79
1362,2022-05-01,2022,Comparison Site,Midlands,18-24,Classic,False,19,True,0,39.79
1363,2022-05-01,2022,Outbound,Midlands,55-64,Classic,True,11,True,55,121.95
1364,2022-05-01,2022,Online,North,55-64,Silver,False,31,True,132,69.94
1365,2022-05-01,2022,Online,Wales & NI,45-54,Silver,False,32,False,174,69.94
1366,2022-05-01,2022,Online,South East,35-44,Silver,False,17,True,132,69.94
1367,2022-05-01,2022,Online,South East,65+,Platinum,True,6,True,0,69.94
1368,2022-05-01,2022,Comparison Site,Midlands,55-64,Gold,False,1,True,18,39.79
1369,2022-05-01,2022,Comparison Site,London,35-44,Silver,False,28,True,132,39.79
1370,2022-05-01,2022,Comparison Site,North,25-34,Gold,False,32,False,286,39.79
1371,2022-05-01,2022,Comparison Site,Scotland,18-24,Gold,True,7,True,18,39.79
1372,2022-05-01,2022,Branch,North,25-34,Platinum,False,24,True,286,152.18
1373,2022-05-01,2022,Comparison Site,Midlands,35-44,Classic,True,2,True,0,39.79
1374,2022-05-01,2022,Outbound,North,35-44,Silver,True,7,True,11,121.95
1375,2022-05-01,2022,Comparison Site,North,25-34,Classic,True,1,True,0,39.79
1376,2022-05-01,2022,Online,Midlands,45-54,Silver,False,21,True,132,69.94
1377,2022-05-01,2022,Online,South East,35-44,Gold,False,28,True,216,69.94
1378,2022-05-01,2022,Online,Midlands,25-34,Classic,False,17,True,22,69.94
1379,2022-05-01,2022,Outbound,South East,55-64,Classic,False,16,True,0,121.95
1380,2022-05-01,2022,Online,North,25-34,Silver,False,13,True,77,69.94
1381,2022-05-01,2022,Comparison Site,North,18-24,Classic,True,1,True,0,39.79
1382,2022-05-01,2022,Outbound,Wales & NI,35-44,Silver,False,32,False,132,121.95
1383,2022-05-01,2022,Online,North,55-64,Silver,True,32,False,118,69.94
1384,2022-05-01,2022,Online,South East,45-54,Classic,False,1,True,0,69.94
1385,2022-05-01,2022,Online,North,55-64,Platinum,True,32,False,168,69.94
1386,2022-05-01,2022,Branch,North,35-44,Classic,False,9,True,0,152.18
1387,2022-05-01,2022,Online,London,35-44,Gold,False,18,True,236,69.94
1388,2022-05-01,2022,Referral,London,18-24,Gold,False,19,True,216,59.74
1389,2022-05-01,2022,Comparison Site,South East,25-34,Silver,True,3,True,0,39.79
1390,2022-05-01,2022,Comparison Site,London,45-54,Classic,True,32,False,66,39.79
1391,2022-05-01,2022,Branch,Scotland,35-44,Silver,False,32,False,132,152.18
1392,2022-05-01,2022,Branch,Wales & NI,18-24,Platinum,False,1,True,28,152.18
1393,2022-05-01,2022,Comparison Site,Midlands,25-34,Classic,True,10,True,0,39.79
1394,2022-05-01,2022,Comparison Site,North,35-44,Classic,False,32,False,77,39.79
1395,2022-05-01,2022,Broker/IFA,South East,65+,Platinum,False,32,False,211,199.2
1396,2022-05-01,2022,Online,North,45-54,Silver,False,7,True,77,69.94
1397,2022-05-01,2022,Comparison Site,North,35-44,Gold,False,32,False,216,39.79
1398,2022-05-01,2022,Comparison Site,Midlands,55-64,Silver,True,7,True,11,39.79
1399,2022-05-01,2022,Outbound,North,25-34,Classic,False,25,True,0,121.95
1400,2022-05-01,2022,Outbound,London,35-44,Classic,False,14,True,0,121.95
1401,2022-05-01,2022,Comparison Site,London,25-34,Classic,True,10,True,0,39.79
1402,2022-05-01,2022,Comparison Site,Wales & NI,25-34,Classic,True,1,True,0,39.79
1403,2022-05-01,2022,Online,Midlands,45-54,Silver,False,2,True,22,69.94
1404,2022-05-01,2022,Comparison Site,North,35-44,Silver,True,32,False,108,39.79
1405,2022-05-01,2022,Online,London,18-24,Silver,False,32,False,173,69.94
1406,2022-05-01,2022,Outbound,Midlands,35-44,Classic,True,9,True,0,121.95
1407,2022-05-01,2022,Comparison Site,North,18-24,Classic,True,3,True,0,39.79
1408,2022-05-01,2022,Online,North,25-34,Classic,False,22,True,0,69.94
1409,2022-05-01,2022,Broker/IFA,London,25-34,Gold,False,32,False,256,199.2
1410,2022-05-01,2022,Broker/IFA,London,35-44,Gold,False,27,True,216,199.2
1411,2022-05-01,2022,Comparison Site,South East,25-34,Silver,True,29,True,66,39.79
1412,2022-05-01,2022,Comparison Site,North,45-54,Silver,True,3,True,0,39.79
1413,2022-05-01,2022,Broker/IFA,London,55-64,Gold,False,23,True,256,199.2
1414,2022-05-01,2022,Online,North,25-34,Classic,True,32,False,33,69.94
1415,2022-05-01,2022,Referral,Wales & NI,55-64,Silver,False,2,True,22,59.74
1416,2022-05-01,2022,Comparison Site,South East,35-44,Gold,True,32,False,108,39.79
1417,2022-05-01,2022,Online,North,25-34,Silver,False,20,True,132,69.94
1418,2022-05-01,2022,Referral,Scotland,35-44,Gold,False,32,False,246,59.74
1419,2022-05-01,2022,Comparison Site,Wales & NI,18-24,Classic,True,7,True,0,39.79
1420,2022-05-01,2022,Branch,North,45-54,Silver,False,32,False,160,152.18
1421,2022-05-01,2022,Comparison Site,Midlands,65+,Classic,True,30,True,0,39.79
1422,2022-05-01,2022,Referral,Wales & NI,35-44,Gold,False,32,False,167,59.74
1423,2022-05-01,2022,Comparison Site,South East,25-34,Gold,True,32,False,108,39.79
1424,2022-05-01,2022,Branch,London,45-54,Gold,False,32,False,216,152.18
1425,2022-05-01,2022,Comparison Site,North,25-34,Silver,True,32,False,108,39.79
1426,2022-05-01,2022,Comparison Site,North,65+,Classic,True,2,True,0,39.79
1427,2022-05-01,2022,Outbound,Midlands,55-64,Silver,False,32,False,160,121.95
1428,2022-05-01,2022,Comparison Site,Midlands,35-44,Classic,False,8,True,0,39.79
1429,2022-05-01,2022,Branch,North,18-24,Platinum,True,32,False,168,152.18
1430,2022-05-01,2022,Branch,London,45-54,Classic,False,32,False,159,152.18
1431,2022-05-01,2022,Online,London,45-54,Classic,False,32,False,47,69.94
1432,2022-05-01,2022,Outbound,London,35-44,Silver,True,2,True,0,121.95
1433,2022-05-01,2022,Outbound,South East,55-64,Silver,False,31,True,132,121.95
1434,2022-05-01,2022,Comparison Site,Scotland,18-24,Classic,False,32,False,0,39.79
1435,2022-05-01,2022,Online,North,18-24,Platinum,False,32,False,306,69.94
1436,2022-05-01,2022,Branch,Midlands,18-24,Platinum,False,32,False,336,152.18
1437,2022-05-01,2022,Branch,Scotland,35-44,Gold,False,18,True,216,152.18
1438,2022-05-01,2022,Online,Scotland,35-44,Classic,False,1,True,0,69.94
1439,2022-05-01,2022,Online,North,45-54,Gold,True,32,False,108,69.94
1440,2022-05-01,2022,Online,London,45-54,Classic,False,1,True,0,69.94
1441,2022-05-01,2022,Referral,London,45-54,Platinum,True,32,False,168,59.74
1442,2022-05-01,2022,Online,Wales & NI,35-44,Classic,False,9,True,66,69.94
1443,2022-05-01,2022,Branch,London,35-44,Gold,False,32,False,296,152.18
1444,2022-05-01,2022,Comparison Site,North,25-34,Classic,True,10,True,0,39.79
1445,2022-05-01,2022,Online,Scotland,35-44,Gold,False,14,True,216,69.94
1446,2022-05-01,2022,Comparison Site,London,45-54,Silver,True,16,True,66,39.79
1447,2022-05-01,2022,Comparison Site,South East,55-64,Classic,True,6,True,0,39.79
1448,2022-05-01,2022,Comparison Site,North,25-34,Classic,True,32,False,0,39.79
1449,2022-05-01,2022,Referral,North,25-34,Silver,True,20,True,66,59.74
1450,2022-05-01,2022,Outbound,London,65+,Classic,True,10,True,0,121.95
1451,2022-05-01,2022,Online,London,25-34,Classic,False,32,False,0,69.94
1452,2022-05-01,2022,Online,South East,55-64,Silver,True,32,False,66,69.94
1453,2022-05-01,2022,Broker/IFA,Midlands,45-54,Platinum,False,32,False,336,199.2
1454,2022-05-01,2022,Comparison Site,London,18-24,Classic,False,7,True,0,39.79
1455,2022-05-01,2022,Comparison Site,Midlands,25-34,Classic,False,24,True,0,39.79
1456,2022-05-01,2022,Referral,South East,35-44,Silver,False,32,False,132,59.74
1457,2022-05-01,2022,Comparison Site,South East,25-34,Classic,True,5,True,0,39.79
1458,2022-05-01,2022,Online,South East,45-54,Gold,True,16,True,108,69.94
1459,2022-05-01,2022,Outbound,London,18-24,Gold,False,11,True,198,121.95
1460,2022-05-01,2022,Comparison Site,Midlands,25-34,Silver,True,6,True,0,39.79
1461,2022-05-01,2022,Online,South East,55-64,Classic,False,3,True,0,69.94
1462,2022-05-01,2022,Referral,Midlands,45-54,Platinum,False,32,False,276,59.74
1463,2022-05-01,2022,Referral,Scotland,25-34,Gold,False,32,False,216,59.74
1464,2022-05-01,2022,Referral,London,35-44,Silver,False,16,True,84,59.74
1465,2022-05-01,2022,Comparison Site,North,45-54,Silver,True,1,True,0,39.79
1466,2022-05-01,2022,Broker/IFA,North,18-24,Silver,False,1,True,11,199.2
1467,2022-05-01,2022,Online,Scotland,25-34,Silver,False,13,True,132,69.94
1468,2022-05-01,2022,Comparison Site,Midlands,35-44,Gold,False,32,False,216,39.79
1469,2022-05-01,2022,Online,London,35-44,Silver,True,32,False,66,69.94
1470,2022-05-01,2022,Outbound,Midlands,45-54,Silver,True,8,True,36,121.95
1471,2022-05-01,2022,Comparison Site,Wales & NI,35-44,Platinum,False,32,False,336,39.79
1472,2022-05-01,2022,Broker/IFA,London,25-34,Platinum,False,32,False,336,199.2
1473,2022-05-01,2022,Branch,North,35-44,Silver,False,1,True,11,152.18
1474,2022-06-01,2022,Branch,London,35-44,Gold,False,20,True,216,152.18
1475,2022-06-01,2022,Comparison Site,South East,35-44,Classic,False,31,False,0,39.79
1476,2022-06-01,2022,Online,Scotland,35-44,Silver,False,18,True,132,69.94
1477,2022-06-01,2022,Comparison Site,London,25-34,Silver,True,31,False,66,39.79
1478,2022-06-01,2022,Comparison Site,London,18-24,Gold,True,28,True,108,39.79
1479,2022-06-01,2022,Outbound,London,25-34,Silver,False,31,False,167,121.95
1480,2022-06-01,2022,Comparison Site,North,18-24,Platinum,True,7,True,28,39.79
1481,2022-06-01,2022,Referral,North,25-34,Silver,False,31,False,181,59.74
1482,2022-06-01,2022,Online,London,45-54,Classic,False,1,True,0,69.94
1483,2022-06-01,2022,Comparison Site,London,25-34,Classic,True,1,True,0,39.79
1484,2022-06-01,2022,Broker/IFA,South East,25-34,Platinum,False,31,False,246,199.2
1485,2022-06-01,2022,Referral,South East,25-34,Gold,False,31,False,216,59.74
1486,2022-06-01,2022,Comparison Site,South East,25-34,Silver,False,4,True,22,39.79
1487,2022-06-01,2022,Referral,North,65+,Silver,False,1,True,11,59.74
1488,2022-06-01,2022,Branch,Midlands,45-54,Platinum,False,31,False,226,152.18
1489,2022-06-01,2022,Referral,Scotland,25-34,Gold,False,31,False,216,59.74
1490,2022-06-01,2022,Online,South East,25-34,Gold,True,5,True,0,69.94
1491,2022-06-01,2022,Online,Midlands,35-44,Silver,False,31,False,132,69.94
1492,2022-06-01,2022,Comparison Site,Scotland,25-34,Silver,True,24,True,66,39.79
1493,2022-06-01,2022,Online,Wales & NI,18-24,Silver,True,10,True,44,69.94
1494,2022-06-01,2022,Comparison Site,Midlands,35-44,Classic,True,1,True,0,39.79
1495,2022-06-01,2022,Comparison Site,North,25-34,Silver,True,6,True,0,39.79
1496,2022-06-01,2022,Branch,Midlands,25-34,Silver,True,6,True,0,152.18
1497,2022-06-01,2022,Online,Midlands,55-64,Classic,True,4,True,0,69.94
1498,2022-06-01,2022,Online,Midlands,25-34,Gold,False,31,False,216,69.94
1499,2022-06-01,2022,Online,London,45-54,Classic,True,29,True,0,69.94
1500,2022-06-01,2022,Online,Scotland,25-34,Silver,False,31,False,11,69.94
1501,2022-06-01,2022,Online,South East,35-44,Silver,True,19,True,0,69.94
1502,2022-06-01,2022,Branch,North,35-44,Silver,True,31,False,87,152.18
1503,2022-06-01,2022,Comparison Site,London,25-34,Classic,True,31,False,22,39.79
1504,2022-06-01,2022,Comparison Site,London,65+,Classic,True,8,True,0,39.79
1505,2022-06-01,2022,Comparison Site,South East,35-44,Classic,True,12,True,0,39.79
1506,2022-06-01,2022,Outbound,Wales & NI,55-64,Classic,True,28,True,33,121.95
1507,2022-06-01,2022,Comparison Site,South East,35-44,Classic,False,5,True,33,39.79
1508,2022-06-01,2022,Outbound,South East,18-24,Classic,False,31,False,55,121.95
1509,2022-06-01,2022,Online,London,65+,Classic,False,31,False,112,69.94
1510,2022-06-01,2022,Online,London,35-44,Classic,False,31,False,88,69.94
1511,2022-06-01,2022,Online,London,25-34,Classic,False,2,True,0,69.94
1512,2022-06-01,2022,Comparison Site,North,25-34,Silver,True,25,True,66,39.79
1513,2022-06-01,2022,Broker/IFA,Midlands,18-24,Gold,False,31,False,266,199.2
1514,2022-06-01,2022,Comparison Site,South East,45-54,Classic,True,7,True,0,39.79
1515,2022-06-01,2022,Outbound,North,25-34,Silver,False,31,False,121,121.95
1516,2022-06-01,2022,Online,South East,45-54,Silver,False,31,False,174,69.94
1517,2022-06-01,2022,Broker/IFA,North,25-34,Gold,False,31,False,174,199.2
1518,2022-06-01,2022,Comparison Site,Scotland,25-34,Silver,True,6,True,0,39.79
1519,2022-06-01,2022,Branch,London,55-64,Gold,False,31,False,216,152.18
1520,2022-06-01,2022,Online,Scotland,25-34,Platinum,True,31,False,168,69.94
1521,2022-06-01,2022,Online,North,55-64,Classic,True,21,True,0,69.94
1522,2022-06-01,2022,Comparison Site,Midlands,55-64,Classic,True,5,True,0,39.79
1523,2022-06-01,2022,Online,Scotland,55-64,Classic,False,4,True,0,69.94
1524,2022-06-01,2022,Online,Scotland,45-54,Silver,False,31,False,160,69.94
1525,2022-06-01,2022,Outbound,London,25-34,Gold,True,31,False,108,121.95
1526,2022-06-01,2022,Online,Midlands,55-64,Silver,True,31,False,101,69.94
1527,2022-06-01,2022,Online,North,18-24,Gold,False,4,True,72,69.94
1528,2022-06-01,2022,Broker/IFA,North,25-34,Classic,False,10,True,99,199.2
1529,2022-06-01,2022,Outbound,London,55-64,Classic,True,7,True,11,121.95
1530,2022-06-01,2022,Broker/IFA,Scotland,55-64,Silver,False,23,True,132,199.2
1531,2022-06-01,2022,Outbound,Wales & NI,18-24,Classic,True,27,True,0,121.95
1532,2022-06-01,2022,Referral,North,18-24,Silver,False,31,False,195,59.74
1533,2022-06-01,2022,Comparison Site,London,35-44,Classic,False,31,False,0,39.79
1534,2022-06-01,2022,Comparison Site,London,18-24,Silver,True,31,False,66,39.79
1535,2022-06-01,2022,Outbound,London,25-34,Silver,True,2,True,0,121.95
1536,2022-06-01,2022,Online,London,55-64,Classic,True,13,True,0,69.94
1537,2022-06-01,2022,Online,London,35-44,Silver,False,31,False,139,69.94
1538,2022-06-01,2022,Comparison Site,North,45-54,Classic,True,25,True,0,39.79
1539,2022-06-01,2022,Referral,South East,45-54,Gold,False,31,False,216,59.74
1540,2022-06-01,2022,Online,London,25-34,Platinum,False,23,True,326,69.94
1541,2022-06-01,2022,Comparison Site,South East,25-34,Classic,True,31,False,101,39.79
1542,2022-06-01,2022,Branch,Midlands,35-44,Platinum,True,14,True,168,152.18
1543,2022-06-01,2022,Comparison Site,North,45-54,Gold,True,31,False,108,39.79
1544,2022-06-01,2022,Online,London,55-64,Gold,True,7,True,18,69.94
1545,2022-06-01,2022,Comparison Site,Wales & NI,45-54,Gold,True,23,True,108,39.79
1546,2022-06-01,2022,Outbound,London,35-44,Classic,True,3,True,0,121.95
1547,2022-06-01,2022,Referral,North,45-54,Silver,True,31,False,66,59.74
1548,2022-06-01,2022,Online,Wales & NI,55-64,Silver,True,8,True,22,69.94
1549,2022-06-01,2022,Online,North,35-44,Classic,False,2,True,0,69.94
1550,2022-06-01,2022,Comparison Site,South East,25-34,Silver,True,31,False,44,39.79
1551,2022-06-01,2022,Branch,South East,35-44,Platinum,False,31,False,236,152.18
1552,2022-06-01,2022,Branch,South East,18-24,Platinum,False,31,False,226,152.18
1553,2022-06-01,2022,Branch,London,65+,Gold,False,12,True,216,152.18
1554,2022-06-01,2022,Branch,Midlands,55-64,Gold,False,31,False,174,152.18
1555,2022-06-01,2022,Broker/IFA,London,45-54,Silver,False,1,True,11,199.2
1556,2022-06-01,2022,Online,Scotland,45-54,Silver,False,15,True,132,69.94
1557,2022-06-01,2022,Branch,Scotland,45-54,Silver,False,8,True,33,152.18
1558,2022-06-01,2022,Broker/IFA,London,25-34,Platinum,False,10,True,280,199.2
1559,2022-06-01,2022,Online,Midlands,35-44,Silver,False,31,False,202,69.94
1560,2022-06-01,2022,Online,London,45-54,Gold,False,20,True,216,69.94
1561,2022-06-01,2022,Comparison Site,South East,25-34,Silver,False,9,True,55,39.79
1562,2022-06-01,2022,Referral,Midlands,25-34,Gold,False,31,False,216,59.74
1563,2022-06-01,2022,Branch,Midlands,65+,Silver,False,31,False,132,152.18
1564,2022-06-01,2022,Referral,Midlands,35-44,Gold,False,2,True,36,59.74
1565,2022-06-01,2022,Comparison Site,Midlands,35-44,Gold,True,31,False,108,39.79
1566,2022-06-01,2022,Online,South East,45-54,Gold,False,31,False,216,69.94
1567,2022-06-01,2022,Outbound,South East,55-64,Gold,False,11,True,198,121.95
1568,2022-06-01,2022,Comparison Site,Midlands,45-54,Classic,True,31,False,66,39.79
1569,2022-06-01,2022,Comparison Site,Scotland,25-34,Classic,True,6,True,0,39.79
1570,2022-06-01,2022,Online,London,35-44,Gold,False,16,True,216,69.94
1571,2022-06-01,2022,Online,London,45-54,Gold,False,31,False,306,69.94
1572,2022-06-01,2022,Outbound,South East,35-44,Gold,True,7,True,18,121.95
1573,2022-06-01,2022,Referral,North,55-64,Silver,False,5,True,55,59.74
1574,2022-06-01,2022,Comparison Site,South East,45-54,Silver,True,10,True,44,39.79
1575,2022-06-01,2022,Comparison Site,Midlands,25-34,Classic,True,14,True,0,39.79
1576,2022-06-01,2022,Branch,Midlands,65+,Silver,True,28,True,94,152.18
1577,2022-06-01,2022,Referral,London,35-44,Platinum,False,6,True,168,59.74
1578,2022-06-01,2022,Referral,Wales & NI,35-44,Silver,False,31,False,132,59.74
1579,2022-06-01,2022,Branch,Wales & NI,45-54,Gold,False,23,True,216,152.18
1580,2022-06-01,2022,Online,London,18-24,Silver,False,23,True,132,69.94
1581,2022-06-01,2022,Online,South East,45-54,Gold,True,15,True,44,69.94
1582,2022-06-01,2022,Branch,Scotland,18-24,Gold,True,31,False,108,152.18
1583,2022-06-01,2022,Comparison Site,Wales & NI,35-44,Silver,True,31,False,33,39.79
1584,2022-06-01,2022,Comparison Site,Wales & NI,35-44,Classic,False,20,True,0,39.79
1585,2022-06-01,2022,Branch,London,25-34,Silver,False,31,False,132,152.18
1586,2022-06-01,2022,Comparison Site,London,45-54,Silver,False,1,True,11,39.79
1587,2022-06-01,2022,Comparison Site,North,18-24,Silver,True,18,True,66,39.79
1588,2022-06-01,2022,Online,North,45-54,Silver,False,7,True,84,69.94
1589,2022-06-01,2022,Branch,Midlands,45-54,Platinum,False,5,True,100,152.18
1590,2022-06-01,2022,Branch,London,25-34,Platinum,False,31,False,336,152.18
1591,2022-06-01,2022,Online,North,45-54,Gold,False,18,True,195,69.94
1592,2022-06-01,2022,Broker/IFA,North,25-34,Gold,False,31,False,326,199.2
1593,2022-06-01,2022,Broker/IFA,London,35-44,Silver,True,31,False,66,199.2
1594,2022-06-01,2022,Branch,London,25-34,Gold,False,8,True,144,152.18
1595,2022-06-01,2022,Online,Midlands,25-34,Classic,False,31,False,0,69.94
1596,2022-06-01,2022,Broker/IFA,North,18-24,Silver,False,7,True,77,199.2
1597,2022-06-01,2022,Referral,North,55-64,Gold,False,24,True,216,59.74
1598,2022-06-01,2022,Branch,London,18-24,Silver,True,15,True,94,152.18
1599,2022-06-01,2022,Online,London,35-44,Silver,False,31,False,132,69.94
1600,2022-06-01,2022,Referral,Scotland,45-54,Silver,False,31,False,132,59.74
1601,2022-06-01,2022,Online,North,35-44,Gold,True,24,True,108,69.94
1602,2022-06-01,2022,Comparison Site,South East,18-24,Classic,False,6,True,0,39.79
1603,2022-06-01,2022,Outbound,London,45-54,Silver,True,31,False,66,121.95
1604,2022-06-01,2022,Comparison Site,South East,18-24,Classic,True,31,False,0,39.79
1605,2022-06-01,2022,Referral,Scotland,55-64,Silver,True,23,True,66,59.74
1606,2022-06-01,2022,Referral,Midlands,35-44,Platinum,True,2,True,0,59.74
1607,2022-06-01,2022,Online,South East,25-34,Silver,False,31,False,132,69.94
1608,2022-06-01,2022,Referral,North,25-34,Gold,False,31,False,216,59.74
1609,2022-06-01,2022,Referral,Midlands,35-44,Gold,False,22,True,236,59.74
1610,2022-06-01,2022,Outbound,Midlands,55-64,Gold,False,31,False,316,121.95
1611,2022-06-01,2022,Online,North,35-44,Gold,False,31,False,216,69.94
1612,2022-06-01,2022,Referral,London,45-54,Platinum,False,31,False,336,59.74
1613,2022-06-01,2022,Branch,Midlands,35-44,Platinum,False,11,True,308,152.18
1614,2022-06-01,2022,Online,London,65+,Silver,False,1,True,11,69.94
1615,2022-06-01,2022,Online,London,45-54,Silver,False,31,False,132,69.94
1616,2022-06-01,2022,Outbound,London,18-24,Silver,True,22,True,66,121.95
1617,2022-06-01,2022,Branch,London,25-34,Gold,False,10,True,180,152.18
1618,2022-06-01,2022,Online,South East,25-34,Silver,False,31,False,132,69.94
1619,2022-06-01,2022,Referral,South East,18-24,Silver,True,2,True,0,59.74
1620,2022-06-01,2022,Comparison Site,North,18-24,Gold,True,4,True,0,39.79
1621,2022-06-01,2022,Branch,South East,18-24,Silver,False,31,False,174,152.18
1622,2022-06-01,2022,Branch,North,25-34,Gold,False,5,True,90,152.18
1623,2022-06-01,2022,Comparison Site,Midlands,35-44,Classic,True,15,True,33,39.79
1624,2022-06-01,2022,Branch,Wales & NI,55-64,Platinum,True,31,False,168,152.18
1625,2022-06-01,2022,Comparison Site,Wales & NI,18-24,Classic,True,24,True,11,39.79
1626,2022-06-01,2022,Broker/IFA,Midlands,35-44,Platinum,False,22,True,286,199.2
1627,2022-06-01,2022,Outbound,Scotland,65+,Silver,False,1,True,11,121.95
1628,2022-06-01,2022,Referral,Midlands,18-24,Gold,False,31,False,216,59.74
1629,2022-06-01,2022,Online,Scotland,45-54,Silver,True,31,False,66,69.94
1630,2022-06-01,2022,Outbound,Scotland,55-64,Gold,True,31,False,108,121.95
1631,2022-06-01,2022,Online,London,18-24,Classic,False,7,True,0,69.94
1632,2022-06-01,2022,Referral,Wales & NI,55-64,Platinum,False,31,False,336,59.74
1633,2022-06-01,2022,Comparison Site,South East,65+,Silver,False,11,True,121,39.79
1634,2022-06-01,2022,Referral,Wales & NI,35-44,Silver,True,31,False,55,59.74
1635,2022-06-01,2022,Comparison Site,South East,35-44,Classic,True,2,True,0,39.79
1636,2022-06-01,2022,Comparison Site,North,18-24,Silver,True,11,True,44,39.79
1637,2022-06-01,2022,Comparison Site,North,35-44,Silver,False,28,True,132,39.79
1638,2022-06-01,2022,Comparison Site,North,25-34,Silver,True,12,True,66,39.79
1639,2022-06-01,2022,Comparison Site,London,45-54,Silver,True,13,True,66,39.79
1640,2022-06-01,2022,Branch,London,45-54,Silver,False,2,True,11,152.18
1641,2022-06-01,2022,Comparison Site,South East,18-24,Gold,True,31,False,66,39.79
1642,2022-06-01,2022,Comparison Site,London,25-34,Silver,False,15,True,132,39.79
1643,2022-06-01,2022,Branch,Midlands,18-24,Silver,False,31,False,188,152.18
1644,2022-06-01,2022,Comparison Site,South East,35-44,Gold,True,12,True,108,39.79
1645,2022-06-01,2022,Comparison Site,London,55-64,Classic,True,7,True,0,39.79
1646,2022-06-01,2022,Referral,South East,35-44,Gold,False,31,False,216,59.74
1647,2022-06-01,2022,Online,London,35-44,Platinum,False,31,False,306,69.94
1648,2022-06-01,2022,Outbound,London,25-34,Gold,False,21,True,256,121.95
1649,2022-06-01,2022,Referral,Midlands,25-34,Gold,True,31,False,108,59.74
1650,2022-06-01,2022,Outbound,North,25-34,Classic,False,31,False,55,121.95
1651,2022-06-01,2022,Online,North,35-44,Silver,True,31,False,66,69.94
1652,2022-06-01,2022,Branch,London,35-44,Silver,False,31,False,174,152.18
1653,2022-06-01,2022,Comparison Site,London,25-34,Classic,False,31,False,0,39.79
1654,2022-06-01,2022,Online,Midlands,18-24,Classic,False,9,True,55,69.94
1655,2022-06-01,2022,Online,London,65+,Classic,True,31,False,0,69.94
1656,2022-06-01,2022,Broker/IFA,Midlands,35-44,Silver,False,6,True,87,199.2
1657,2022-06-01,2022,Referral,Scotland,18-24,Platinum,False,31,False,336,59.74
1658,2022-06-01,2022,Online,Scotland,35-44,Silver,True,18,True,66,69.94
1659,2022-06-01,2022,Referral,London,35-44,Classic,False,6,True,0,59.74
1660,2022-06-01,2022,Outbound,London,35-44,Silver,False,31,False,132,121.95
1661,2022-06-01,2022,Online,North,35-44,Classic,True,31,False,0,69.94
1662,2022-06-01,2022,Branch,Midlands,25-34,Classic,False,31,False,0,152.18
1663,2022-06-01,2022,Comparison Site,London,65+,Classic,True,15,True,0,39.79
1664,2022-06-01,2022,Referral,Midlands,25-34,Platinum,True,31,False,168,59.74
1665,2022-06-01,2022,Online,Midlands,25-34,Platinum,False,18,True,336,69.94
1666,2022-06-01,2022,Branch,South East,25-34,Gold,False,31,False,216,152.18
1667,2022-06-01,2022,Comparison Site,South East,65+,Classic,True,5,True,0,39.79
1668,2022-06-01,2022,Branch,North,35-44,Gold,False,31,False,216,152.18
1669,2022-06-01,2022,Online,South East,18-24,Classic,False,1,True,0,69.94
1670,2022-06-01,2022,Branch,South East,65+,Gold,False,12,True,216,152.18
1671,2022-06-01,2022,Referral,London,25-34,Gold,False,23,True,195,59.74
1672,2022-06-01,2022,Referral,London,35-44,Classic,False,2,True,0,59.74
1673,2022-06-01,2022,Comparison Site,Midlands,45-54,Classic,True,4,True,0,39.79
1674,2022-06-01,2022,Branch,Midlands,35-44,Classic,False,16,True,0,152.18
1675,2022-06-01,2022,Referral,London,18-24,Classic,True,25,True,73,59.74
1676,2022-06-01,2022,Branch,North,45-54,Gold,False,31,False,216,152.18
1677,2022-06-01,2022,Broker/IFA,South East,65+,Platinum,False,31,False,336,199.2
1678,2022-06-01,2022,Comparison Site,Scotland,35-44,Classic,False,14,True,55,39.79
1679,2022-06-01,2022,Comparison Site,Midlands,35-44,Classic,True,31,False,0,39.79
1680,2022-06-01,2022,Comparison Site,London,25-34,Classic,False,10,True,0,39.79
1681,2022-06-01,2022,Comparison Site,London,55-64,Silver,True,19,True,87,39.79
1682,2022-06-01,2022,Online,Midlands,45-54,Classic,True,15,True,0,69.94
1683,2022-06-01,2022,Comparison Site,South East,25-34,Silver,False,31,False,77,39.79
1684,2022-06-01,2022,Referral,North,25-34,Gold,True,27,True,108,59.74
1685,2022-06-01,2022,Branch,South East,35-44,Silver,False,31,False,132,152.18
1686,2022-06-01,2022,Outbound,London,35-44,Classic,False,4,True,0,121.95
1687,2022-06-01,2022,Online,South East,45-54,Classic,False,25,True,77,69.94
1688,2022-06-01,2022,Referral,Scotland,35-44,Gold,False,31,False,216,59.74
1689,2022-06-01,2022,Comparison Site,Midlands,35-44,Silver,False,10,True,22,39.79
1690,2022-06-01,2022,Broker/IFA,Wales & NI,45-54,Platinum,False,31,False,306,199.2
1691,2022-06-01,2022,Broker/IFA,Wales & NI,35-44,Silver,False,8,True,11,199.2
1692,2022-06-01,2022,Outbound,London,25-34,Classic,True,29,True,0,121.95
1693,2022-06-01,2022,Branch,North,45-54,Silver,False,6,True,66,152.18
1694,2022-06-01,2022,Online,Midlands,25-34,Classic,True,31,False,0,69.94
1695,2022-06-01,2022,Outbound,North,45-54,Silver,False,3,True,11,121.95
1696,2022-06-01,2022,Broker/IFA,Midlands,55-64,Platinum,False,31,False,336,199.2
1697,2022-06-01,2022,Comparison Site,Midlands,55-64,Classic,False,14,True,0,39.79
1698,2022-06-01,2022,Outbound,Wales & NI,35-44,Gold,False,31,False,216,121.95
1699,2022-06-01,2022,Outbound,North,65+,Silver,False,31,False,181,121.95
1700,2022-06-01,2022,Referral,Midlands,25-34,Gold,False,8,True,109,59.74
1701,2022-06-01,2022,Online,Midlands,25-34,Gold,False,31,False,256,69.94
1702,2022-06-01,2022,Branch,Midlands,55-64,Gold,False,31,False,216,152.18
1703,2022-06-01,2022,Broker/IFA,North,55-64,Gold,False,2,True,36,199.2
1704,2022-06-01,2022,Branch,South East,25-34,Silver,False,31,False,44,152.18
1705,2022-06-01,2022,Referral,London,45-54,Gold,False,31,False,286,59.74
1706,2022-06-01,2022,Online,South East,45-54,Platinum,False,4,True,112,69.94
1707,2022-06-01,2022,Online,London,25-34,Silver,False,31,False,132,69.94
1708,2022-06-01,2022,Referral,Scotland,35-44,Silver,False,31,False,99,59.74
1709,2022-06-01,2022,Outbound,Wales & NI,35-44,Classic,False,31,False,110,121.95
1710,2022-06-01,2022,Outbound,Midlands,45-54,Silver,True,14,True,66,121.95
1711,2022-06-01,2022,Outbound,North,35-44,Platinum,False,31,False,336,121.95
1712,2022-06-01,2022,Branch,London,55-64,Silver,False,31,False,282,152.18
1713,2022-06-01,2022,Branch,Midlands,65+,Classic,False,26,True,33,152.18
1714,2022-06-01,2022,Referral,South East,25-34,Platinum,False,29,True,236,59.74
1715,2022-06-01,2022,Online,London,25-34,Silver,True,31,False,101,69.94
1716,2022-06-01,2022,Branch,South East,18-24,Gold,True,31,False,108,152.18
1717,2022-06-01,2022,Referral,North,18-24,Classic,True,11,True,51,59.74
1718,2022-06-01,2022,Comparison Site,North,35-44,Classic,True,21,True,0,39.79
1719,2022-06-01,2022,Broker/IFA,Scotland,45-54,Silver,False,4,True,44,199.2
1720,2022-06-01,2022,Online,South East,55-64,Silver,False,31,False,181,69.94
1721,2022-06-01,2022,Comparison Site,South East,55-64,Classic,False,4,True,0,39.79
1722,2022-06-01,2022,Online,South East,45-54,Classic,False,2,True,0,69.94
1723,2022-06-01,2022,Comparison Site,North,18-24,Silver,True,8,True,22,39.79
1724,2022-06-01,2022,Online,North,55-64,Silver,False,1,True,11,69.94
1725,2022-06-01,2022,Comparison Site,South East,25-34,Silver,True,31,False,66,39.79
1726,2022-06-01,2022,Branch,South East,45-54,Gold,False,31,False,134,152.18
1727,2022-06-01,2022,Branch,South East,35-44,Classic,False,5,True,0,152.18
1728,2022-06-01,2022,Outbound,Wales & NI,45-54,Silver,True,25,True,66,121.95
1729,2022-06-01,2022,Broker/IFA,Wales & NI,18-24,Silver,False,31,False,282,199.2
1730,2022-06-01,2022,Referral,North,35-44,Silver,False,8,True,88,59.74
1731,2022-06-01,2022,Branch,London,65+,Platinum,False,31,False,306,152.18
1732,2022-06-01,2022,Branch,North,18-24,Gold,False,31,False,316,152.18
1733,2022-06-01,2022,Online,London,65+,Classic,True,29,True,0,69.94
1734,2022-06-01,2022,Comparison Site,South East,35-44,Classic,True,1,True,0,39.79
1735,2022-06-01,2022,Online,North,25-34,Silver,False,8,True,95,69.94
1736,2022-06-01,2022,Online,Wales & NI,25-34,Classic,True,20,True,0,69.94
1737,2022-06-01,2022,Outbound,Midlands,25-34,Gold,True,20,True,148,121.95
1738,2022-06-01,2022,Comparison Site,Midlands,35-44,Classic,True,4,True,0,39.79
1739,2022-06-01,2022,Comparison Site,North,65+,Silver,True,31,False,66,39.79
1740,2022-06-01,2022,Branch,London,35-44,Classic,False,31,False,173,152.18
1741,2022-06-01,2022,Online,London,25-34,Silver,True,30,True,118,69.94
1742,2022-06-01,2022,Outbound,Midlands,55-64,Classic,False,5,True,0,121.95
1743,2022-06-01,2022,Comparison Site,North,45-54,Classic,True,4,True,0,39.79
1744,2022-06-01,2022,Referral,Midlands,55-64,Silver,False,31,False,153,59.74
1745,2022-06-01,2022,Online,South East,18-24,Silver,False,29,True,132,69.94
1746,2022-06-01,2022,Branch,London,45-54,Gold,False,31,False,216,152.18
1747,2022-06-01,2022,Comparison Site,Midlands,35-44,Silver,True,31,False,108,39.79
1748,2022-06-01,2022,Comparison Site,Midlands,35-44,Silver,True,8,True,22,39.79
1749,2022-06-01,2022,Online,South East,55-64,Platinum,False,31,False,236,69.94
1750,2022-06-01,2022,Comparison Site,Midlands,35-44,Silver,True,31,False,66,39.79
1751,2022-06-01,2022,Comparison Site,London,18-24,Classic,True,1,True,0,39.79
1752,2022-06-01,2022,Branch,South East,55-64,Silver,True,31,False,66,152.18
1753,2022-06-01,2022,Outbound,North,25-34,Silver,False,31,False,132,121.95
1754,2022-06-01,2022,Outbound,North,55-64,Silver,True,31,False,66,121.95
1755,2022-06-01,2022,Online,London,45-54,Classic,False,5,True,0,69.94
1756,2022-06-01,2022,Branch,London,35-44,Classic,False,6,True,0,152.18
1757,2022-06-01,2022,Online,London,25-34,Silver,False,31,False,153,69.94
1758,2022-06-01,2022,Online,South East,35-44,Classic,True,7,True,0,69.94
1759,2022-06-01,2022,Referral,Midlands,25-34,Classic,True,8,True,0,59.74
1760,2022-06-01,2022,Referral,North,25-34,Platinum,False,31,False,326,59.74
1761,2022-06-01,2022,Online,South East,35-44,Classic,True,9,True,0,69.94
1762,2022-06-01,2022,Comparison Site,London,55-64,Silver,True,31,False,66,39.79
1763,2022-06-01,2022,Comparison Site,London,35-44,Classic,False,1,True,0,39.79
1764,2022-06-01,2022,Outbound,South East,25-34,Gold,False,30,True,216,121.95
1765,2022-06-01,2022,Referral,Midlands,55-64,Gold,True,31,False,118,59.74
1766,2022-06-01,2022,Outbound,London,55-64,Silver,True,31,False,108,121.95
1767,2022-06-01,2022,Referral,Scotland,35-44,Gold,False,31,False,216,59.74
1768,2022-06-01,2022,Comparison Site,North,35-44,Gold,True,31,False,108,39.79
1769,2022-06-01,2022,Online,Midlands,25-34,Classic,False,6,True,0,69.94
1770,2022-06-01,2022,Online,South East,35-44,Gold,False,31,False,226,69.94
1771,2022-06-01,2022,Outbound,Wales & NI,55-64,Gold,False,6,True,108,121.95
1772,2022-06-01,2022,Outbound,South East,45-54,Silver,True,31,False,66,121.95
1773,2022-06-01,2022,Online,Wales & NI,35-44,Gold,False,22,True,306,69.94
1774,2022-06-01,2022,Online,London,35-44,Classic,False,5,True,0,69.94
1775,2022-06-01,2022,Comparison Site,Midlands,18-24,Silver,True,24,True,66,39.79
1776,2022-06-01,2022,Online,North,45-54,Classic,False,15,True,0,69.94
1777,2022-06-01,2022,Comparison Site,North,35-44,Classic,True,7,True,0,39.79
1778,2022-06-01,2022,Online,North,35-44,Silver,True,13,True,11,69.94
1779,2022-06-01,2022,Comparison Site,North,45-54,Silver,True,8,True,22,39.79
1780,2022-06-01,2022,Online,North,25-34,Silver,True,31,False,66,69.94
1781,2022-06-01,2022,Branch,South East,25-34,Silver,True,31,False,168,152.18
1782,2022-06-01,2022,Referral,North,45-54,Silver,False,6,True,66,59.74
1783,2022-07-01,2022,Broker/IFA,North,25-34,Gold,False,3,True,54,199.2
1784,2022-07-01,2022,Outbound,North,65+,Classic,True,27,True,66,121.95
1785,2022-07-01,2022,Comparison Site,North,45-54,Silver,True,7,True,0,39.79
1786,2022-07-01,2022,Referral,Midlands,35-44,Gold,False,30,False,216,59.74
1787,2022-07-01,2022,Referral,South East,25-34,Gold,False,30,False,236,59.74
1788,2022-07-01,2022,Online,London,45-54,Silver,False,12,True,132,69.94
1789,2022-07-01,2022,Referral,Midlands,45-54,Silver,False,30,False,132,59.74
1790,2022-07-01,2022,Broker/IFA,North,25-34,Platinum,False,30,False,316,199.2
1791,2022-07-01,2022,Comparison Site,South East,65+,Silver,True,22,True,66,39.79
1792,2022-07-01,2022,Online,South East,55-64,Silver,False,29,True,132,69.94
1793,2022-07-01,2022,Online,London,18-24,Platinum,True,30,False,168,69.94
1794,2022-07-01,2022,Comparison Site,London,35-44,Silver,False,17,True,132,39.79
1795,2022-07-01,2022,Comparison Site,Scotland,55-64,Classic,True,4,True,0,39.79
1796,2022-07-01,2022,Online,Wales & NI,25-34,Classic,False,15,True,0,69.94
1797,2022-07-01,2022,Comparison Site,North,45-54,Silver,True,8,True,22,39.79
1798,2022-07-01,2022,Comparison Site,Midlands,45-54,Silver,True,4,True,0,39.79
1799,2022-07-01,2022,Outbound,Scotland,45-54,Platinum,True,30,False,168,121.95
1800,2022-07-01,2022,Comparison Site,North,18-24,Classic,True,30,False,0,39.79
1801,2022-07-01,2022,Comparison Site,Scotland,65+,Silver,True,1,True,0,39.79
1802,2022-07-01,2022,Online,North,25-34,Classic,True,29,True,0,69.94
1803,2022-07-01,2022,Referral,South East,45-54,Gold,False,30,False,316,59.74
1804,2022-07-01,2022,Outbound,North,55-64,Silver,False,4,True,58,121.95
1805,2022-07-01,2022,Outbound,South East,35-44,Silver,False,30,False,146,121.95
1806,2022-07-01,2022,Branch,North,25-34,Classic,False,1,True,0,152.18
1807,2022-07-01,2022,Comparison Site,South East,45-54,Classic,True,2,True,0,39.79
1808,2022-07-01,2022,Branch,North,65+,Gold,False,12,True,226,152.18
1809,2022-07-01,2022,Branch,Scotland,18-24,Platinum,False,1,True,28,152.18
1810,2022-07-01,2022,Broker/IFA,London,35-44,Gold,False,6,True,158,199.2
1811,2022-07-01,2022,Branch,Wales & NI,55-64,Classic,False,30,False,0,152.18
1812,2022-07-01,2022,Comparison Site,South East,35-44,Silver,True,30,False,66,39.79
1813,2022-07-01,2022,Comparison Site,North,55-64,Silver,True,16,True,33,39.79
1814,2022-07-01,2022,Online,Wales & NI,18-24,Silver,True,30,False,108,69.94
1815,2022-07-01,2022,Broker/IFA,Wales & NI,18-24,Platinum,False,30,False,336,199.2
1816,2022-07-01,2022,Referral,North,35-44,Gold,False,30,False,306,59.74
1817,2022-07-01,2022,Branch,Midlands,35-44,Platinum,False,30,False,336,152.18
1818,2022-07-01,2022,Comparison Site,North,25-34,Classic,False,30,False,99,39.79
1819,2022-07-01,2022,Outbound,South East,55-64,Platinum,True,30,False,168,121.95
1820,2022-07-01,2022,Referral,Wales & NI,35-44,Gold,False,30,False,216,59.74
1821,2022-07-01,2022,Comparison Site,London,25-34,Classic,True,30,False,73,39.79
1822,2022-07-01,2022,Comparison Site,North,18-24,Silver,True,10,True,44,39.79
1823,2022-07-01,2022,Referral,North,45-54,Gold,False,19,True,216,59.74
1824,2022-07-01,2022,Comparison Site,Scotland,55-64,Gold,False,14,True,216,39.79
1825,2022-07-01,2022,Comparison Site,Wales & NI,55-64,Classic,True,14,True,0,39.79
1826,2022-07-01,2022,Outbound,Wales & NI,18-24,Gold,True,30,False,66,121.95
1827,2022-07-01,2022,Online,North,25-34,Classic,True,15,True,66,69.94
1828,2022-07-01,2022,Outbound,London,18-24,Classic,True,30,False,0,121.95
1829,2022-07-01,2022,Online,North,18-24,Gold,True,23,True,94,69.94
1830,2022-07-01,2022,Comparison Site,London,45-54,Classic,True,2,True,0,39.79
1831,2022-07-01,2022,Referral,Scotland,18-24,Gold,False,30,False,181,59.74
1832,2022-07-01,2022,Online,London,45-54,Silver,False,30,False,132,69.94
1833,2022-07-01,2022,Referral,Scotland,55-64,Gold,False,16,True,188,59.74
1834,2022-07-01,2022,Outbound,London,45-54,Classic,False,29,True,22,121.95
1835,2022-07-01,2022,Comparison Site,London,45-54,Classic,False,1,True,0,39.79
1836,2022-07-01,2022,Comparison Site,South East,65+,Classic,False,6,True,0,39.79
1837,2022-07-01,2022,Online,Wales & NI,35-44,Silver,False,30,False,132,69.94
1838,2022-07-01,2022,Referral,South East,45-54,Platinum,False,30,False,336,59.74
1839,2022-07-01,2022,Referral,Midlands,65+,Gold,False,30,False,286,59.74
1840,2022-07-01,2022,Comparison Site,Midlands,35-44,Silver,False,6,True,66,39.79
1841,2022-07-01,2022,Online,South East,25-34,Silver,True,12,True,80,69.94
1842,2022-07-01,2022,Online,South East,55-64,Gold,False,13,True,216,69.94
1843,2022-07-01,2022,Branch,Midlands,45-54,Silver,False,21,True,132,152.18
1844,2022-07-01,2022,Broker/IFA,Scotland,45-54,Gold,False,30,False,195,199.2
1845,2022-07-01,2022,Broker/IFA,London,18-24,Silver,False,30,False,132,199.2
1846,2022-07-01,2022,Branch,Scotland,25-34,Gold,False,21,True,216,152.18
1847,2022-07-01,2022,Comparison Site,London,55-64,Classic,False,3,True,0,39.79
1848,2022-07-01,2022,Referral,South East,25-34,Silver,False,25,True,132,59.74
1849,2022-07-01,2022,Comparison Site,South East,25-34,Classic,True,4,True,0,39.79
1850,2022-07-01,2022,Online,North,55-64,Platinum,False,10,True,280,69.94
1851,2022-07-01,2022,Referral,London,25-34,Silver,True,9,True,22,59.74
1852,2022-07-01,2022,Outbound,South East,65+,Classic,False,11,True,0,121.95
1853,2022-07-01,2022,Branch,Midlands,65+,Gold,False,30,False,246,152.18
1854,2022-07-01,2022,Referral,South East,55-64,Silver,True,30,False,0,59.74
1855,2022-07-01,2022,Online,Midlands,35-44,Silver,True,30,False,66,69.94
1856,2022-07-01,2022,Comparison Site,North,25-34,Silver,True,13,True,66,39.79
1857,2022-07-01,2022,Referral,North,45-54,Classic,False,18,True,0,59.74
1858,2022-07-01,2022,Online,London,35-44,Silver,True,1,True,0,69.94
1859,2022-07-01,2022,Branch,Scotland,45-54,Classic,False,1,True,0,152.18
1860,2022-07-01,2022,Broker/IFA,Midlands,25-34,Gold,False,30,False,216,199.2
1861,2022-07-01,2022,Comparison Site,London,25-34,Silver,True,30,False,108,39.79
1862,2022-07-01,2022,Branch,Midlands,35-44,Gold,False,1,True,18,152.18
1863,2022-07-01,2022,Comparison Site,Scotland,55-64,Gold,False,16,True,216,39.79
1864,2022-07-01,2022,Online,Scotland,25-34,Platinum,False,30,False,336,69.94
1865,2022-07-01,2022,Broker/IFA,Midlands,25-34,Silver,False,2,True,22,199.2
1866,2022-07-01,2022,Outbound,Wales & NI,25-34,Classic,True,6,True,0,121.95
1867,2022-07-01,2022,Online,London,65+,Silver,True,30,False,138,69.94
1868,2022-07-01,2022,Comparison Site,London,35-44,Silver,True,30,False,66,39.79
1869,2022-07-01,2022,Referral,London,55-64,Silver,False,30,False,33,59.74
1870,2022-07-01,2022,Online,London,55-64,Classic,True,4,True,0,69.94
1871,2022-07-01,2022,Online,North,35-44,Gold,False,30,False,209,69.94
1872,2022-07-01,2022,Comparison Site,North,45-54,Silver,False,2,True,22,39.79
1873,2022-07-01,2022,Comparison Site,London,25-34,Silver,False,30,False,174,39.79
1874,2022-07-01,2022,Broker/IFA,North,25-34,Platinum,False,28,True,336,199.2
1875,2022-07-01,2022,Comparison Site,Scotland,45-54,Gold,True,30,False,168,39.79
1876,2022-07-01,2022,Branch,South East,45-54,Gold,False,30,False,316,152.18
1877,2022-07-01,2022,Online,North,45-54,Silver,False,30,False,132,69.94
1878,2022-07-01,2022,Comparison Site,London,25-34,Classic,True,7,True,0,39.79
1879,2022-07-01,2022,Referral,Scotland,35-44,Classic,False,30,False,0,59.74
1880,2022-07-01,2022,Comparison Site,North,35-44,Silver,True,9,True,33,39.79
1881,2022-07-01,2022,Broker/IFA,North,35-44,Gold,False,26,True,236,199.2
1882,2022-07-01,2022,Comparison Site,Midlands,25-34,Silver,True,7,True,11,39.79
1883,2022-07-01,2022,Broker/IFA,South East,45-54,Platinum,False,30,False,336,199.2
1884,2022-07-01,2022,Outbound,London,35-44,Gold,True,10,True,72,121.95
1885,2022-07-01,2022,Branch,South East,55-64,Silver,False,30,False,160,152.18
1886,2022-07-01,2022,Online,Midlands,18-24,Classic,False,27,True,0,69.94
1887,2022-07-01,2022,Online,London,25-34,Silver,True,2,True,0,69.94
1888,2022-07-01,2022,Referral,Wales & NI,45-54,Silver,False,30,False,132,59.74
1889,2022-07-01,2022,Online,North,18-24,Classic,True,14,True,66,69.94
1890,2022-07-01,2022,Comparison Site,South East,55-64,Classic,True,1,True,0,39.79
1891,2022-07-01,2022,Online,North,25-34,Silver,False,1,True,11,69.94
1892,2022-07-01,2022,Referral,North,35-44,Gold,False,2,True,36,59.74
1893,2022-07-01,2022,Online,London,55-64,Silver,False,30,False,99,69.94
1894,2022-07-01,2022,Online,Scotland,25-34,Classic,False,30,False,0,69.94
1895,2022-07-01,2022,Comparison Site,London,25-34,Classic,True,3,True,0,39.79
1896,2022-07-01,2022,Broker/IFA,South East,35-44,Silver,False,30,False,132,199.2
1897,2022-07-01,2022,Referral,Scotland,25-34,Gold,False,14,True,216,59.74
1898,2022-07-01,2022,Online,South East,35-44,Classic,False,3,True,0,69.94
1899,2022-07-01,2022,Referral,London,25-34,Platinum,False,30,False,256,59.74
1900,2022-07-01,2022,Comparison Site,North,25-34,Classic,True,30,False,0,39.79
1901,2022-07-01,2022,Comparison Site,London,25-34,Silver,True,4,True,0,39.79
1902,2022-07-01,2022,Outbound,South East,45-54,Classic,True,1,True,0,121.95
1903,2022-07-01,2022,Branch,North,25-34,Classic,False,30,False,184,152.18
1904,2022-07-01,2022,Comparison Site,North,25-34,Gold,False,2,True,36,39.79
1905,2022-07-01,2022,Referral,Scotland,45-54,Silver,False,19,True,132,59.74
1906,2022-07-01,2022,Branch,Midlands,45-54,Silver,False,30,False,188,152.18
1907,2022-07-01,2022,Comparison Site,Midlands,65+,Classic,False,3,True,0,39.79
1908,2022-07-01,2022,Branch,South East,45-54,Silver,False,2,True,11,152.18
1909,2022-07-01,2022,Online,London,35-44,Platinum,True,30,False,108,69.94
1910,2022-07-01,2022,Online,South East,65+,Gold,False,29,True,216,69.94
1911,2022-07-01,2022,Online,Midlands,25-34,Gold,True,30,False,118,69.94
1912,2022-07-01,2022,Referral,North,65+,Silver,True,30,False,108,59.74
1913,2022-07-01,2022,Branch,South East,18-24,Silver,False,15,True,132,152.18
1914,2022-07-01,2022,Online,Scotland,35-44,Silver,True,18,True,0,69.94
1915,2022-07-01,2022,Comparison Site,South East,55-64,Classic,True,9,True,0,39.79
1916,2022-07-01,2022,Online,North,45-54,Gold,False,27,True,216,69.94
1917,2022-07-01,2022,Outbound,London,35-44,Classic,False,8,True,0,121.95
1918,2022-07-01,2022,Comparison Site,South East,35-44,Platinum,True,14,True,168,39.79
1919,2022-07-01,2022,Referral,London,25-34,Gold,False,30,False,216,59.74
1920,2022-07-01,2022,Comparison Site,North,35-44,Classic,True,30,False,22,39.79
1921,2022-07-01,2022,Branch,North,18-24,Gold,False,3,True,54,152.18
1922,2022-07-01,2022,Branch,North,25-34,Gold,False,15,True,216,152.18
1923,2022-07-01,2022,Online,Midlands,45-54,Gold,False,5,True,90,69.94
1924,2022-07-01,2022,Comparison Site,Wales & NI,25-34,Classic,True,4,True,0,39.79
1925,2022-07-01,2022,Referral,London,25-34,Silver,False,30,False,132,59.74
1926,2022-07-01,2022,Outbound,Midlands,35-44,Silver,False,30,False,132,121.95
1927,2022-07-01,2022,Comparison Site,North,55-64,Silver,True,20,True,66,39.79
1928,2022-07-01,2022,Comparison Site,London,45-54,Silver,False,13,True,174,39.79
1929,2022-07-01,2022,Online,Wales & NI,25-34,Silver,False,12,True,174,69.94
1930,2022-07-01,2022,Broker/IFA,North,25-34,Platinum,False,30,False,316,199.2
1931,2022-07-01,2022,Comparison Site,North,45-54,Classic,True,1,True,0,39.79
1932,2022-07-01,2022,Branch,South East,18-24,Gold,False,30,False,296,152.18
1933,2022-07-01,2022,Comparison Site,North,35-44,Classic,False,3,True,0,39.79
1934,2022-07-01,2022,Broker/IFA,South East,35-44,Gold,False,30,False,216,199.2
1935,2022-07-01,2022,Online,Midlands,55-64,Silver,False,30,False,132,69.94
1936,2022-07-01,2022,Comparison Site,North,35-44,Classic,False,6,True,0,39.79
1937,2022-07-01,2022,Comparison Site,London,18-24,Silver,False,30,False,188,39.79
1938,2022-07-01,2022,Referral,North,25-34,Gold,True,18,True,80,59.74
1939,2022-07-01,2022,Comparison Site,London,35-44,Gold,True,27,True,108,39.79
1940,2022-07-01,2022,Branch,North,65+,Classic,False,30,False,0,152.18
1941,2022-07-01,2022,Referral,London,35-44,Silver,False,30,False,123,59.74
1942,2022-07-01,2022,Branch,North,18-24,Silver,False,30,False,229,152.18
1943,2022-07-01,2022,Comparison Site,Midlands,18-24,Classic,False,13,True,0,39.79
1944,2022-07-01,2022,Comparison Site,Scotland,45-54,Silver,True,30,False,66,39.79
1945,2022-07-01,2022,Online,Scotland,45-54,Classic,True,7,True,0,69.94
1946,2022-07-01,2022,Online,South East,18-24,Silver,False,30,False,132,69.94
1947,2022-07-01,2022,Referral,South East,65+,Silver,True,26,True,66,59.74
1948,2022-07-01,2022,Online,London,35-44,Silver,True,30,False,66,69.94
1949,2022-07-01,2022,Comparison Site,London,35-44,Classic,False,15,True,0,39.79
1950,2022-07-01,2022,Broker/IFA,Scotland,35-44,Gold,False,14,True,276,199.2
1951,2022-07-01,2022,Comparison Site,Wales & NI,25-34,Classic,True,5,True,0,39.79
1952,2022-07-01,2022,Branch,London,45-54,Gold,False,30,False,316,152.18
1953,2022-07-01,2022,Broker/IFA,London,35-44,Gold,False,30,False,216,199.2
1954,2022-07-01,2022,Online,North,55-64,Classic,False,30,False,66,69.94
1955,2022-07-01,2022,Comparison Site,South East,35-44,Classic,True,1,True,0,39.79
1956,2022-07-01,2022,Comparison Site,Wales & NI,45-54,Classic,True,1,True,0,39.79
1957,2022-07-01,2022,Comparison Site,London,45-54,Classic,True,7,True,0,39.79
1958,2022-07-01,2022,Comparison Site,Midlands,45-54,Silver,False,16,True,88,39.79
1959,2022-07-01,2022,Referral,London,35-44,Gold,False,30,False,195,59.74
1960,2022-07-01,2022,Online,Wales & NI,25-34,Silver,False,2,True,22,69.94
1961,2022-07-01,2022,Online,London,35-44,Classic,False,10,True,0,69.94
1962,2022-07-01,2022,Branch,Wales & NI,55-64,Platinum,False,30,False,336,152.18
1963,2022-07-01,2022,Online,Midlands,65+,Gold,True,30,False,87,69.94
1964,2022-07-01,2022,Outbound,South East,18-24,Gold,True,19,True,33,121.95
1965,2022-07-01,2022,Branch,South East,45-54,Gold,False,30,False,216,152.18
1966,2022-07-01,2022,Branch,South East,35-44,Classic,False,18,True,0,152.18
1967,2022-07-01,2022,Outbound,London,65+,Classic,False,14,True,0,121.95
1968,2022-07-01,2022,Outbound,Scotland,55-64,Silver,True,30,False,66,121.95
1969,2022-07-01,2022,Comparison Site,Scotland,25-34,Silver,True,30,False,66,39.79
1970,2022-07-01,2022,Comparison Site,Scotland,25-34,Gold,True,21,True,108,39.79
1971,2022-07-01,2022,Comparison Site,South East,45-54,Platinum,False,30,False,336,39.79
1972,2022-07-01,2022,Comparison Site,South East,18-24,Classic,True,2,True,0,39.79
1973,2022-07-01,2022,Branch,North,65+,Silver,False,30,False,132,152.18
1974,2022-07-01,2022,Online,Scotland,25-34,Silver,False,3,True,40,69.94
1975,2022-07-01,2022,Comparison Site,Scotland,35-44,Silver,False,24,True,146,39.79
1976,2022-07-01,2022,Branch,North,35-44,Gold,True,30,False,108,152.18
1977,2022-07-01,2022,Referral,Scotland,25-34,Gold,False,7,True,126,59.74
1978,2022-07-01,2022,Online,London,65+,Platinum,True,3,True,0,69.94
1979,2022-07-01,2022,Online,North,35-44,Classic,True,27,True,33,69.94
1980,2022-07-01,2022,Branch,South East,35-44,Platinum,False,30,False,236,152.18
1981,2022-07-01,2022,Comparison Site,South East,55-64,Classic,True,11,True,55,39.79
1982,2022-07-01,2022,Branch,South East,35-44,Gold,True,30,False,108,152.18
1983,2022-07-01,2022,Broker/IFA,Wales & NI,65+,Gold,True,13,True,168,199.2
1984,2022-07-01,2022,Online,North,25-34,Classic,True,30,False,66,69.94
1985,2022-07-01,2022,Comparison Site,London,65+,Gold,True,30,False,118,39.79
1986,2022-07-01,2022,Online,London,65+,Classic,False,30,False,138,69.94
1987,2022-07-01,2022,Online,London,25-34,Silver,False,12,True,88,69.94
1988,2022-07-01,2022,Outbound,North,35-44,Classic,False,30,False,0,121.95
1989,2022-07-01,2022,Comparison Site,Scotland,35-44,Classic,True,5,True,0,39.79
1990,2022-07-01,2022,Branch,Midlands,18-24,Platinum,False,11,True,308,152.18
1991,2022-07-01,2022,Branch,North,55-64,Silver,False,3,True,33,152.18
1992,2022-07-01,2022,Branch,South East,18-24,Platinum,False,30,False,316,152.18
1993,2022-07-01,2022,Comparison Site,South East,35-44,Silver,True,8,True,0,39.79
1994,2022-07-01,2022,Comparison Site,North,25-34,Classic,True,2,True,0,39.79
1995,2022-07-01,2022,Outbound,Midlands,35-44,Gold,False,7,True,126,121.95
1996,2022-07-01,2022,Online,South East,35-44,Platinum,False,16,True,276,69.94
1997,2022-07-01,2022,Comparison Site,Midlands,25-34,Silver,True,14,True,66,39.79
1998,2022-07-01,2022,Online,South East,18-24,Classic,True,1,True,0,69.94
1999,2022-07-01,2022,Broker/IFA,London,55-64,Classic,False,2,True,0,199.2
2000,2022-07-01,2022,Online,London,65+,Gold,False,30,False,266,69.94
2001,2022-07-01,2022,Online,Wales & NI,55-64,Platinum,False,24,True,236,69.94
2002,2022-07-01,2022,Branch,London,55-64,Silver,False,28,True,121,152.18
2003,2022-07-01,2022,Online,Scotland,55-64,Classic,False,9,True,0,69.94
2004,2022-07-01,2022,Branch,Midlands,45-54,Gold,False,30,False,216,152.18
2005,2022-07-01,2022,Branch,London,25-34,Platinum,False,30,False,336,152.18
2006,2022-07-01,2022,Branch,North,45-54,Silver,True,24,True,101,152.18
2007,2022-07-01,2022,Branch,London,25-34,Platinum,True,30,False,168,152.18
2008,2022-07-01,2022,Outbound,Midlands,35-44,Classic,True,7,True,0,121.95
2009,2022-07-01,2022,Branch,North,55-64,Silver,False,30,False,132,152.18
2010,2022-07-01,2022,Outbound,South East,25-34,Gold,False,30,False,216,121.95
2011,2022-07-01,2022,Branch,South East,45-54,Classic,False,30,False,83,152.18
2012,2022-07-01,2022,Branch,Scotland,45-54,Silver,False,30,False,132,152.18
2013,2022-07-01,2022,Referral,Scotland,65+,Silver,True,25,True,66,59.74
2014,2022-07-01,2022,Comparison Site,London,55-64,Classic,True,30,False,0,39.79
2015,2022-07-01,2022,Outbound,North,35-44,Classic,True,7,True,0,121.95
2016,2022-07-01,2022,Referral,North,25-34,Gold,False,30,False,306,59.74
2017,2022-07-01,2022,Online,London,45-54,Silver,True,11,True,0,69.94
2018,2022-07-01,2022,Online,Scotland,55-64,Classic,True,30,False,0,69.94
2019,2022-07-01,2022,Branch,London,35-44,Classic,False,14,True,0,152.18
2020,2022-07-01,2022,Online,North,18-24,Platinum,True,30,False,168,69.94
2021,2022-07-01,2022,Broker/IFA,South East,35-44,Gold,False,30,False,246,199.2
2022,2022-07-01,2022,Branch,London,45-54,Gold,False,30,False,195,152.18
2023,2022-07-01,2022,Branch,South East,25-34,Silver,False,30,False,209,152.18
2024,2022-07-01,2022,Comparison Site,London,45-54,Silver,True,23,True,108,39.79
2025,2022-07-01,2022,Online,London,55-64,Platinum,True,30,False,168,69.94
2026,2022-07-01,2022,Comparison Site,Scotland,55-64,Silver,True,30,False,66,39.79
2027,2022-07-01,2022,Broker/IFA,Midlands,55-64,Platinum,False,12,True,336,199.2
2028,2022-07-01,2022,Branch,London,18-24,Platinum,False,8,True,224,152.18
2029,2022-07-01,2022,Comparison Site,North,18-24,Classic,False,25,True,88,39.79
2030,2022-07-01,2022,Comparison Site,Midlands,18-24,Silver,False,1,True,11,39.79
2031,2022-07-01,2022,Branch,South East,55-64,Gold,True,14,True,108,152.18
2032,2022-07-01,2022,Comparison Site,London,25-34,Classic,True,7,True,0,39.79
2033,2022-07-01,2022,Referral,London,45-54,Silver,False,30,False,132,59.74
2034,2022-07-01,2022,Online,North,25-34,Classic,False,30,False,0,69.94
2035,2022-07-01,2022,Online,Midlands,45-54,Platinum,True,30,False,168,69.94
2036,2022-07-01,2022,Comparison Site,Wales & NI,18-24,Classic,True,25,True,0,39.79
2037,2022-07-01,2022,Branch,South East,55-64,Silver,False,6,True,87,152.18
2038,2022-07-01,2022,Online,London,55-64,Silver,True,30,False,108,69.94
2039,2022-07-01,2022,Online,South East,55-64,Classic,False,3,True,0,69.94
2040,2022-07-01,2022,Online,London,25-34,Gold,False,30,False,216,69.94
2041,2022-07-01,2022,Online,North,65+,Platinum,True,30,False,168,69.94
2042,2022-07-01,2022,Branch,North,45-54,Platinum,True,30,False,168,152.18
2043,2022-07-01,2022,Broker/IFA,Wales & NI,18-24,Silver,False,30,False,195,199.2
2044,2022-07-01,2022,Broker/IFA,Scotland,45-54,Silver,False,10,True,145,199.2
2045,2022-07-01,2022,Referral,North,25-34,Gold,False,30,False,306,59.74
2046,2022-07-01,2022,Online,London,45-54,Gold,True,26,True,108,69.94
2047,2022-07-01,2022,Online,Midlands,25-34,Classic,True,7,True,0,69.94
2048,2022-07-01,2022,Branch,North,35-44,Platinum,False,30,False,296,152.18
2049,2022-07-01,2022,Broker/IFA,South East,45-54,Gold,False,30,False,216,199.2
2050,2022-07-01,2022,Online,Wales & NI,55-64,Classic,False,11,True,99,69.94
2051,2022-07-01,2022,Referral,Wales & NI,25-34,Silver,False,30,False,174,59.74
2052,2022-07-01,2022,Comparison Site,North,35-44,Classic,False,30,False,0,39.79
2053,2022-07-01,2022,Comparison Site,North,18-24,Silver,True,7,True,11,39.79
2054,2022-07-01,2022,Broker/IFA,Scotland,25-34,Gold,False,30,False,229,199.2
2055,2022-07-01,2022,Comparison Site,London,35-44,Silver,True,6,True,0,39.79
2056,2022-07-01,2022,Online,North,25-34,Silver,True,26,True,66,69.94
2057,2022-07-01,2022,Comparison Site,North,55-64,Silver,True,30,False,108,39.79
2058,2022-07-01,2022,Comparison Site,South East,25-34,Silver,True,21,True,44,39.79
2059,2022-07-01,2022,Comparison Site,South East,18-24,Classic,True,14,True,0,39.79
2060,2022-07-01,2022,Referral,Midlands,65+,Gold,False,8,True,144,59.74
2061,2022-07-01,2022,Branch,Wales & NI,35-44,Gold,False,10,True,180,152.18
2062,2022-07-01,2022,Branch,North,35-44,Gold,False,30,False,286,152.18
2063,2022-07-01,2022,Comparison Site,Midlands,35-44,Classic,False,2,True,0,39.79
2064,2022-07-01,2022,Branch,South East,35-44,Gold,False,30,False,127,152.18
2065,2022-07-01,2022,Comparison Site,London,45-54,Classic,True,10,True,0,39.79
2066,2022-07-01,2022,Outbound,London,18-24,Gold,False,30,False,195,121.95
2067,2022-07-01,2022,Branch,Midlands,45-54,Classic,False,7,True,0,152.18
2068,2022-07-01,2022,Broker/IFA,South East,18-24,Platinum,False,30,False,336,199.2
2069,2022-07-01,2022,Outbound,South East,25-34,Classic,True,1,True,0,121.95
2070,2022-07-01,2022,Online,Midlands,35-44,Classic,False,8,True,0,69.94
2071,2022-07-01,2022,Online,Midlands,25-34,Classic,False,7,True,0,69.94
2072,2022-07-01,2022,Comparison Site,South East,35-44,Silver,False,1,True,11,39.79
2073,2022-07-01,2022,Outbound,Midlands,18-24,Silver,True,30,False,66,121.95
2074,2022-07-01,2022,Comparison Site,Scotland,18-24,Gold,True,6,True,0,39.79
2075,2022-07-01,2022,Branch,North,35-44,Gold,True,25,True,108,152.18
2076,2022-07-01,2022,Branch,North,35-44,Gold,False,30,False,195,152.18
2077,2022-07-01,2022,Comparison Site,North,45-54,Silver,False,29,True,132,39.79
2078,2022-07-01,2022,Comparison Site,Midlands,25-34,Classic,True,3,True,0,39.79
2079,2022-07-01,2022,Online,South East,25-34,Gold,False,30,False,236,69.94
2080,2022-07-01,2022,Outbound,Scotland,25-34,Gold,True,3,True,0,121.95
2081,2022-07-01,2022,Outbound,South East,35-44,Classic,False,3,True,0,121.95
2082,2022-07-01,2022,Comparison Site,North,45-54,Classic,True,6,True,0,39.79
2083,2022-07-01,2022,Branch,Scotland,25-34,Gold,False,30,False,160,152.18
2084,2022-07-01,2022,Outbound,North,35-44,Gold,False,27,True,216,121.95
2085,2022-07-01,2022,Online,South East,35-44,Platinum,False,15,True,336,69.94
2086,2022-07-01,2022,Branch,North,18-24,Platinum,False,30,False,336,152.18
2087,2022-07-01,2022,Outbound,Scotland,65+,Silver,False,1,True,11,121.95
2088,2022-07-01,2022,Comparison Site,Scotland,45-54,Silver,False,26,True,132,39.79
2089,2022-07-01,2022,Broker/IFA,South East,25-34,Platinum,False,9,True,252,199.2
2090,2022-07-01,2022,Outbound,Midlands,35-44,Classic,False,9,True,88,121.95
2091,2022-07-01,2022,Broker/IFA,London,25-34,Platinum,False,30,False,226,199.2
2092,2022-07-01,2022,Comparison Site,London,35-44,Silver,True,22,True,66,39.79
2093,2022-07-01,2022,Outbound,South East,35-44,Classic,True,7,True,0,121.95
2094,2022-07-01,2022,Referral,South East,35-44,Silver,False,6,True,22,59.74
2095,2022-07-01,2022,Branch,South East,65+,Gold,False,30,False,216,152.18
2096,2022-07-01,2022,Comparison Site,North,65+,Classic,False,30,False,0,39.79
2097,2022-07-01,2022,Online,North,45-54,Classic,False,6,True,0,69.94
2098,2022-07-01,2022,Comparison Site,South East,35-44,Classic,False,2,True,0,39.79
2099,2022-07-01,2022,Branch,Midlands,25-34,Gold,False,30,False,246,152.18
2100,2022-07-01,2022,Online,London,45-54,Silver,False,30,False,132,69.94
2101,2022-07-01,2022,Online,South East,25-34,Platinum,True,7,True,28,69.94
2102,2022-07-01,2022,Referral,North,35-44,Platinum,False,30,False,286,59.74
2103,2022-07-01,2022,Comparison Site,North,45-54,Classic,True,24,True,0,39.79
2104,2022-07-01,2022,Comparison Site,London,35-44,Classic,False,4,True,0,39.79
2105,2022-07-01,2022,Comparison Site,South East,55-64,Gold,False,19,True,216,39.79
2106,2022-07-01,2022,Branch,Scotland,25-34,Gold,False,30,False,226,152.18
2107,2022-07-01,2022,Comparison Site,South East,45-54,Silver,True,30,False,66,39.79
2108,2022-07-01,2022,Branch,Midlands,45-54,Platinum,False,30,False,226,152.18
2109,2022-07-01,2022,Comparison Site,London,25-34,Silver,False,30,False,202,39.79
2110,2022-07-01,2022,Online,North,35-44,Gold,False,30,False,286,69.94
2111,2022-07-01,2022,Referral,Scotland,65+,Gold,False,30,False,216,59.74
2112,2022-07-01,2022,Online,Wales & NI,35-44,Silver,True,18,True,55,69.94
2113,2022-07-01,2022,Branch,North,25-34,Gold,False,30,False,216,152.18
2114,2022-07-01,2022,Online,South East,35-44,Silver,False,19,True,132,69.94
2115,2022-07-01,2022,Referral,Wales & NI,55-64,Gold,False,30,False,216,59.74
2116,2022-07-01,2022,Referral,South East,18-24,Platinum,True,30,False,168,59.74
2117,2022-07-01,2022,Comparison Site,Wales & NI,35-44,Classic,True,30,False,0,39.79
2118,2022-07-01,2022,Branch,South East,25-34,Classic,False,30,False,44,152.18
2119,2022-07-01,2022,Comparison Site,North,18-24,Silver,True,10,True,0,39.79
2120,2022-07-01,2022,Branch,Midlands,35-44,Silver,False,14,True,99,152.18
2121,2022-07-01,2022,Referral,North,35-44,Silver,False,30,False,167,59.74
2122,2022-07-01,2022,Referral,Midlands,45-54,Classic,False,30,False,0,59.74
2123,2022-08-01,2022,Branch,South East,25-34,Silver,True,29,False,66,152.18
2124,2022-08-01,2022,Outbound,South East,45-54,Classic,False,6,True,0,121.95
2125,2022-08-01,2022,Referral,North,65+,Platinum,False,29,False,246,59.74
2126,2022-08-01,2022,Branch,London,35-44,Classic,False,27,True,22,152.18
2127,2022-08-01,2022,Referral,Wales & NI,55-64,Platinum,False,29,False,336,59.74
2128,2022-08-01,2022,Broker/IFA,London,65+,Platinum,False,29,False,336,199.2
2129,2022-08-01,2022,Online,Midlands,35-44,Silver,False,7,True,33,69.94
2130,2022-08-01,2022,Comparison Site,South East,45-54,Classic,False,3,True,0,39.79
2131,2022-08-01,2022,Broker/IFA,Scotland,18-24,Silver,False,29,False,167,199.2
2132,2022-08-01,2022,Online,South East,45-54,Platinum,False,29,False,266,69.94
2133,2022-08-01,2022,Branch,Midlands,35-44,Silver,False,10,True,110,152.18
2134,2022-08-01,2022,Broker/IFA,Wales & NI,65+,Gold,False,29,False,209,199.2
2135,2022-08-01,2022,Referral,Midlands,35-44,Classic,False,6,True,0,59.74
2136,2022-08-01,2022,Referral,North,55-64,Silver,False,29,False,139,59.74
2137,2022-08-01,2022,Outbound,North,25-34,Silver,True,7,True,11,121.95
2138,2022-08-01,2022,Comparison Site,North,25-34,Classic,False,28,True,55,39.79
2139,2022-08-01,2022,Comparison Site,North,45-54,Classic,True,2,True,0,39.79
2140,2022-08-01,2022,Comparison Site,Midlands,35-44,Classic,True,15,True,0,39.79
2141,2022-08-01,2022,Comparison Site,Wales & NI,35-44,Classic,True,2,True,0,39.79
2142,2022-08-01,2022,Outbound,London,55-64,Silver,False,29,False,88,121.95
2143,2022-08-01,2022,Online,Scotland,35-44,Classic,True,2,True,0,69.94
2144,2022-08-01,2022,Branch,South East,35-44,Platinum,False,27,True,236,152.18
2145,2022-08-01,2022,Online,Scotland,35-44,Gold,True,29,False,108,69.94
2146,2022-08-01,2022,Comparison Site,Midlands,35-44,Silver,True,12,True,66,39.79
2147,2022-08-01,2022,Comparison Site,North,45-54,Classic,True,23,True,0,39.79
2148,2022-08-01,2022,Outbound,London,35-44,Gold,True,29,False,108,121.95
2149,2022-08-01,2022,Comparison Site,North,35-44,Classic,True,13,True,44,39.79
2150,2022-08-01,2022,Referral,South East,25-34,Silver,False,7,True,77,59.74
2151,2022-08-01,2022,Online,London,35-44,Silver,False,22,True,132,69.94
2152,2022-08-01,2022,Comparison Site,Midlands,55-64,Classic,True,26,True,66,39.79
2153,2022-08-01,2022,Comparison Site,London,65+,Classic,True,13,True,0,39.79
2154,2022-08-01,2022,Broker/IFA,South East,65+,Classic,False,25,True,0,199.2
2155,2022-08-01,2022,Online,South East,45-54,Silver,True,29,False,128,69.94
2156,2022-08-01,2022,Online,London,18-24,Silver,False,29,False,153,69.94
2157,2022-08-01,2022,Outbound,South East,25-34,Silver,True,29,False,66,121.95
2158,2022-08-01,2022,Comparison Site,North,35-44,Silver,False,29,False,167,39.79
2159,2022-08-01,2022,Online,North,35-44,Classic,True,7,True,0,69.94
2160,2022-08-01,2022,Outbound,London,25-34,Silver,True,29,False,101,121.95
2161,2022-08-01,2022,Outbound,North,45-54,Classic,False,14,True,0,121.95
2162,2022-08-01,2022,Comparison Site,London,35-44,Silver,True,27,True,108,39.79
2163,2022-08-01,2022,Outbound,London,18-24,Gold,True,29,False,108,121.95
2164,2022-08-01,2022,Branch,London,25-34,Silver,False,29,False,153,152.18
2165,2022-08-01,2022,Comparison Site,North,65+,Gold,True,24,True,108,39.79
2166,2022-08-01,2022,Branch,South East,18-24,Silver,False,24,True,202,152.18
2167,2022-08-01,2022,Outbound,North,25-34,Classic,True,2,True,0,121.95
2168,2022-08-01,2022,Comparison Site,Wales & NI,35-44,Classic,True,7,True,0,39.79
2169,2022-08-01,2022,Online,Wales & NI,55-64,Classic,True,9,True,0,69.94
2170,2022-08-01,2022,Branch,South East,35-44,Platinum,False,29,False,336,152.18
2171,2022-08-01,2022,Broker/IFA,London,65+,Platinum,False,29,False,336,199.2
2172,2022-08-01,2022,Online,South East,65+,Silver,True,7,True,11,69.94
2173,2022-08-01,2022,Outbound,London,25-34,Silver,False,23,True,188,121.95
2174,2022-08-01,2022,Online,Midlands,45-54,Silver,False,7,True,77,69.94
2175,2022-08-01,2022,Referral,London,18-24,Silver,False,29,False,77,59.74
2176,2022-08-01,2022,Comparison Site,North,65+,Silver,False,8,True,116,39.79
2177,2022-08-01,2022,Online,Scotland,18-24,Gold,True,29,False,108,69.94
2178,2022-08-01,2022,Outbound,Wales & NI,25-34,Classic,False,10,True,0,121.95
2179,2022-08-01,2022,Outbound,London,25-34,Silver,True,29,False,101,121.95
2180,2022-08-01,2022,Outbound,Wales & NI,18-24,Silver,True,6,True,0,121.95
2181,2022-08-01,2022,Comparison Site,South East,55-64,Gold,False,13,True,216,39.79
2182,2022-08-01,2022,Comparison Site,Midlands,65+,Classic,True,3,True,0,39.79
2183,2022-08-01,2022,Online,North,25-34,Silver,False,21,True,132,69.94
2184,2022-08-01,2022,Online,Scotland,35-44,Classic,True,22,True,0,69.94
2185,2022-08-01,2022,Online,Midlands,35-44,Classic,False,1,True,0,69.94
2186,2022-08-01,2022,Online,South East,35-44,Platinum,False,29,False,296,69.94
2187,2022-08-01,2022,Branch,London,25-34,Platinum,True,29,False,168,152.18
2188,2022-08-01,2022,Branch,South East,35-44,Platinum,False,17,True,336,152.18
2189,2022-08-01,2022,Online,Scotland,25-34,Silver,True,17,True,66,69.94
2190,2022-08-01,2022,Referral,North,55-64,Gold,True,29,False,118,59.74
2191,2022-08-01,2022,Referral,Scotland,45-54,Silver,False,29,False,242,59.74
2192,2022-08-01,2022,Comparison Site,South East,25-34,Silver,True,29,False,33,39.79
2193,2022-08-01,2022,Online,Midlands,45-54,Silver,False,29,False,132,69.94
2194,2022-08-01,2022,Online,North,35-44,Silver,False,21,True,221,69.94
2195,2022-08-01,2022,Outbound,North,55-64,Gold,True,21,True,108,121.95
2196,2022-08-01,2022,Referral,North,25-34,Silver,False,29,False,153,59.74
2197,2022-08-01,2022,Referral,North,35-44,Silver,False,29,False,132,59.74
2198,2022-08-01,2022,Outbound,Midlands,55-64,Silver,True,29,False,66,121.95
2199,2022-08-01,2022,Branch,London,35-44,Silver,False,1,True,11,152.18
2200,2022-08-01,2022,Online,Midlands,25-34,Classic,False,12,True,33,69.94
2201,2022-08-01,2022,Referral,Wales & NI,25-34,Classic,False,21,True,44,59.74
2202,2022-08-01,2022,Comparison Site,London,25-34,Silver,True,29,False,66,39.79
2203,2022-08-01,2022,Referral,South East,35-44,Gold,False,29,False,216,59.74
2204,2022-08-01,2022,Referral,Wales & NI,25-34,Gold,False,29,False,306,59.74
2205,2022-08-01,2022,Referral,London,35-44,Platinum,False,20,True,336,59.74
2206,2022-08-01,2022,Online,South East,65+,Classic,False,29,False,55,69.94
2207,2022-08-01,2022,Comparison Site,North,45-54,Classic,True,14,True,0,39.79
2208,2022-08-01,2022,Branch,South East,25-34,Gold,False,29,False,202,152.18
2209,2022-08-01,2022,Branch,London,35-44,Silver,False,24,True,160,152.18
2210,2022-08-01,2022,Branch,Midlands,55-64,Platinum,False,29,False,336,152.18
2211,2022-08-01,2022,Referral,Midlands,35-44,Silver,False,1,True,11,59.74
2212,2022-08-01,2022,Comparison Site,Scotland,35-44,Classic,True,19,True,0,39.79
2213,2022-08-01,2022,Branch,Midlands,35-44,Classic,False,29,False,0,152.18
2214,2022-08-01,2022,Online,South East,25-34,Silver,True,29,False,66,69.94
2215,2022-08-01,2022,Branch,North,55-64,Silver,False,29,False,245,152.18
2216,2022-08-01,2022,Comparison Site,South East,65+,Classic,True,2,True,0,39.79
2217,2022-08-01,2022,Online,South East,45-54,Silver,True,29,False,66,69.94
2218,2022-08-01,2022,Online,North,35-44,Classic,True,3,True,0,69.94
2219,2022-08-01,2022,Branch,London,45-54,Gold,False,29,False,216,152.18
2220,2022-08-01,2022,Online,London,25-34,Platinum,False,4,True,92,69.94
2221,2022-08-01,2022,Comparison Site,South East,25-34,Silver,True,7,True,11,39.79
2222,2022-08-01,2022,Branch,South East,18-24,Platinum,True,29,False,168,152.18
2223,2022-08-01,2022,Referral,Midlands,18-24,Gold,False,29,False,216,59.74
2224,2022-08-01,2022,Online,South East,35-44,Platinum,True,29,False,168,69.94
2225,2022-08-01,2022,Referral,South East,25-34,Silver,False,29,False,132,59.74
2226,2022-08-01,2022,Referral,Midlands,35-44,Silver,False,29,False,188,59.74
2227,2022-08-01,2022,Broker/IFA,South East,18-24,Silver,False,29,False,174,199.2
2228,2022-08-01,2022,Outbound,North,18-24,Silver,True,29,False,0,121.95
2229,2022-08-01,2022,Online,Wales & NI,18-24,Platinum,False,29,False,336,69.94
2230,2022-08-01,2022,Comparison Site,Midlands,25-34,Silver,True,11,True,55,39.79
2231,2022-08-01,2022,Branch,London,45-54,Silver,False,29,False,195,152.18
2232,2022-08-01,2022,Comparison Site,London,35-44,Classic,True,3,True,0,39.79
2233,2022-08-01,2022,Comparison Site,Midlands,18-24,Silver,True,2,True,0,39.79
2234,2022-08-01,2022,Broker/IFA,South East,45-54,Gold,False,29,False,216,199.2
2235,2022-08-01,2022,Outbound,Scotland,18-24,Gold,False,1,True,18,121.95
2236,2022-08-01,2022,Broker/IFA,North,45-54,Silver,False,29,False,99,199.2
2237,2022-08-01,2022,Broker/IFA,North,18-24,Silver,False,29,False,132,199.2
2238,2022-08-01,2022,Branch,London,25-34,Classic,False,29,False,127,152.18
2239,2022-08-01,2022,Online,Midlands,25-34,Classic,False,9,True,0,69.94
2240,2022-08-01,2022,Outbound,North,65+,Platinum,True,29,False,168,121.95
2241,2022-08-01,2022,Comparison Site,Midlands,25-34,Gold,True,20,True,108,39.79
2242,2022-08-01,2022,Online,Midlands,55-64,Silver,True,5,True,0,69.94
2243,2022-08-01,2022,Comparison Site,North,18-24,Silver,True,29,False,108,39.79
2244,2022-08-01,2022,Online,North,25-34,Classic,False,5,True,0,69.94
2245,2022-08-01,2022,Online,London,25-34,Silver,False,29,False,153,69.94
2246,2022-08-01,2022,Comparison Site,London,25-34,Gold,False,10,True,180,39.79
2247,2022-08-01,2022,Referral,London,35-44,Silver,False,29,False,132,59.74
2248,2022-08-01,2022,Broker/IFA,London,25-34,Platinum,False,29,False,246,199.2
2249,2022-08-01,2022,Broker/IFA,London,25-34,Gold,True,29,False,108,199.2
2250,2022-08-01,2022,Referral,London,65+,Silver,False,6,True,66,59.74
2251,2022-08-01,2022,Branch,South East,35-44,Silver,False,29,False,202,152.18
2252,2022-08-01,2022,Online,South East,18-24,Classic,False,10,True,11,69.94
2253,2022-08-01,2022,Comparison Site,London,45-54,Silver,True,22,True,66,39.79
2254,2022-08-01,2022,Comparison Site,London,65+,Silver,True,7,True,11,39.79
2255,2022-08-01,2022,Online,Midlands,25-34,Silver,True,29,False,66,69.94
2256,2022-08-01,2022,Comparison Site,Midlands,45-54,Classic,True,29,False,66,39.79
2257,2022-08-01,2022,Online,Midlands,45-54,Silver,True,29,False,66,69.94
2258,2022-08-01,2022,Online,Scotland,45-54,Classic,True,8,True,0,69.94
2259,2022-08-01,2022,Comparison Site,Scotland,35-44,Classic,False,2,True,0,39.79
2260,2022-08-01,2022,Comparison Site,Midlands,25-34,Gold,False,29,False,174,39.79
2261,2022-08-01,2022,Outbound,South East,65+,Gold,True,29,False,108,121.95
2262,2022-08-01,2022,Comparison Site,Midlands,65+,Silver,False,2,True,11,39.79
2263,2022-08-01,2022,Branch,Scotland,25-34,Gold,False,12,True,236,152.18
2264,2022-08-01,2022,Branch,Scotland,65+,Gold,False,29,False,216,152.18
2265,2022-08-01,2022,Online,London,45-54,Silver,False,26,True,132,69.94
2266,2022-08-01,2022,Branch,London,35-44,Silver,True,29,False,168,152.18
2267,2022-08-01,2022,Online,North,45-54,Silver,False,24,True,132,69.94
2268,2022-08-01,2022,Online,London,25-34,Silver,False,8,True,88,69.94
2269,2022-08-01,2022,Online,Scotland,65+,Silver,True,29,False,148,69.94
2270,2022-08-01,2022,Referral,North,45-54,Gold,True,29,False,168,59.74
2271,2022-08-01,2022,Comparison Site,North,18-24,Gold,True,29,False,108,39.79
2272,2022-08-01,2022,Online,Midlands,18-24,Classic,False,29,False,197,69.94
2273,2022-08-01,2022,Online,London,45-54,Silver,True,21,True,66,69.94
2274,2022-08-01,2022,Comparison Site,London,25-34,Classic,True,12,True,0,39.79
2275,2022-08-01,2022,Outbound,London,35-44,Silver,True,29,False,66,121.95
2276,2022-08-01,2022,Branch,Midlands,35-44,Platinum,False,29,False,336,152.18
2277,2022-08-01,2022,Referral,North,35-44,Silver,True,29,False,66,59.74
2278,2022-08-01,2022,Online,London,18-24,Platinum,True,29,False,168,69.94
2279,2022-08-01,2022,Comparison Site,London,45-54,Gold,True,26,True,108,39.79
2280,2022-08-01,2022,Referral,North,25-34,Silver,False,20,True,132,59.74
2281,2022-08-01,2022,Online,Scotland,35-44,Classic,False,3,True,0,69.94
2282,2022-08-01,2022,Branch,South East,35-44,Silver,False,29,False,209,152.18
2283,2022-08-01,2022,Branch,London,55-64,Platinum,False,29,False,336,152.18
2284,2022-08-01,2022,Comparison Site,London,45-54,Classic,False,2,True,0,39.79
2285,2022-08-01,2022,Referral,London,25-34,Classic,False,2,True,0,59.74
2286,2022-08-01,2022,Outbound,Wales & NI,18-24,Gold,False,17,True,216,121.95
2287,2022-08-01,2022,Comparison Site,London,25-34,Silver,False,15,True,132,39.79
2288,2022-08-01,2022,Comparison Site,Midlands,65+,Gold,False,16,True,174,39.79
2289,2022-08-01,2022,Comparison Site,North,25-34,Classic,True,29,False,0,39.79
2290,2022-08-01,2022,Referral,London,35-44,Gold,False,29,False,216,59.74
2291,2022-08-01,2022,Branch,North,35-44,Gold,False,10,True,260,152.18
2292,2022-08-01,2022,Comparison Site,Midlands,55-64,Silver,True,23,True,66,39.79
2293,2022-08-01,2022,Comparison Site,Scotland,65+,Silver,False,13,True,132,39.79
2294,2022-08-01,2022,Online,London,25-34,Classic,False,5,True,0,69.94
2295,2022-08-01,2022,Outbound,North,45-54,Gold,False,16,True,216,121.95
2296,2022-08-01,2022,Comparison Site,Wales & NI,55-64,Silver,False,22,True,99,39.79
2297,2022-08-01,2022,Comparison Site,South East,25-34,Silver,False,11,True,88,39.79
2298,2022-08-01,2022,Comparison Site,Midlands,25-34,Silver,True,15,True,66,39.79
2299,2022-08-01,2022,Branch,North,25-34,Gold,False,29,False,216,152.18
2300,2022-08-01,2022,Comparison Site,South East,35-44,Gold,True,29,False,108,39.79
2301,2022-08-01,2022,Comparison Site,North,55-64,Classic,True,5,True,0,39.79
2302,2022-08-01,2022,Comparison Site,South East,25-34,Silver,False,8,True,11,39.79
2303,2022-08-01,2022,Branch,Midlands,45-54,Gold,False,11,True,198,152.18
2304,2022-08-01,2022,Outbound,London,35-44,Silver,True,29,False,80,121.95
2305,2022-08-01,2022,Comparison Site,London,45-54,Silver,False,9,True,99,39.79
2306,2022-08-01,2022,Comparison Site,South East,18-24,Classic,True,1,True,0,39.79
2307,2022-08-01,2022,Referral,Wales & NI,55-64,Silver,True,29,False,66,59.74
2308,2022-08-01,2022,Branch,London,18-24,Classic,False,29,False,0,152.18
2309,2022-08-01,2022,Online,South East,65+,Classic,True,23,True,0,69.94
2310,2022-08-01,2022,Comparison Site,South East,35-44,Gold,True,29,False,108,39.79
2311,2022-08-01,2022,Comparison Site,North,25-34,Classic,False,17,True,77,39.79
2312,2022-08-01,2022,Comparison Site,North,35-44,Gold,True,29,False,108,39.79
2313,2022-08-01,2022,Branch,South East,45-54,Classic,True,3,True,0,152.18
2314,2022-08-01,2022,Broker/IFA,North,65+,Gold,True,29,False,108,199.2
2315,2022-08-01,2022,Referral,South East,45-54,Gold,False,29,False,177,59.74
2316,2022-08-01,2022,Online,Scotland,25-34,Classic,False,5,True,0,69.94
2317,2022-08-01,2022,Comparison Site,London,35-44,Silver,False,6,True,66,39.79
2318,2022-08-01,2022,Comparison Site,Wales & NI,55-64,Classic,False,16,True,0,39.79
2319,2022-08-01,2022,Branch,Wales & NI,35-44,Platinum,False,3,True,64,152.18
2320,2022-08-01,2022,Outbound,North,18-24,Gold,False,15,True,216,121.95
2321,2022-08-01,2022,Comparison Site,London,25-34,Gold,True,29,False,80,39.79
2322,2022-08-01,2022,Branch,Midlands,65+,Gold,False,29,False,216,152.18
2323,2022-08-01,2022,Online,Wales & NI,25-34,Silver,False,29,False,174,69.94
2324,2022-08-01,2022,Outbound,South East,25-34,Silver,True,13,True,80,121.95
2325,2022-08-01,2022,Broker/IFA,Midlands,35-44,Gold,False,29,False,216,199.2
2326,2022-08-01,2022,Branch,Scotland,35-44,Gold,False,1,True,18,152.18
2327,2022-08-01,2022,Comparison Site,London,35-44,Classic,True,21,True,0,39.79
2328,2022-08-01,2022,Comparison Site,London,25-34,Silver,False,29,False,153,39.79
2329,2022-08-01,2022,Outbound,Midlands,25-34,Silver,True,29,False,94,121.95
2330,2022-08-01,2022,Referral,Scotland,35-44,Silver,False,29,False,132,59.74
2331,2022-08-01,2022,Online,South East,18-24,Gold,False,8,True,144,69.94
2332,2022-08-01,2022,Outbound,Midlands,55-64,Silver,True,16,True,108,121.95
2333,2022-08-01,2022,Online,South East,35-44,Platinum,False,3,True,84,69.94
2334,2022-08-01,2022,Online,Midlands,18-24,Silver,False,15,True,132,69.94
2335,2022-08-01,2022,Comparison Site,North,25-34,Classic,False,29,False,0,39.79
2336,2022-08-01,2022,Comparison Site,Midlands,45-54,Classic,False,29,False,0,39.79
2337,2022-08-01,2022,Outbound,North,25-34,Silver,False,25,True,132,121.95
2338,2022-08-01,2022,Online,Midlands,18-24,Silver,True,24,True,66,69.94
2339,2022-08-01,2022,Referral,North,35-44,Gold,False,29,False,316,59.74
2340,2022-08-01,2022,Comparison Site,North,25-34,Classic,True,10,True,0,39.79
2341,2022-08-01,2022,Referral,London,18-24,Silver,False,29,False,132,59.74
2342,2022-08-01,2022,Online,South East,55-64,Classic,True,2,True,0,69.94
2343,2022-08-01,2022,Outbound,North,25-34,Gold,False,29,False,216,121.95
2344,2022-08-01,2022,Outbound,South East,18-24,Classic,False,29,False,44,121.95
2345,2022-08-01,2022,Outbound,North,45-54,Gold,False,29,False,216,121.95
2346,2022-08-01,2022,Comparison Site,North,25-34,Silver,True,7,True,11,39.79
2347,2022-08-01,2022,Branch,Midlands,45-54,Silver,False,29,False,132,152.18
2348,2022-08-01,2022,Branch,London,35-44,Silver,False,29,False,209,152.18
2349,2022-08-01,2022,Online,South East,45-54,Platinum,True,2,True,0,69.94
2350,2022-08-01,2022,Online,Midlands,25-34,Classic,True,9,True,0,69.94
2351,2022-08-01,2022,Online,Midlands,55-64,Gold,False,29,False,216,69.94
2352,2022-08-01,2022,Branch,South East,45-54,Platinum,False,29,False,336,152.18
2353,2022-08-01,2022,Branch,Midlands,55-64,Gold,False,29,False,216,152.18
2354,2022-08-01,2022,Branch,North,25-34,Silver,False,29,False,88,152.18
2355,2022-08-01,2022,Comparison Site,London,45-54,Classic,False,4,True,0,39.79
2356,2022-08-01,2022,Broker/IFA,Midlands,55-64,Gold,False,29,False,216,199.2
2357,2022-08-01,2022,Online,Scotland,25-34,Gold,False,29,False,216,69.94
2358,2022-08-01,2022,Outbound,South East,35-44,Classic,False,2,True,0,121.95
2359,2022-08-01,2022,Online,Midlands,65+,Classic,False,29,False,0,69.94
2360,2022-08-01,2022,Comparison Site,Wales & NI,55-64,Classic,False,29,False,0,39.79
2361,2022-08-01,2022,Referral,London,25-34,Silver,False,29,False,209,59.74
2362,2022-08-01,2022,Branch,South East,25-34,Gold,False,29,False,216,152.18
2363,2022-08-01,2022,Comparison Site,Scotland,45-54,Classic,False,15,True,0,39.79
2364,2022-08-01,2022,Broker/IFA,South East,35-44,Platinum,False,29,False,336,199.2
2365,2022-08-01,2022,Broker/IFA,Scotland,35-44,Gold,False,15,True,209,199.2
2366,2022-08-01,2022,Comparison Site,North,35-44,Silver,True,29,False,66,39.79
2367,2022-08-01,2022,Online,North,45-54,Classic,False,4,True,0,69.94
2368,2022-08-01,2022,Referral,North,45-54,Gold,False,29,False,202,59.74
2369,2022-08-01,2022,Branch,London,35-44,Gold,True,29,False,108,152.18
2370,2022-08-01,2022,Broker/IFA,London,35-44,Gold,False,20,True,188,199.2
2371,2022-08-01,2022,Outbound,North,55-64,Gold,True,29,False,108,121.95
2372,2022-08-01,2022,Comparison Site,South East,35-44,Classic,True,11,True,0,39.79
2373,2022-08-01,2022,Online,South East,65+,Silver,False,22,True,146,69.94
2374,2022-08-01,2022,Referral,South East,55-64,Platinum,False,29,False,336,59.74
2375,2022-08-01,2022,Online,Scotland,45-54,Classic,True,7,True,0,69.94
2376,2022-08-01,2022,Comparison Site,Midlands,18-24,Silver,False,12,True,110,39.79
2377,2022-08-01,2022,Broker/IFA,Wales & NI,45-54,Gold,False,29,False,286,199.2
2378,2022-08-01,2022,Outbound,Wales & NI,25-34,Classic,False,8,True,0,121.95
2379,2022-08-01,2022,Outbound,South East,35-44,Classic,True,8,True,0,121.95
2380,2022-08-01,2022,Branch,Wales & NI,35-44,Classic,False,2,True,0,152.18
2381,2022-08-01,2022,Comparison Site,North,55-64,Classic,False,26,True,0,39.79
2382,2022-08-01,2022,Comparison Site,Wales & NI,18-24,Silver,True,29,False,66,39.79
2383,2022-08-01,2022,Referral,Scotland,45-54,Platinum,False,12,True,336,59.74
2384,2022-08-01,2022,Comparison Site,London,55-64,Silver,False,12,True,132,39.79
2385,2022-08-01,2022,Online,Midlands,25-34,Classic,True,11,True,0,69.94
2386,2022-08-01,2022,Comparison Site,North,25-34,Silver,True,5,True,0,39.79
2387,2022-08-01,2022,Referral,North,25-34,Gold,True,16,True,168,59.74
2388,2022-08-01,2022,Comparison Site,Midlands,18-24,Silver,True,5,True,0,39.79
2389,2022-08-01,2022,Online,North,18-24,Classic,True,7,True,0,69.94
2390,2022-08-01,2022,Comparison Site,South East,25-34,Silver,True,9,True,33,39.79
2391,2022-08-01,2022,Outbound,North,55-64,Gold,False,13,True,216,121.95
2392,2022-08-01,2022,Branch,Wales & NI,45-54,Gold,True,2,True,0,152.18
2393,2022-08-01,2022,Online,London,25-34,Classic,False,5,True,0,69.94
2394,2022-08-01,2022,Outbound,North,45-54,Gold,True,11,True,90,121.95
2395,2022-08-01,2022,Comparison Site,Midlands,18-24,Silver,False,1,True,11,39.79
2396,2022-08-01,2022,Comparison Site,Wales & NI,35-44,Classic,True,7,True,0,39.79
2397,2022-08-01,2022,Comparison Site,London,35-44,Gold,True,29,False,66,39.79
2398,2022-08-01,2022,Comparison Site,South East,55-64,Classic,True,2,True,0,39.79
2399,2022-08-01,2022,Referral,North,65+,Platinum,False,11,True,308,59.74
2400,2022-08-01,2022,Online,Midlands,25-34,Silver,False,29,False,132,69.94
2401,2022-08-01,2022,Outbound,Midlands,25-34,Gold,False,29,False,236,121.95
2402,2022-08-01,2022,Branch,North,45-54,Gold,False,29,False,306,152.18
2403,2022-08-01,2022,Comparison Site,Midlands,25-34,Classic,True,4,True,0,39.79
2404,2022-08-01,2022,Broker/IFA,North,35-44,Gold,False,5,True,62,199.2
2405,2022-08-01,2022,Referral,London,65+,Silver,False,29,False,160,59.74
2406,2022-08-01,2022,Outbound,Wales & NI,18-24,Silver,False,26,True,11,121.95
2407,2022-08-01,2022,Online,Scotland,18-24,Platinum,False,5,True,130,69.94
2408,2022-08-01,2022,Branch,South East,25-34,Platinum,False,29,False,296,152.18
2409,2022-08-01,2022,Branch,London,55-64,Gold,False,29,False,246,152.18
2410,2022-08-01,2022,Broker/IFA,London,45-54,Platinum,False,29,False,336,199.2
2411,2022-08-01,2022,Comparison Site,Midlands,45-54,Silver,True,29,False,66,39.79
2412,2022-08-01,2022,Referral,Midlands,25-34,Silver,False,3,True,33,59.74
2413,2022-08-01,2022,Referral,Midlands,45-54,Platinum,False,29,False,336,59.74
2414,2022-08-01,2022,Broker/IFA,North,25-34,Silver,False,12,True,44,199.2
2415,2022-08-01,2022,Online,London,35-44,Classic,True,7,True,0,69.94
2416,2022-08-01,2022,Broker/IFA,Midlands,65+,Silver,False,3,True,33,199.2
2417,2022-08-01,2022,Online,North,25-34,Silver,True,25,True,66,69.94
2418,2022-08-01,2022,Outbound,Wales & NI,45-54,Classic,False,13,True,0,121.95
2419,2022-08-01,2022,Referral,Midlands,65+,Silver,False,29,False,132,59.74
2420,2022-08-01,2022,Comparison Site,London,25-34,Gold,False,29,False,216,39.79
2421,2022-08-01,2022,Outbound,Midlands,25-34,Gold,False,15,True,216,121.95
2422,2022-08-01,2022,Comparison Site,North,25-34,Classic,True,29,False,0,39.79
2423,2022-08-01,2022,Comparison Site,London,35-44,Gold,True,22,True,168,39.79
2424,2022-08-01,2022,Online,Midlands,25-34,Silver,True,29,False,94,69.94
2425,2022-08-01,2022,Comparison Site,South East,25-34,Classic,False,15,True,0,39.79
2426,2022-08-01,2022,Branch,Scotland,25-34,Silver,False,21,True,132,152.18
2427,2022-08-01,2022,Broker/IFA,London,45-54,Platinum,False,29,False,226,199.2
2428,2022-08-01,2022,Online,Wales & NI,65+,Classic,False,9,True,0,69.94
2429,2022-08-01,2022,Branch,South East,55-64,Platinum,False,29,False,256,152.18
2430,2022-08-01,2022,Branch,Midlands,35-44,Silver,False,27,True,181,152.18
2431,2022-08-01,2022,Referral,Midlands,65+,Gold,True,5,True,0,59.74
2432,2022-08-01,2022,Online,London,25-34,Silver,True,7,True,11,69.94
2433,2022-08-01,2022,Online,North,18-24,Platinum,False,29,False,276,69.94
2434,2022-08-01,2022,Branch,London,35-44,Gold,False,29,False,188,152.18
2435,2022-08-01,2022,Referral,London,35-44,Classic,False,29,False,130,59.74
2436,2022-08-01,2022,Comparison Site,North,55-64,Platinum,True,29,False,168,39.79
2437,2022-08-01,2022,Outbound,London,45-54,Silver,True,24,True,66,121.95
2438,2022-08-01,2022,Branch,South East,45-54,Classic,False,5,True,33,152.18
2439,2022-08-01,2022,Comparison Site,South East,35-44,Silver,True,22,True,66,39.79
2440,2022-08-01,2022,Outbound,South East,35-44,Silver,False,29,False,188,121.95
2441,2022-08-01,2022,Outbound,Midlands,45-54,Silver,True,1,True,0,121.95
2442,2022-08-01,2022,Branch,London,65+,Platinum,False,29,False,336,152.18
2443,2022-08-01,2022,Comparison Site,Midlands,35-44,Gold,False,29,False,256,39.79
2444,2022-08-01,2022,Online,London,55-64,Silver,False,5,True,33,69.94
2445,2022-08-01,2022,Comparison Site,South East,25-34,Classic,True,1,True,0,39.79
2446,2022-08-01,2022,Online,North,25-34,Platinum,True,7,True,28,69.94
2447,2022-08-01,2022,Online,London,25-34,Classic,False,5,True,22,69.94
2448,2022-08-01,2022,Comparison Site,South East,25-34,Gold,True,29,False,108,39.79
2449,2022-08-01,2022,Comparison Site,Wales & NI,35-44,Silver,True,29,False,66,39.79
2450,2022-08-01,2022,Online,Midlands,25-34,Gold,False,29,False,216,69.94
2451,2022-08-01,2022,Outbound,Scotland,25-34,Gold,True,1,True,0,121.95
2452,2022-08-01,2022,Branch,Midlands,35-44,Silver,False,29,False,160,152.18
2453,2022-08-01,2022,Comparison Site,Scotland,18-24,Classic,False,8,True,22,39.79
2454,2022-08-01,2022,Online,North,35-44,Classic,False,1,True,0,69.94
2455,2022-08-01,2022,Online,South East,25-34,Silver,False,27,True,77,69.94
2456,2022-08-01,2022,Broker/IFA,London,25-34,Classic,False,29,False,76,199.2
2457,2022-08-01,2022,Online,South East,25-34,Classic,False,29,False,156,69.94
2458,2022-08-01,2022,Broker/IFA,Midlands,35-44,Platinum,False,19,True,276,199.2
2459,2022-08-01,2022,Outbound,London,25-34,Classic,True,7,True,11,121.95
2460,2022-08-01,2022,Online,South East,25-34,Silver,False,29,False,44,69.94
2461,2022-08-01,2022,Comparison Site,Midlands,25-34,Platinum,True,29,False,168,39.79
2462,2022-08-01,2022,Broker/IFA,North,35-44,Gold,False,29,False,266,199.2
2463,2022-08-01,2022,Branch,Midlands,45-54,Platinum,True,29,False,138,152.18
2464,2022-08-01,2022,Branch,London,35-44,Gold,False,29,False,316,152.18
2465,2022-08-01,2022,Online,South East,18-24,Silver,False,10,True,110,69.94
2466,2022-08-01,2022,Comparison Site,London,35-44,Gold,True,5,True,0,39.79
2467,2022-08-01,2022,Comparison Site,Scotland,35-44,Classic,True,6,True,0,39.79
2468,2022-08-01,2022,Online,South East,45-54,Gold,False,29,False,202,69.94
2469,2022-08-01,2022,Online,South East,25-34,Classic,False,29,False,47,69.94
2470,2022-08-01,2022,Online,South East,55-64,Gold,True,29,False,108,69.94
2471,2022-08-01,2022,Comparison Site,South East,25-34,Classic,True,7,True,0,39.79
2472,2022-08-01,2022,Comparison Site,Midlands,18-24,Classic,False,1,True,0,39.79
2473,2022-08-01,2022,Branch,North,45-54,Gold,False,29,False,216,152.18
2474,2022-08-01,2022,Comparison Site,London,25-34,Classic,True,7,True,0,39.79
2475,2022-08-01,2022,Comparison Site,North,55-64,Silver,False,8,True,88,39.79
2476,2022-08-01,2022,Online,London,35-44,Classic,True,3,True,0,69.94
2477,2022-08-01,2022,Comparison Site,Scotland,35-44,Classic,True,7,True,0,39.79
2478,2022-08-01,2022,Comparison Site,North,25-34,Silver,True,3,True,0,39.79
2479,2022-08-01,2022,Outbound,Midlands,65+,Silver,True,22,True,66,121.95
2480,2022-08-01,2022,Comparison Site,South East,55-64,Silver,False,29,False,99,39.79
2481,2022-08-01,2022,Referral,North,35-44,Platinum,False,29,False,336,59.74
2482,2022-08-01,2022,Branch,London,35-44,Gold,False,4,True,72,152.18
2483,2022-08-01,2022,Outbound,South East,18-24,Silver,False,5,True,55,121.95
2484,2022-08-01,2022,Online,London,55-64,Gold,False,29,False,216,69.94
2485,2022-08-01,2022,Branch,Scotland,65+,Classic,False,29,False,0,152.18
2486,2022-08-01,2022,Comparison Site,Midlands,45-54,Classic,True,7,True,11,39.79
2487,2022-08-01,2022,Comparison Site,London,18-24,Silver,True,11,True,69,39.79
2488,2022-08-01,2022,Branch,North,18-24,Gold,False,29,False,188,152.18
2489,2022-08-01,2022,Online,North,35-44,Gold,True,14,True,108,69.94
2490,2022-08-01,2022,Comparison Site,London,35-44,Classic,False,9,True,0,39.79
2491,2022-08-01,2022,Comparison Site,North,35-44,Gold,False,29,False,216,39.79
2492,2022-08-01,2022,Comparison Site,London,25-34,Gold,False,29,False,216,39.79
2493,2022-08-01,2022,Comparison Site,Scotland,25-34,Silver,True,2,True,0,39.79
2494,2022-08-01,2022,Comparison Site,London,65+,Classic,True,8,True,0,39.79
2495,2022-08-01,2022,Referral,London,45-54,Silver,False,3,True,33,59.74
2496,2022-08-01,2022,Outbound,London,25-34,Classic,True,27,True,0,121.95
2497,2022-08-01,2022,Comparison Site,London,55-64,Silver,True,7,True,0,39.79
2498,2022-08-01,2022,Comparison Site,Scotland,45-54,Silver,False,23,True,146,39.79
2499,2022-09-01,2022,Outbound,North,45-54,Gold,False,25,True,216,121.95
2500,2022-09-01,2022,Referral,London,35-44,Gold,False,28,False,181,59.74
2501,2022-09-01,2022,Comparison Site,North,45-54,Classic,False,22,True,0,39.79
2502,2022-09-01,2022,Broker/IFA,London,25-34,Gold,False,28,False,216,199.2
2503,2022-09-01,2022,Branch,North,65+,Gold,False,28,False,181,152.18
2504,2022-09-01,2022,Comparison Site,Scotland,55-64,Gold,False,28,False,216,39.79
2505,2022-09-01,2022,Comparison Site,Wales & NI,45-54,Classic,True,21,True,0,39.79
2506,2022-09-01,2022,Referral,North,25-34,Gold,False,19,True,146,59.74
2507,2022-09-01,2022,Online,North,18-24,Platinum,False,1,True,28,69.94
2508,2022-09-01,2022,Comparison Site,Midlands,18-24,Classic,True,2,True,0,39.79
2509,2022-09-01,2022,Comparison Site,South East,55-64,Classic,True,3,True,0,39.79
2510,2022-09-01,2022,Comparison Site,Wales & NI,45-54,Gold,True,19,True,80,39.79
2511,2022-09-01,2022,Comparison Site,Midlands,55-64,Silver,True,28,False,66,39.79
2512,2022-09-01,2022,Comparison Site,Scotland,45-54,Silver,True,2,True,0,39.79
2513,2022-09-01,2022,Comparison Site,North,35-44,Classic,False,13,True,33,39.79
2514,2022-09-01,2022,Branch,South East,25-34,Gold,False,8,True,144,152.18
2515,2022-09-01,2022,Comparison Site,London,45-54,Classic,False,4,True,0,39.79
2516,2022-09-01,2022,Online,London,25-34,Silver,True,28,False,108,69.94
2517,2022-09-01,2022,Broker/IFA,North,65+,Silver,False,17,True,132,199.2
2518,2022-09-01,2022,Comparison Site,North,35-44,Classic,True,11,True,0,39.79
2519,2022-09-01,2022,Online,Scotland,35-44,Silver,False,1,True,11,69.94
2520,2022-09-01,2022,Referral,Scotland,18-24,Silver,False,28,False,88,59.74
2521,2022-09-01,2022,Comparison Site,London,35-44,Classic,True,2,True,0,39.79
2522,2022-09-01,2022,Outbound,London,45-54,Gold,False,28,False,216,121.95
2523,2022-09-01,2022,Comparison Site,London,45-54,Silver,True,7,True,11,39.79
2524,2022-09-01,2022,Comparison Site,Midlands,35-44,Classic,True,26,True,0,39.79
2525,2022-09-01,2022,Comparison Site,Midlands,55-64,Classic,True,2,True,0,39.79
2526,2022-09-01,2022,Comparison Site,North,35-44,Classic,False,3,True,0,39.79
2527,2022-09-01,2022,Outbound,London,45-54,Classic,True,1,True,0,121.95
2528,2022-09-01,2022,Outbound,South East,25-34,Classic,True,28,False,0,121.95
2529,2022-09-01,2022,Comparison Site,Midlands,55-64,Gold,False,28,False,216,39.79
2530,2022-09-01,2022,Comparison Site,Wales & NI,55-64,Silver,True,28,False,66,39.79
2531,2022-09-01,2022,Online,London,45-54,Platinum,False,8,True,224,69.94
2532,2022-09-01,2022,Outbound,South East,45-54,Silver,False,1,True,11,121.95
2533,2022-09-01,2022,Branch,South East,45-54,Gold,False,28,False,216,152.18
2534,2022-09-01,2022,Online,Scotland,35-44,Silver,False,28,False,132,69.94
2535,2022-09-01,2022,Comparison Site,London,55-64,Classic,True,4,True,0,39.79
2536,2022-09-01,2022,Online,London,45-54,Gold,False,28,False,202,69.94
2537,2022-09-01,2022,Online,Midlands,18-24,Platinum,False,28,False,336,69.94
2538,2022-09-01,2022,Outbound,London,18-24,Classic,False,9,True,0,121.95
2539,2022-09-01,2022,Comparison Site,London,35-44,Classic,True,5,True,0,39.79
2540,2022-09-01,2022,Comparison Site,London,18-24,Gold,True,7,True,18,39.79
2541,2022-09-01,2022,Online,North,45-54,Silver,False,1,True,11,69.94
2542,2022-09-01,2022,Online,Wales & NI,45-54,Gold,True,28,False,108,69.94
2543,2022-09-01,2022,Online,Midlands,35-44,Classic,True,28,False,0,69.94
2544,2022-09-01,2022,Online,South East,35-44,Silver,False,24,True,132,69.94
2545,2022-09-01,2022,Online,Midlands,65+,Classic,False,2,True,0,69.94
2546,2022-09-01,2022,Online,North,35-44,Classic,True,11,True,0,69.94
2547,2022-09-01,2022,Branch,North,45-54,Platinum,False,28,False,266,152.18
2548,2022-09-01,2022,Outbound,South East,35-44,Gold,False,28,False,127,121.95
2549,2022-09-01,2022,Referral,Wales & NI,35-44,Gold,False,28,False,226,59.74
2550,2022-09-01,2022,Online,London,25-34,Silver,False,3,True,33,69.94
2551,2022-09-01,2022,Outbound,Midlands,18-24,Silver,True,28,False,66,121.95
2552,2022-09-01,2022,Comparison Site,Scotland,55-64,Classic,False,21,True,0,39.79
2553,2022-09-01,2022,Branch,Wales & NI,65+,Silver,False,21,True,160,152.18
2554,2022-09-01,2022,Branch,North,65+,Classic,True,28,False,66,152.18
2555,2022-09-01,2022,Online,South East,25-34,Classic,False,28,False,0,69.94
2556,2022-09-01,2022,Outbound,Wales & NI,25-34,Gold,False,25,True,216,121.95
2557,2022-09-01,2022,Comparison Site,North,25-34,Silver,True,7,True,11,39.79
2558,2022-09-01,2022,Branch,South East,25-34,Gold,False,28,False,216,152.18
2559,2022-09-01,2022,Referral,London,25-34,Platinum,False,20,True,336,59.74
2560,2022-09-01,2022,Branch,South East,18-24,Silver,True,28,False,66,152.18
2561,2022-09-01,2022,Online,North,25-34,Silver,False,21,True,132,69.94
2562,2022-09-01,2022,Referral,North,18-24,Platinum,True,28,False,168,59.74
2563,2022-09-01,2022,Outbound,Midlands,35-44,Gold,False,23,True,226,121.95
2564,2022-09-01,2022,Comparison Site,Scotland,35-44,Classic,True,5,True,0,39.79
2565,2022-09-01,2022,Branch,London,35-44,Silver,True,13,True,0,152.18
2566,2022-09-01,2022,Comparison Site,Scotland,25-34,Silver,True,2,True,0,39.79
2567,2022-09-01,2022,Online,North,45-54,Platinum,False,28,False,336,69.94
2568,2022-09-01,2022,Referral,Midlands,55-64,Gold,False,28,False,216,59.74
2569,2022-09-01,2022,Broker/IFA,London,45-54,Platinum,False,28,False,296,199.2
2570,2022-09-01,2022,Online,London,25-34,Classic,True,24,True,0,69.94
2571,2022-09-01,2022,Comparison Site,London,35-44,Silver,True,2,True,0,39.79
2572,2022-09-01,2022,Online,South East,25-34,Gold,False,28,False,216,69.94
2573,2022-09-01,2022,Online,South East,25-34,Classic,False,5,True,0,69.94
2574,2022-09-01,2022,Referral,North,25-34,Gold,False,6,True,108,59.74
2575,2022-09-01,2022,Online,Midlands,35-44,Silver,False,2,True,22,69.94
2576,2022-09-01,2022,Branch,South East,25-34,Gold,True,28,False,108,152.18
2577,2022-09-01,2022,Outbound,Wales & NI,25-34,Gold,False,28,False,216,121.95
2578,2022-09-01,2022,Online,London,35-44,Classic,True,28,False,0,69.94
2579,2022-09-01,2022,Branch,Midlands,25-34,Gold,True,28,False,168,152.18
2580,2022-09-01,2022,Outbound,Scotland,45-54,Silver,False,27,True,132,121.95
2581,2022-09-01,2022,Broker/IFA,London,25-34,Silver,False,28,False,132,199.2
2582,2022-09-01,2022,Referral,South East,35-44,Gold,False,24,True,139,59.74
2583,2022-09-01,2022,Comparison Site,London,25-34,Classic,True,17,True,0,39.79
2584,2022-09-01,2022,Branch,London,35-44,Gold,False,28,False,246,152.18
2585,2022-09-01,2022,Branch,South East,45-54,Platinum,False,28,False,336,152.18
2586,2022-09-01,2022,Online,London,25-34,Classic,True,7,True,0,69.94
2587,2022-09-01,2022,Comparison Site,Midlands,25-34,Classic,True,5,True,0,39.79
2588,2022-09-01,2022,Comparison Site,London,35-44,Classic,True,5,True,0,39.79
2589,2022-09-01,2022,Online,North,45-54,Classic,False,28,False,0,69.94
2590,2022-09-01,2022,Outbound,Midlands,18-24,Gold,False,7,True,126,121.95
2591,2022-09-01,2022,Comparison Site,Wales & NI,25-34,Classic,True,26,True,33,39.79
2592,2022-09-01,2022,Outbound,London,35-44,Classic,False,3,True,0,121.95
2593,2022-09-01,2022,Comparison Site,North,25-34,Classic,False,19,True,0,39.79
2594,2022-09-01,2022,Broker/IFA,Midlands,25-34,Gold,False,28,False,216,199.2
2595,2022-09-01,2022,Online,Scotland,45-54,Gold,True,18,True,94,69.94
2596,2022-09-01,2022,Online,North,35-44,Platinum,False,1,True,28,69.94
2597,2022-09-01,2022,Comparison Site,North,18-24,Classic,True,7,True,0,39.79
2598,2022-09-01,2022,Referral,Midlands,35-44,Gold,False,1,True,18,59.74
2599,2022-09-01,2022,Online,South East,45-54,Classic,False,11,True,22,69.94
2600,2022-09-01,2022,Online,London,65+,Gold,False,5,True,90,69.94
2601,2022-09-01,2022,Branch,South East,55-64,Classic,False,1,True,0,152.18
2602,2022-09-01,2022,Online,North,25-34,Silver,False,28,False,110,69.94
2603,2022-09-01,2022,Online,London,25-34,Gold,False,28,False,296,69.94
2604,2022-09-01,2022,Referral,London,65+,Gold,True,28,False,108,59.74
2605,2022-09-01,2022,Outbound,Midlands,55-64,Classic,False,15,True,0,121.95
2606,2022-09-01,2022,Referral,Midlands,45-54,Gold,True,28,False,168,59.74
2607,2022-09-01,2022,Broker/IFA,London,45-54,Gold,True,28,False,138,199.2
2608,2022-09-01,2022,Comparison Site,Midlands,45-54,Gold,True,28,False,108,39.79
2609,2022-09-01,2022,Online,London,45-54,Gold,False,28,False,216,69.94
2610,2022-09-01,2022,Referral,North,45-54,Classic,False,5,True,0,59.74
2611,2022-09-01,2022,Broker/IFA,North,45-54,Classic,True,7,True,0,199.2
2612,2022-09-01,2022,Outbound,North,65+,Gold,False,23,True,216,121.95
2613,2022-09-01,2022,Broker/IFA,London,35-44,Gold,False,28,False,216,199.2
2614,2022-09-01,2022,Broker/IFA,North,45-54,Gold,False,11,True,198,199.2
2615,2022-09-01,2022,Comparison Site,South East,45-54,Silver,True,28,False,66,39.79
2616,2022-09-01,2022,Broker/IFA,Midlands,25-34,Gold,False,28,False,216,199.2
2617,2022-09-01,2022,Online,London,45-54,Platinum,False,28,False,336,69.94
2618,2022-09-01,2022,Online,London,65+,Gold,True,28,False,108,69.94
2619,2022-09-01,2022,Comparison Site,London,35-44,Silver,False,28,False,22,39.79
2620,2022-09-01,2022,Comparison Site,South East,55-64,Silver,False,14,True,132,39.79
2621,2022-09-01,2022,Online,Scotland,25-34,Silver,False,28,False,132,69.94
2622,2022-09-01,2022,Branch,London,35-44,Platinum,False,28,False,336,152.18
2623,2022-09-01,2022,Branch,North,25-34,Silver,True,8,True,22,152.18
2624,2022-09-01,2022,Online,South East,45-54,Gold,False,16,True,216,69.94
2625,2022-09-01,2022,Outbound,Midlands,55-64,Classic,False,18,True,0,121.95
2626,2022-09-01,2022,Comparison Site,Wales & NI,18-24,Classic,True,7,True,0,39.79
2627,2022-09-01,2022,Referral,Wales & NI,65+,Gold,False,28,False,226,59.74
2628,2022-09-01,2022,Online,Midlands,45-54,Gold,False,28,False,216,69.94
2629,2022-09-01,2022,Referral,Scotland,25-34,Gold,True,28,False,101,59.74
2630,2022-09-01,2022,Online,London,35-44,Platinum,True,28,False,158,69.94
2631,2022-09-01,2022,Outbound,Midlands,45-54,Silver,True,1,True,0,121.95
2632,2022-09-01,2022,Comparison Site,London,55-64,Silver,False,28,False,132,39.79
2633,2022-09-01,2022,Online,London,45-54,Gold,False,28,False,236,69.94
2634,2022-09-01,2022,Comparison Site,London,25-34,Gold,True,3,True,0,39.79
2635,2022-09-01,2022,Broker/IFA,North,35-44,Gold,False,28,False,209,199.2
2636,2022-09-01,2022,Branch,North,25-34,Gold,False,28,False,216,152.18
2637,2022-09-01,2022,Outbound,London,25-34,Silver,False,28,False,132,121.95
2638,2022-09-01,2022,Branch,North,35-44,Platinum,False,28,False,336,152.18
2639,2022-09-01,2022,Outbound,London,55-64,Silver,False,28,False,132,121.95
2640,2022-09-01,2022,Branch,Wales & NI,35-44,Gold,True,28,False,108,152.18
2641,2022-09-01,2022,Comparison Site,London,25-34,Gold,False,1,True,18,39.79
2642,2022-09-01,2022,Referral,South East,45-54,Gold,False,28,False,296,59.74
2643,2022-09-01,2022,Online,South East,25-34,Silver,False,18,True,160,69.94
2644,2022-09-01,2022,Comparison Site,North,65+,Silver,True,12,True,94,39.79
2645,2022-09-01,2022,Online,London,25-34,Gold,False,28,False,216,69.94
2646,2022-09-01,2022,Online,Midlands,55-64,Classic,False,2,True,0,69.94
2647,2022-09-01,2022,Comparison Site,Scotland,55-64,Classic,True,9,True,0,39.79
2648,2022-09-01,2022,Outbound,London,35-44,Silver,False,11,True,121,121.95
2649,2022-09-01,2022,Branch,Midlands,55-64,Gold,False,28,False,216,152.18
2650,2022-09-01,2022,Comparison Site,London,25-34,Silver,True,28,False,108,39.79
2651,2022-09-01,2022,Online,North,65+,Gold,False,17,True,216,69.94
2652,2022-09-01,2022,Outbound,North,35-44,Silver,False,18,True,132,121.95
2653,2022-09-01,2022,Online,London,55-64,Classic,False,15,True,0,69.94
2654,2022-09-01,2022,Outbound,South East,35-44,Classic,True,28,False,0,121.95
2655,2022-09-01,2022,Referral,Midlands,35-44,Gold,False,28,False,181,59.74
2656,2022-09-01,2022,Comparison Site,South East,45-54,Classic,False,1,True,0,39.79
2657,2022-09-01,2022,Comparison Site,South East,35-44,Silver,True,28,False,168,39.79
2658,2022-09-01,2022,Online,London,25-34,Classic,False,28,False,22,69.94
2659,2022-09-01,2022,Branch,London,65+,Silver,True,28,False,108,152.18
2660,2022-09-01,2022,Referral,North,25-34,Gold,False,28,False,216,59.74
2661,2022-09-01,2022,Referral,Scotland,55-64,Gold,False,28,False,216,59.74
2662,2022-09-01,2022,Broker/IFA,South East,55-64,Gold,False,28,False,216,199.2
2663,2022-09-01,2022,Branch,North,55-64,Classic,False,28,False,22,152.18
2664,2022-09-01,2022,Broker/IFA,Midlands,35-44,Gold,False,28,False,216,199.2
2665,2022-09-01,2022,Comparison Site,London,35-44,Gold,True,25,True,108,39.79
2666,2022-09-01,2022,Outbound,London,35-44,Gold,False,18,True,216,121.95
2667,2022-09-01,2022,Comparison Site,Scotland,45-54,Silver,True,10,True,0,39.79
2668,2022-09-01,2022,Comparison Site,London,18-24,Silver,True,28,False,66,39.79
2669,2022-09-01,2022,Online,North,18-24,Silver,True,7,True,11,69.94
2670,2022-09-01,2022,Online,South East,55-64,Classic,True,28,False,80,69.94
2671,2022-09-01,2022,Referral,North,18-24,Platinum,True,28,False,168,59.74
2672,2022-09-01,2022,Referral,Midlands,45-54,Platinum,False,28,False,336,59.74
2673,2022-09-01,2022,Branch,London,55-64,Silver,False,28,False,99,152.18
2674,2022-09-01,2022,Comparison Site,North,25-34,Classic,False,3,True,0,39.79
2675,2022-09-01,2022,Comparison Site,North,35-44,Classic,True,7,True,0,39.79
2676,2022-09-01,2022,Comparison Site,North,45-54,Gold,True,28,False,108,39.79
2677,2022-09-01,2022,Branch,South East,45-54,Gold,True,27,True,108,152.18
2678,2022-09-01,2022,Referral,Scotland,18-24,Platinum,True,28,False,108,59.74
2679,2022-09-01,2022,Referral,London,55-64,Gold,False,28,False,316,59.74
2680,2022-09-01,2022,Outbound,London,35-44,Platinum,False,28,False,336,121.95
2681,2022-09-01,2022,Branch,London,25-34,Silver,False,27,True,132,152.18
2682,2022-09-01,2022,Referral,North,55-64,Gold,False,28,False,266,59.74
2683,2022-09-01,2022,Broker/IFA,South East,65+,Silver,False,9,True,148,199.2
2684,2022-09-01,2022,Online,Wales & NI,55-64,Platinum,False,28,False,336,69.94
2685,2022-09-01,2022,Comparison Site,South East,35-44,Silver,True,8,True,22,39.79
2686,2022-09-01,2022,Outbound,South East,45-54,Silver,False,10,True,159,121.95
2687,2022-09-01,2022,Branch,Wales & NI,25-34,Classic,False,9,True,0,152.18
2688,2022-09-01,2022,Broker/IFA,Midlands,45-54,Platinum,False,28,False,306,199.2
2689,2022-09-01,2022,Comparison Site,London,18-24,Silver,True,24,True,66,39.79
2690,2022-09-01,2022,Referral,South East,18-24,Silver,False,28,False,132,59.74
2691,2022-09-01,2022,Referral,London,45-54,Gold,False,28,False,216,59.74
2692,2022-09-01,2022,Online,Scotland,18-24,Silver,False,20,True,132,69.94
2693,2022-09-01,2022,Branch,Midlands,35-44,Silver,False,28,False,132,152.18
2694,2022-09-01,2022,Online,London,65+,Classic,False,9,True,0,69.94
2695,2022-09-01,2022,Branch,Midlands,35-44,Gold,True,28,False,108,152.18
2696,2022-09-01,2022,Branch,London,18-24,Platinum,True,28,False,168,152.18
2697,2022-09-01,2022,Referral,South East,55-64,Gold,False,28,False,216,59.74
2698,2022-09-01,2022,Online,South East,35-44,Classic,True,3,True,0,69.94
2699,2022-09-01,2022,Referral,North,55-64,Silver,True,28,False,73,59.74
2700,2022-09-01,2022,Comparison Site,Wales & NI,55-64,Classic,True,3,True,0,39.79
2701,2022-09-01,2022,Online,North,35-44,Silver,False,28,False,132,69.94
2702,2022-09-01,2022,Comparison Site,Midlands,35-44,Classic,False,1,True,0,39.79
2703,2022-09-01,2022,Outbound,London,35-44,Platinum,False,2,True,56,121.95
2704,2022-09-01,2022,Outbound,London,18-24,Silver,True,7,True,11,121.95
2705,2022-09-01,2022,Online,Midlands,35-44,Classic,False,28,False,0,69.94
2706,2022-09-01,2022,Online,London,18-24,Silver,False,28,False,132,69.94
2707,2022-09-01,2022,Comparison Site,Midlands,45-54,Classic,True,12,True,11,39.79
2708,2022-09-01,2022,Referral,North,25-34,Gold,False,28,False,160,59.74
2709,2022-09-01,2022,Comparison Site,Midlands,65+,Classic,True,22,True,0,39.79
2710,2022-09-01,2022,Comparison Site,London,18-24,Classic,False,11,True,66,39.79
2711,2022-09-01,2022,Referral,Scotland,35-44,Silver,True,28,False,66,59.74
2712,2022-09-01,2022,Online,London,18-24,Classic,False,9,True,0,69.94
2713,2022-09-01,2022,Branch,North,35-44,Gold,False,18,True,216,152.18
2714,2022-09-01,2022,Referral,Midlands,55-64,Platinum,False,7,True,196,59.74
2715,2022-09-01,2022,Online,South East,18-24,Classic,False,28,False,0,69.94
2716,2022-09-01,2022,Comparison Site,London,55-64,Classic,True,17,True,0,39.79
2717,2022-09-01,2022,Branch,Scotland,45-54,Gold,False,23,True,153,152.18
2718,2022-09-01,2022,Online,South East,35-44,Gold,False,28,False,216,69.94
2719,2022-09-01,2022,Outbound,South East,25-34,Silver,True,4,True,0,121.95
2720,2022-09-01,2022,Online,South East,45-54,Gold,True,28,False,108,69.94
2721,2022-09-01,2022,Comparison Site,North,55-64,Gold,True,11,True,90,39.79
2722,2022-09-01,2022,Outbound,London,35-44,Gold,True,20,True,108,121.95
2723,2022-09-01,2022,Online,North,35-44,Silver,True,26,True,66,69.94
2724,2022-09-01,2022,Online,London,35-44,Classic,True,15,True,66,69.94
2725,2022-09-01,2022,Referral,London,35-44,Classic,False,16,True,0,59.74
2726,2022-09-01,2022,Comparison Site,North,65+,Classic,True,5,True,0,39.79
2727,2022-09-01,2022,Branch,Scotland,35-44,Silver,True,28,False,66,152.18
2728,2022-09-01,2022,Online,Midlands,65+,Classic,True,10,True,0,69.94
2729,2022-09-01,2022,Comparison Site,North,25-34,Classic,True,26,True,0,39.79
2730,2022-09-01,2022,Online,North,35-44,Silver,False,12,True,88,69.94
2731,2022-09-01,2022,Branch,North,35-44,Classic,True,4,True,0,152.18
2732,2022-09-01,2022,Online,South East,55-64,Silver,False,28,False,132,69.94
2733,2022-09-01,2022,Comparison Site,Scotland,55-64,Silver,True,7,True,11,39.79
2734,2022-09-01,2022,Online,North,35-44,Gold,True,28,False,108,69.94
2735,2022-09-01,2022,Broker/IFA,Wales & NI,35-44,Gold,True,28,False,108,199.2
2736,2022-09-01,2022,Outbound,Scotland,35-44,Platinum,True,28,False,168,121.95
2737,2022-09-01,2022,Online,London,18-24,Silver,False,22,True,132,69.94
2738,2022-09-01,2022,Online,London,25-34,Classic,True,28,False,0,69.94
2739,2022-09-01,2022,Comparison Site,South East,45-54,Classic,True,27,True,55,39.79
2740,2022-09-01,2022,Online,South East,35-44,Gold,False,28,False,216,69.94
2741,2022-09-01,2022,Comparison Site,South East,35-44,Gold,False,2,True,36,39.79
2742,2022-09-01,2022,Branch,London,35-44,Gold,True,28,False,94,152.18
2743,2022-09-01,2022,Online,London,45-54,Silver,True,28,False,66,69.94
2744,2022-09-01,2022,Comparison Site,South East,55-64,Platinum,True,28,False,168,39.79
2745,2022-09-01,2022,Outbound,North,25-34,Classic,False,24,True,0,121.95
2746,2022-09-01,2022,Online,South East,55-64,Classic,False,28,False,11,69.94
2747,2022-09-01,2022,Comparison Site,London,25-34,Gold,True,28,False,108,39.79
2748,2022-09-01,2022,Comparison Site,South East,45-54,Classic,True,5,True,0,39.79
2749,2022-09-01,2022,Referral,South East,18-24,Gold,False,28,False,326,59.74
2750,2022-09-01,2022,Online,Midlands,35-44,Silver,True,2,True,0,69.94
2751,2022-09-01,2022,Outbound,Midlands,45-54,Gold,False,28,False,174,121.95
2752,2022-09-01,2022,Branch,London,25-34,Classic,False,28,False,99,152.18
2753,2022-09-01,2022,Outbound,Midlands,25-34,Silver,False,9,True,99,121.95
2754,2022-09-01,2022,Comparison Site,Midlands,35-44,Classic,True,17,True,0,39.79
2755,2022-09-01,2022,Online,Scotland,25-34,Silver,True,27,True,66,69.94
2756,2022-09-01,2022,Comparison Site,Midlands,35-44,Classic,True,11,True,22,39.79
2757,2022-09-01,2022,Online,Scotland,35-44,Silver,False,11,True,22,69.94
2758,2022-09-01,2022,Branch,Scotland,65+,Classic,False,26,True,22,152.18
2759,2022-09-01,2022,Branch,Midlands,35-44,Platinum,False,28,False,336,152.18
2760,2022-09-01,2022,Online,London,65+,Classic,False,21,True,44,69.94
2761,2022-09-01,2022,Referral,London,45-54,Silver,True,28,False,114,59.74
2762,2022-09-01,2022,Referral,South East,25-34,Gold,False,1,True,18,59.74
2763,2022-09-01,2022,Branch,South East,45-54,Gold,False,28,False,216,152.18
2764,2022-09-01,2022,Outbound,London,18-24,Silver,True,21,True,108,121.95
2765,2022-09-01,2022,Outbound,Scotland,55-64,Silver,True,28,False,66,121.95
2766,2022-09-01,2022,Comparison Site,South East,65+,Silver,False,19,True,121,39.79
2767,2022-09-01,2022,Comparison Site,South East,18-24,Platinum,True,22,True,168,39.79
2768,2022-09-01,2022,Comparison Site,London,25-34,Classic,True,6,True,0,39.79
2769,2022-09-01,2022,Branch,London,65+,Silver,False,7,True,77,152.18
2770,2022-09-01,2022,Comparison Site,Scotland,65+,Silver,True,28,False,66,39.79
2771,2022-09-01,2022,Online,Midlands,65+,Classic,True,28,False,44,69.94
2772,2022-09-01,2022,Outbound,Scotland,25-34,Classic,False,9,True,0,121.95
2773,2022-09-01,2022,Comparison Site,London,65+,Silver,True,28,False,66,39.79
2774,2022-09-01,2022,Comparison Site,London,45-54,Platinum,False,28,False,336,39.79
2775,2022-09-01,2022,Comparison Site,North,65+,Silver,True,28,False,66,39.79
2776,2022-09-01,2022,Outbound,North,25-34,Gold,True,1,True,0,121.95
2777,2022-09-01,2022,Outbound,Wales & NI,45-54,Classic,True,4,True,0,121.95
2778,2022-09-01,2022,Online,South East,35-44,Platinum,False,28,False,336,69.94
2779,2022-09-01,2022,Comparison Site,North,35-44,Classic,False,3,True,0,39.79
2780,2022-09-01,2022,Outbound,London,45-54,Gold,True,25,True,108,121.95
2781,2022-09-01,2022,Branch,Midlands,35-44,Silver,False,14,True,181,152.18
2782,2022-09-01,2022,Branch,Midlands,18-24,Platinum,False,28,False,336,152.18
2783,2022-09-01,2022,Comparison Site,South East,45-54,Silver,True,1,True,0,39.79
2784,2022-09-01,2022,Online,London,45-54,Silver,False,11,True,121,69.94
2785,2022-09-01,2022,Online,Midlands,65+,Silver,True,28,False,66,69.94
2786,2022-09-01,2022,Branch,Scotland,45-54,Gold,False,28,False,216,152.18
2787,2022-09-01,2022,Broker/IFA,London,25-34,Platinum,False,28,False,336,199.2
2788,2022-09-01,2022,Online,South East,25-34,Silver,True,28,False,108,69.94
2789,2022-09-01,2022,Online,London,45-54,Classic,False,11,True,0,69.94
2790,2022-09-01,2022,Comparison Site,Wales & NI,45-54,Gold,True,28,False,168,39.79
2791,2022-09-01,2022,Online,South East,25-34,Silver,False,28,False,132,69.94
2792,2022-09-01,2022,Branch,Scotland,25-34,Silver,False,28,False,132,152.18
2793,2022-09-01,2022,Online,North,35-44,Gold,False,28,False,216,69.94
2794,2022-09-01,2022,Branch,North,45-54,Gold,False,28,False,306,152.18
2795,2022-09-01,2022,Comparison Site,Midlands,25-34,Classic,False,17,True,0,39.79
2796,2022-09-01,2022,Comparison Site,Midlands,65+,Classic,True,3,True,0,39.79
2797,2022-09-01,2022,Branch,North,25-34,Classic,False,28,False,29,152.18
2798,2022-09-01,2022,Comparison Site,London,25-34,Classic,False,28,False,0,39.79
2799,2022-09-01,2022,Comparison Site,South East,45-54,Silver,True,24,True,66,39.79
2800,2022-09-01,2022,Branch,North,35-44,Platinum,False,28,False,336,152.18
2801,2022-09-01,2022,Comparison Site,North,25-34,Classic,True,5,True,0,39.79
2802,2022-09-01,2022,Outbound,South East,45-54,Silver,True,22,True,66,121.95
2803,2022-09-01,2022,Comparison Site,Midlands,35-44,Silver,False,17,True,132,39.79
2804,2022-09-01,2022,Comparison Site,South East,55-64,Platinum,True,28,False,168,39.79
2805,2022-09-01,2022,Comparison Site,Midlands,35-44,Classic,True,28,False,0,39.79
2806,2022-09-01,2022,Branch,Wales & NI,55-64,Platinum,False,28,False,336,152.18
2807,2022-09-01,2022,Online,North,65+,Classic,False,1,True,0,69.94
2808,2022-09-01,2022,Referral,Scotland,65+,Classic,False,1,True,0,59.74
2809,2022-09-01,2022,Online,Midlands,25-34,Gold,True,28,False,118,69.94
2810,2022-09-01,2022,Comparison Site,South East,35-44,Classic,True,7,True,0,39.79
2811,2022-09-01,2022,Broker/IFA,North,35-44,Classic,False,28,False,84,199.2
2812,2022-09-01,2022,Online,North,25-34,Silver,True,5,True,0,69.94
2813,2022-09-01,2022,Online,South East,25-34,Silver,False,12,True,66,69.94
2814,2022-09-01,2022,Comparison Site,North,45-54,Silver,True,7,True,11,39.79
2815,2022-09-01,2022,Referral,Wales & NI,18-24,Silver,False,28,False,181,59.74
2816,2022-09-01,2022,Comparison Site,North,55-64,Classic,True,1,True,0,39.79
2817,2022-09-01,2022,Referral,North,35-44,Gold,False,15,True,216,59.74
2818,2022-09-01,2022,Branch,Wales & NI,65+,Platinum,False,28,False,336,152.18
2819,2022-09-01,2022,Online,Scotland,65+,Classic,False,22,True,106,69.94
2820,2022-09-01,2022,Online,South East,45-54,Classic,True,7,True,11,69.94
2821,2022-09-01,2022,Referral,South East,65+,Gold,True,28,False,108,59.74
2822,2022-09-01,2022,Comparison Site,North,45-54,Silver,True,28,False,80,39.79
2823,2022-09-01,2022,Branch,North,25-34,Gold,False,12,True,195,152.18
2824,2022-09-01,2022,Outbound,London,25-34,Silver,False,7,True,98,121.95
2825,2022-09-01,2022,Outbound,South East,18-24,Silver,False,3,True,33,121.95
2826,2022-09-01,2022,Branch,London,25-34,Silver,False,27,True,211,152.18
2827,2022-09-01,2022,Referral,North,45-54,Platinum,False,28,False,336,59.74
2828,2022-09-01,2022,Online,North,65+,Classic,False,28,False,0,69.94
2829,2022-09-01,2022,Online,London,45-54,Classic,True,28,False,0,69.94
2830,2022-09-01,2022,Branch,Midlands,35-44,Platinum,False,28,False,336,152.18
2831,2022-09-01,2022,Branch,North,55-64,Classic,True,28,False,0,152.18
2832,2022-09-01,2022,Online,Scotland,18-24,Gold,True,10,True,72,69.94
2833,2022-09-01,2022,Comparison Site,Midlands,25-34,Classic,True,2,True,0,39.79
2834,2022-09-01,2022,Referral,North,35-44,Platinum,False,28,False,336,59.74
2835,2022-09-01,2022,Online,Scotland,25-34,Platinum,False,28,False,336,69.94
2836,2022-09-01,2022,Outbound,South East,65+,Gold,True,1,True,0,121.95
2837,2022-09-01,2022,Comparison Site,London,25-34,Classic,False,28,False,0,39.79
2838,2022-09-01,2022,Comparison Site,London,35-44,Classic,True,13,True,0,39.79
2839,2022-09-01,2022,Outbound,London,25-34,Silver,False,28,False,188,121.95
2840,2022-09-01,2022,Referral,Midlands,55-64,Silver,False,11,True,121,59.74
2841,2022-09-01,2022,Branch,North,35-44,Gold,False,27,True,216,152.18
2842,2022-09-01,2022,Online,South East,35-44,Platinum,True,28,False,168,69.94
2843,2022-09-01,2022,Online,South East,55-64,Silver,True,28,False,66,69.94
2844,2022-09-01,2022,Referral,London,25-34,Gold,False,28,False,216,59.74
2845,2022-09-01,2022,Comparison Site,North,25-34,Classic,False,2,True,0,39.79
2846,2022-10-01,2022,Online,Midlands,25-34,Classic,True,3,True,0,69.94
2847,2022-10-01,2022,Outbound,London,25-34,Silver,True,27,False,66,121.95
2848,2022-10-01,2022,Comparison Site,London,35-44,Silver,True,27,False,66,39.79
2849,2022-10-01,2022,Comparison Site,North,55-64,Classic,True,7,True,0,39.79
2850,2022-10-01,2022,Comparison Site,South East,18-24,Silver,False,27,False,139,39.79
2851,2022-10-01,2022,Comparison Site,North,45-54,Classic,True,7,True,0,39.79
2852,2022-10-01,2022,Outbound,Wales & NI,25-34,Classic,False,27,False,0,121.95
2853,2022-10-01,2022,Referral,North,25-34,Silver,False,27,False,77,59.74
2854,2022-10-01,2022,Referral,North,25-34,Gold,False,27,False,296,59.74
2855,2022-10-01,2022,Outbound,Midlands,55-64,Classic,True,11,True,0,121.95
2856,2022-10-01,2022,Outbound,London,45-54,Gold,False,27,False,146,121.95
2857,2022-10-01,2022,Referral,Scotland,25-34,Gold,False,27,False,216,59.74
2858,2022-10-01,2022,Outbound,London,18-24,Classic,True,2,True,0,121.95
2859,2022-10-01,2022,Comparison Site,London,55-64,Classic,True,27,False,0,39.79
2860,2022-10-01,2022,Comparison Site,Scotland,25-34,Classic,False,10,True,0,39.79
2861,2022-10-01,2022,Online,South East,25-34,Classic,True,8,True,0,69.94
2862,2022-10-01,2022,Broker/IFA,North,35-44,Gold,False,27,False,216,199.2
2863,2022-10-01,2022,Outbound,London,25-34,Platinum,True,27,False,168,121.95
2864,2022-10-01,2022,Comparison Site,Scotland,45-54,Classic,False,8,True,0,39.79
2865,2022-10-01,2022,Branch,London,25-34,Silver,False,13,True,132,152.18
2866,2022-10-01,2022,Online,Scotland,35-44,Silver,False,27,False,132,69.94
2867,2022-10-01,2022,Online,South East,35-44,Silver,False,13,True,132,69.94
2868,2022-10-01,2022,Comparison Site,Wales & NI,18-24,Classic,False,3,True,22,39.79
2869,2022-10-01,2022,Outbound,Scotland,25-34,Silver,False,27,False,167,121.95
2870,2022-10-01,2022,Broker/IFA,London,65+,Gold,False,10,True,250,199.2
2871,2022-10-01,2022,Comparison Site,South East,18-24,Silver,True,14,True,66,39.79
2872,2022-10-01,2022,Online,Midlands,55-64,Silver,True,27,False,73,69.94
2873,2022-10-01,2022,Broker/IFA,London,45-54,Gold,False,19,True,139,199.2
2874,2022-10-01,2022,Branch,Midlands,45-54,Silver,False,15,True,209,152.18
2875,2022-10-01,2022,Branch,South East,25-34,Gold,False,27,False,266,152.18
2876,2022-10-01,2022,Comparison Site,London,45-54,Silver,True,23,True,22,39.79
2877,2022-10-01,2022,Online,South East,35-44,Classic,False,24,True,0,69.94
2878,2022-10-01,2022,Comparison Site,London,55-64,Silver,True,18,True,0,39.79
2879,2022-10-01,2022,Comparison Site,Midlands,55-64,Classic,False,1,True,0,39.79
2880,2022-10-01,2022,Comparison Site,Midlands,18-24,Silver,False,27,False,132,39.79
2881,2022-10-01,2022,Broker/IFA,Midlands,18-24,Gold,False,7,True,126,199.2
2882,2022-10-01,2022,Branch,South East,25-34,Silver,True,1,True,0,152.18
2883,2022-10-01,2022,Comparison Site,South East,55-64,Silver,False,1,True,11,39.79
2884,2022-10-01,2022,Comparison Site,North,45-54,Silver,True,10,True,44,39.79
2885,2022-10-01,2022,Referral,South East,18-24,Gold,False,27,False,296,59.74
2886,2022-10-01,2022,Comparison Site,London,65+,Silver,False,2,True,22,39.79
2887,2022-10-01,2022,Referral,London,55-64,Platinum,False,27,False,336,59.74
2888,2022-10-01,2022,Branch,South East,18-24,Silver,False,27,False,55,152.18
2889,2022-10-01,2022,Outbound,London,25-34,Silver,False,3,True,33,121.95
2890,2022-10-01,2022,Comparison Site,Wales & NI,35-44,Classic,True,7,True,0,39.79
2891,2022-10-01,2022,Broker/IFA,Scotland,35-44,Gold,False,13,True,216,199.2
2892,2022-10-01,2022,Online,North,35-44,Classic,False,4,True,0,69.94
2893,2022-10-01,2022,Online,Scotland,25-34,Gold,False,9,True,162,69.94
2894,2022-10-01,2022,Branch,Midlands,45-54,Silver,False,17,True,132,152.18
2895,2022-10-01,2022,Online,London,55-64,Silver,False,27,False,146,69.94
2896,2022-10-01,2022,Online,London,25-34,Classic,True,5,True,0,69.94
2897,2022-10-01,2022,Outbound,North,65+,Silver,True,18,True,0,121.95
2898,2022-10-01,2022,Comparison Site,North,55-64,Silver,True,6,True,0,39.79
2899,2022-10-01,2022,Referral,Midlands,65+,Gold,False,27,False,216,59.74
2900,2022-10-01,2022,Outbound,Midlands,35-44,Silver,True,3,True,0,121.95
2901,2022-10-01,2022,Outbound,North,35-44,Silver,True,27,False,66,121.95
2902,2022-10-01,2022,Broker/IFA,Scotland,45-54,Gold,False,27,False,216,199.2
2903,2022-10-01,2022,Referral,South East,25-34,Silver,False,27,False,279,59.74
2904,2022-10-01,2022,Outbound,South East,45-54,Gold,False,11,True,198,121.95
2905,2022-10-01,2022,Online,London,35-44,Classic,False,1,True,0,69.94
2906,2022-10-01,2022,Comparison Site,London,45-54,Silver,True,2,True,0,39.79
2907,2022-10-01,2022,Online,Wales & NI,18-24,Silver,True,16,True,66,69.94
2908,2022-10-01,2022,Online,North,18-24,Gold,False,15,True,216,69.94
2909,2022-10-01,2022,Branch,South East,35-44,Gold,False,10,True,200,152.18
2910,2022-10-01,2022,Online,North,18-24,Classic,False,6,True,0,69.94
2911,2022-10-01,2022,Online,South East,55-64,Gold,False,27,False,195,69.94
2912,2022-10-01,2022,Branch,Scotland,65+,Silver,False,27,False,132,152.18
2913,2022-10-01,2022,Outbound,London,45-54,Silver,False,27,False,167,121.95
2914,2022-10-01,2022,Online,London,45-54,Silver,True,27,False,0,69.94
2915,2022-10-01,2022,Branch,South East,25-34,Classic,False,27,False,0,152.18
2916,2022-10-01,2022,Online,Midlands,35-44,Classic,True,7,True,0,69.94
2917,2022-10-01,2022,Comparison Site,Wales & NI,45-54,Classic,True,11,True,0,39.79
2918,2022-10-01,2022,Outbound,Scotland,55-64,Gold,False,3,True,54,121.95
2919,2022-10-01,2022,Branch,South East,65+,Gold,True,27,False,168,152.18
2920,2022-10-01,2022,Online,London,18-24,Silver,False,27,False,99,69.94
2921,2022-10-01,2022,Online,Midlands,25-34,Classic,True,8,True,0,69.94
2922,2022-10-01,2022,Comparison Site,Wales & NI,55-64,Classic,False,2,True,0,39.79
2923,2022-10-01,2022,Comparison Site,North,25-34,Classic,False,11,True,0,39.79
2924,2022-10-01,2022,Comparison Site,Wales & NI,55-64,Silver,True,27,False,66,39.79
2925,2022-10-01,2022,Comparison Site,Wales & NI,25-34,Classic,True,6,True,0,39.79
2926,2022-10-01,2022,Broker/IFA,Wales & NI,35-44,Gold,False,6,True,101,199.2
2927,2022-10-01,2022,Broker/IFA,London,35-44,Classic,False,2,True,0,199.2
2928,2022-10-01,2022,Branch,London,35-44,Gold,True,27,False,108,152.18
2929,2022-10-01,2022,Online,Scotland,25-34,Platinum,False,27,False,336,69.94
2930,2022-10-01,2022,Online,South East,25-34,Silver,True,27,False,73,69.94
2931,2022-10-01,2022,Comparison Site,London,35-44,Silver,False,27,False,146,39.79
2932,2022-10-01,2022,Branch,North,18-24,Silver,False,27,False,132,152.18
2933,2022-10-01,2022,Comparison Site,North,18-24,Classic,False,24,True,0,39.79
2934,2022-10-01,2022,Comparison Site,Midlands,35-44,Silver,True,6,True,0,39.79
2935,2022-10-01,2022,Comparison Site,North,35-44,Classic,False,1,True,0,39.79
2936,2022-10-01,2022,Online,Scotland,45-54,Classic,True,14,True,0,69.94
2937,2022-10-01,2022,Online,Wales & NI,55-64,Classic,False,2,True,0,69.94
2938,2022-10-01,2022,Comparison Site,North,65+,Silver,True,12,True,66,39.79
2939,2022-10-01,2022,Comparison Site,London,65+,Silver,True,7,True,0,39.79
2940,2022-10-01,2022,Online,Midlands,55-64,Silver,True,4,True,0,69.94
2941,2022-10-01,2022,Comparison Site,South East,25-34,Classic,False,2,True,0,39.79
2942,2022-10-01,2022,Online,North,55-64,Silver,False,27,False,132,69.94
2943,2022-10-01,2022,Online,London,25-34,Classic,True,27,False,66,69.94
2944,2022-10-01,2022,Branch,Midlands,65+,Silver,False,27,False,132,152.18
2945,2022-10-01,2022,Branch,Scotland,25-34,Gold,False,27,False,256,152.18
2946,2022-10-01,2022,Branch,North,65+,Gold,False,27,False,326,152.18
2947,2022-10-01,2022,Referral,North,45-54,Platinum,False,27,False,336,59.74
2948,2022-10-01,2022,Comparison Site,London,25-34,Gold,True,27,False,108,39.79
2949,2022-10-01,2022,Branch,North,25-34,Gold,True,27,False,168,152.18
2950,2022-10-01,2022,Online,Midlands,45-54,Silver,False,16,True,132,69.94
2951,2022-10-01,2022,Comparison Site,Midlands,55-64,Classic,False,1,True,0,39.79
2952,2022-10-01,2022,Branch,Wales & NI,45-54,Gold,False,27,False,216,152.18
2953,2022-10-01,2022,Outbound,London,45-54,Gold,False,1,True,18,121.95
2954,2022-10-01,2022,Referral,London,55-64,Platinum,False,27,False,336,59.74
2955,2022-10-01,2022,Comparison Site,North,25-34,Classic,True,1,True,0,39.79
2956,2022-10-01,2022,Comparison Site,Midlands,18-24,Silver,True,7,True,11,39.79
2957,2022-10-01,2022,Comparison Site,London,65+,Classic,False,27,False,22,39.79
2958,2022-10-01,2022,Comparison Site,South East,55-64,Classic,False,2,True,0,39.79
2959,2022-10-01,2022,Comparison Site,North,25-34,Gold,True,3,True,0,39.79
2960,2022-10-01,2022,Branch,Midlands,45-54,Gold,False,17,True,216,152.18
2961,2022-10-01,2022,Comparison Site,Midlands,25-34,Gold,False,1,True,18,39.79
2962,2022-10-01,2022,Comparison Site,North,25-34,Classic,False,1,True,0,39.79
2963,2022-10-01,2022,Branch,Midlands,55-64,Gold,False,27,False,296,152.18
2964,2022-10-01,2022,Outbound,Scotland,25-34,Classic,True,7,True,0,121.95
2965,2022-10-01,2022,Broker/IFA,South East,55-64,Gold,False,27,False,256,199.2
2966,2022-10-01,2022,Outbound,Midlands,35-44,Silver,False,11,True,121,121.95
2967,2022-10-01,2022,Referral,London,25-34,Platinum,True,27,False,168,59.74
2968,2022-10-01,2022,Comparison Site,South East,35-44,Gold,False,27,False,216,39.79
2969,2022-10-01,2022,Broker/IFA,South East,18-24,Gold,False,27,False,276,199.2
2970,2022-10-01,2022,Online,Scotland,35-44,Classic,True,16,True,66,69.94
2971,2022-10-01,2022,Online,South East,55-64,Classic,False,27,False,110,69.94
2972,2022-10-01,2022,Comparison Site,Midlands,18-24,Classic,False,27,False,33,39.79
2973,2022-10-01,2022,Referral,South East,35-44,Gold,False,27,False,216,59.74
2974,2022-10-01,2022,Comparison Site,London,25-34,Silver,True,15,True,87,39.79
2975,2022-10-01,2022,Branch,South East,35-44,Classic,True,1,True,0,152.18
2976,2022-10-01,2022,Referral,North,45-54,Platinum,False,27,False,336,59.74
2977,2022-10-01,2022,Branch,North,45-54,Silver,False,2,True,22,152.18
2978,2022-10-01,2022,Comparison Site,Midlands,35-44,Classic,True,27,False,0,39.79
2979,2022-10-01,2022,Comparison Site,London,18-24,Classic,False,27,False,44,39.79
2980,2022-10-01,2022,Referral,South East,35-44,Silver,False,27,False,132,59.74
2981,2022-10-01,2022,Branch,South East,25-34,Classic,False,2,True,0,152.18
2982,2022-10-01,2022,Comparison Site,Scotland,25-34,Gold,True,7,True,18,39.79
2983,2022-10-01,2022,Comparison Site,Scotland,18-24,Classic,True,16,True,0,39.79
2984,2022-10-01,2022,Online,London,65+,Classic,True,7,True,11,69.94
2985,2022-10-01,2022,Branch,South East,25-34,Silver,False,14,True,174,152.18
2986,2022-10-01,2022,Comparison Site,Wales & NI,25-34,Silver,False,21,True,132,39.79
2987,2022-10-01,2022,Comparison Site,North,35-44,Silver,True,27,False,80,39.79
2988,2022-10-01,2022,Comparison Site,North,55-64,Classic,True,8,True,0,39.79
2989,2022-10-01,2022,Online,Midlands,55-64,Classic,False,4,True,0,69.94
2990,2022-10-01,2022,Branch,North,35-44,Classic,False,25,True,77,152.18
2991,2022-10-01,2022,Branch,Midlands,25-34,Platinum,False,27,False,336,152.18
2992,2022-10-01,2022,Comparison Site,South East,55-64,Classic,False,17,True,0,39.79
2993,2022-10-01,2022,Online,North,65+,Silver,False,7,True,77,69.94
2994,2022-10-01,2022,Branch,Midlands,65+,Platinum,False,21,True,218,152.18
2995,2022-10-01,2022,Online,London,35-44,Silver,False,18,True,22,69.94
2996,2022-10-01,2022,Comparison Site,Midlands,25-34,Silver,False,27,False,132,39.79
2997,2022-10-01,2022,Branch,Scotland,45-54,Platinum,False,27,False,226,152.18
2998,2022-10-01,2022,Comparison Site,South East,65+,Gold,False,10,True,173,39.79
2999,2022-10-01,2022,Outbound,Scotland,18-24,Platinum,True,2,True,0,121.95
3000,2022-10-01,2022,Comparison Site,London,45-54,Silver,True,7,True,11,39.79
3001,2022-10-01,2022,Online,North,25-34,Classic,False,27,False,0,69.94
3002,2022-10-01,2022,Outbound,London,45-54,Silver,True,15,True,66,121.95
3003,2022-10-01,2022,Online,London,35-44,Silver,True,27,False,66,69.94
3004,2022-10-01,2022,Online,South East,55-64,Classic,False,27,False,121,69.94
3005,2022-10-01,2022,Branch,South East,45-54,Silver,False,27,False,132,152.18
3006,2022-10-01,2022,Comparison Site,Scotland,45-54,Silver,True,7,True,11,39.79
3007,2022-10-01,2022,Outbound,Scotland,25-34,Gold,True,27,False,138,121.95
3008,2022-10-01,2022,Comparison Site,London,25-34,Platinum,True,27,False,108,39.79
3009,2022-10-01,2022,Branch,Midlands,18-24,Silver,True,4,True,0,152.18
3010,2022-10-01,2022,Branch,London,55-64,Gold,True,6,True,0,152.18
3011,2022-10-01,2022,Branch,London,45-54,Silver,True,27,False,66,152.18
3012,2022-10-01,2022,Comparison Site,London,25-34,Gold,True,25,True,108,39.79
3013,2022-10-01,2022,Comparison Site,London,65+,Classic,True,4,True,0,39.79
3014,2022-10-01,2022,Comparison Site,North,35-44,Platinum,True,27,False,168,39.79
3015,2022-10-01,2022,Broker/IFA,South East,45-54,Gold,False,16,True,216,199.2
3016,2022-10-01,2022,Online,Midlands,35-44,Classic,False,4,True,0,69.94
3017,2022-10-01,2022,Online,London,45-54,Gold,False,27,False,216,69.94
3018,2022-10-01,2022,Online,South East,35-44,Classic,False,13,True,0,69.94
3019,2022-10-01,2022,Online,London,25-34,Silver,False,27,False,132,69.94
3020,2022-10-01,2022,Online,North,45-54,Classic,True,11,True,0,69.94
3021,2022-10-01,2022,Outbound,South East,45-54,Silver,False,23,True,160,121.95
3022,2022-10-01,2022,Outbound,London,35-44,Classic,False,27,False,0,121.95
3023,2022-10-01,2022,Referral,Midlands,45-54,Silver,False,8,True,77,59.74
3024,2022-10-01,2022,Branch,London,25-34,Gold,False,27,False,160,152.18
3025,2022-10-01,2022,Branch,Wales & NI,18-24,Silver,False,27,False,153,152.18
3026,2022-10-01,2022,Comparison Site,South East,25-34,Silver,False,2,True,22,39.79
3027,2022-10-01,2022,Branch,London,45-54,Platinum,False,27,False,336,152.18
3028,2022-10-01,2022,Branch,Midlands,25-34,Silver,False,20,True,205,152.18
3029,2022-10-01,2022,Broker/IFA,London,45-54,Gold,False,27,False,216,199.2
3030,2022-10-01,2022,Referral,North,35-44,Silver,True,1,True,0,59.74
3031,2022-10-01,2022,Comparison Site,North,35-44,Silver,True,16,True,0,39.79
3032,2022-10-01,2022,Online,South East,55-64,Classic,False,5,True,0,69.94
3033,2022-10-01,2022,Comparison Site,North,65+,Classic,True,6,True,0,39.79
3034,2022-10-01,2022,Comparison Site,London,55-64,Classic,True,6,True,0,39.79
3035,2022-10-01,2022,Online,North,35-44,Gold,True,7,True,28,69.94
3036,2022-10-01,2022,Online,South East,35-44,Silver,False,27,False,132,69.94
3037,2022-10-01,2022,Branch,London,55-64,Silver,False,27,False,202,152.18
3038,2022-10-01,2022,Online,North,35-44,Classic,True,27,False,0,69.94
3039,2022-10-01,2022,Branch,Midlands,45-54,Gold,False,27,False,202,152.18
3040,2022-10-01,2022,Comparison Site,North,35-44,Silver,False,3,True,33,39.79
3041,2022-10-01,2022,Comparison Site,Scotland,25-34,Classic,False,9,True,0,39.79
3042,2022-10-01,2022,Outbound,North,35-44,Gold,False,25,True,296,121.95
3043,2022-10-01,2022,Branch,London,35-44,Classic,True,4,True,0,152.18
3044,2022-10-01,2022,Branch,London,55-64,Silver,False,2,True,22,152.18
3045,2022-10-01,2022,Comparison Site,South East,25-34,Classic,False,8,True,0,39.79
3046,2022-10-01,2022,Referral,Midlands,25-34,Silver,False,20,True,231,59.74
3047,2022-10-01,2022,Online,Wales & NI,35-44,Classic,False,21,True,0,69.94
3048,2022-10-01,2022,Online,Midlands,55-64,Gold,False,27,False,209,69.94
3049,2022-10-01,2022,Branch,Scotland,18-24,Classic,True,27,False,66,152.18
3050,2022-10-01,2022,Comparison Site,North,25-34,Gold,True,4,True,0,39.79
3051,2022-10-01,2022,Online,South East,25-34,Silver,False,8,True,88,69.94
3052,2022-10-01,2022,Branch,South East,35-44,Gold,False,27,False,216,152.18
3053,2022-10-01,2022,Comparison Site,South East,25-34,Classic,True,7,True,0,39.79
3054,2022-10-01,2022,Branch,Wales & NI,25-34,Gold,False,27,False,216,152.18
3055,2022-10-01,2022,Outbound,North,18-24,Classic,True,4,True,0,121.95
3056,2022-10-01,2022,Outbound,London,35-44,Classic,False,12,True,0,121.95
3057,2022-10-01,2022,Branch,Wales & NI,25-34,Silver,False,21,True,132,152.18
3058,2022-10-01,2022,Online,London,18-24,Classic,True,8,True,0,69.94
3059,2022-10-01,2022,Comparison Site,South East,25-34,Classic,True,7,True,11,39.79
3060,2022-10-01,2022,Broker/IFA,London,25-34,Platinum,False,27,False,336,199.2
3061,2022-10-01,2022,Comparison Site,North,18-24,Silver,True,27,False,66,39.79
3062,2022-10-01,2022,Comparison Site,Wales & NI,35-44,Silver,True,4,True,0,39.79
3063,2022-10-01,2022,Referral,Midlands,55-64,Gold,True,27,False,168,59.74
3064,2022-10-01,2022,Branch,Midlands,35-44,Gold,False,12,True,216,152.18
3065,2022-10-01,2022,Broker/IFA,North,55-64,Platinum,True,27,False,168,199.2
3066,2022-10-01,2022,Outbound,Scotland,35-44,Silver,False,27,False,132,121.95
3067,2022-10-01,2022,Outbound,London,65+,Gold,False,15,True,216,121.95
3068,2022-10-01,2022,Comparison Site,Midlands,45-54,Classic,False,4,True,0,39.79
3069,2022-10-01,2022,Comparison Site,North,35-44,Silver,False,5,True,33,39.79
3070,2022-10-01,2022,Branch,North,45-54,Gold,False,1,True,18,152.18
3071,2022-10-01,2022,Online,Scotland,25-34,Silver,False,27,False,132,69.94
3072,2022-10-01,2022,Branch,South East,45-54,Silver,False,27,False,132,152.18
3073,2022-10-01,2022,Comparison Site,North,25-34,Classic,True,5,True,0,39.79
3074,2022-10-01,2022,Online,London,35-44,Gold,False,26,True,195,69.94
3075,2022-10-01,2022,Online,London,35-44,Platinum,False,27,False,306,69.94
3076,2022-10-01,2022,Comparison Site,South East,45-54,Classic,True,3,True,0,39.79
3077,2022-10-01,2022,Comparison Site,Midlands,25-34,Classic,True,8,True,0,39.79
3078,2022-10-01,2022,Comparison Site,London,55-64,Gold,True,27,False,168,39.79
3079,2022-10-01,2022,Online,Scotland,35-44,Classic,True,12,True,66,69.94
3080,2022-10-01,2022,Online,Midlands,35-44,Gold,True,8,True,36,69.94
3081,2022-10-01,2022,Outbound,London,25-34,Classic,False,4,True,0,121.95
3082,2022-10-01,2022,Comparison Site,North,35-44,Classic,True,27,False,22,39.79
3083,2022-10-01,2022,Branch,Scotland,45-54,Silver,True,27,False,55,152.18
3084,2022-10-01,2022,Comparison Site,South East,35-44,Classic,True,2,True,0,39.79
3085,2022-10-01,2022,Branch,South East,65+,Gold,False,27,False,246,152.18
3086,2022-10-01,2022,Outbound,Midlands,25-34,Classic,False,4,True,0,121.95
3087,2022-10-01,2022,Branch,North,65+,Platinum,False,27,False,296,152.18
3088,2022-10-01,2022,Online,South East,25-34,Classic,False,1,True,0,69.94
3089,2022-10-01,2022,Outbound,Midlands,55-64,Silver,False,2,True,22,121.95
3090,2022-10-01,2022,Outbound,Midlands,18-24,Silver,False,27,False,188,121.95
3091,2022-10-01,2022,Broker/IFA,London,18-24,Platinum,False,5,True,140,199.2
3092,2022-10-01,2022,Branch,Midlands,45-54,Platinum,False,11,True,288,152.18
3093,2022-10-01,2022,Comparison Site,London,35-44,Classic,False,27,False,88,39.79
3094,2022-10-01,2022,Comparison Site,Scotland,55-64,Classic,True,6,True,0,39.79
3095,2022-10-01,2022,Branch,Wales & NI,35-44,Platinum,False,21,True,316,152.18
3096,2022-10-01,2022,Comparison Site,North,55-64,Silver,True,23,True,66,39.79
3097,2022-10-01,2022,Referral,South East,55-64,Silver,False,27,False,44,59.74
3098,2022-10-01,2022,Online,South East,55-64,Gold,False,27,False,181,69.94
3099,2022-10-01,2022,Branch,Scotland,18-24,Silver,False,27,False,160,152.18
3100,2022-10-01,2022,Comparison Site,Midlands,25-34,Classic,True,1,True,0,39.79
3101,2022-10-01,2022,Broker/IFA,South East,45-54,Gold,False,27,False,216,199.2
3102,2022-10-01,2022,Comparison Site,South East,18-24,Silver,True,7,True,11,39.79
3103,2022-10-01,2022,Comparison Site,Scotland,65+,Silver,True,25,True,66,39.79
3104,2022-10-01,2022,Outbound,London,45-54,Classic,True,14,True,66,121.95
3105,2022-10-01,2022,Comparison Site,North,55-64,Classic,True,8,True,0,39.79
3106,2022-10-01,2022,Online,North,35-44,Gold,False,1,True,18,69.94
3107,2022-10-01,2022,Comparison Site,Midlands,35-44,Classic,True,27,False,66,39.79
3108,2022-10-01,2022,Comparison Site,London,55-64,Classic,True,4,True,0,39.79
3109,2022-10-01,2022,Referral,Midlands,25-34,Gold,False,24,True,316,59.74
3110,2022-10-01,2022,Online,Midlands,18-24,Silver,False,1,True,11,69.94
3111,2022-10-01,2022,Comparison Site,North,35-44,Silver,True,21,True,0,39.79
3112,2022-10-01,2022,Referral,South East,25-34,Gold,False,10,True,173,59.74
3113,2022-10-01,2022,Comparison Site,London,55-64,Silver,True,16,True,66,39.79
3114,2022-10-01,2022,Branch,South East,35-44,Gold,False,25,True,216,152.18
3115,2022-10-01,2022,Branch,London,45-54,Platinum,False,27,False,336,152.18
3116,2022-10-01,2022,Online,Midlands,55-64,Classic,True,27,False,0,69.94
3117,2022-10-01,2022,Online,North,45-54,Classic,False,14,True,0,69.94
3118,2022-10-01,2022,Online,North,18-24,Silver,False,27,False,132,69.94
3119,2022-10-01,2022,Online,Wales & NI,35-44,Silver,True,12,True,87,69.94
3120,2022-10-01,2022,Referral,Midlands,35-44,Gold,True,27,False,108,59.74
3121,2022-10-01,2022,Comparison Site,London,35-44,Gold,False,7,True,84,39.79
3122,2022-10-01,2022,Online,South East,35-44,Silver,True,6,True,0,69.94
3123,2022-10-01,2022,Comparison Site,Wales & NI,45-54,Silver,True,6,True,0,39.79
3124,2022-10-01,2022,Broker/IFA,Wales & NI,35-44,Platinum,True,15,True,158,199.2
3125,2022-10-01,2022,Comparison Site,North,35-44,Gold,True,7,True,11,39.79
3126,2022-10-01,2022,Broker/IFA,South East,35-44,Platinum,False,27,False,336,199.2
3127,2022-10-01,2022,Referral,Scotland,45-54,Gold,False,27,False,216,59.74
3128,2022-10-01,2022,Comparison Site,South East,45-54,Silver,True,14,True,108,39.79
3129,2022-10-01,2022,Comparison Site,Scotland,25-34,Silver,True,1,True,0,39.79
3130,2022-10-01,2022,Online,Midlands,25-34,Gold,True,27,False,108,69.94
3131,2022-10-01,2022,Broker/IFA,Scotland,45-54,Platinum,False,27,False,336,199.2
3132,2022-10-01,2022,Comparison Site,North,35-44,Silver,False,16,True,132,39.79
3133,2022-10-01,2022,Comparison Site,Wales & NI,35-44,Gold,True,27,False,108,39.79
3134,2022-10-01,2022,Broker/IFA,South East,18-24,Platinum,True,27,False,168,199.2
3135,2022-10-01,2022,Outbound,South East,25-34,Gold,True,27,False,66,121.95
3136,2022-10-01,2022,Comparison Site,North,65+,Classic,False,11,True,0,39.79
3137,2022-10-01,2022,Outbound,Midlands,55-64,Classic,True,2,True,0,121.95
3138,2022-10-01,2022,Branch,Midlands,18-24,Silver,False,27,False,11,152.18
3139,2022-10-01,2022,Broker/IFA,North,45-54,Silver,False,27,False,132,199.2
3140,2022-10-01,2022,Comparison Site,North,55-64,Silver,True,13,True,55,39.79
3141,2022-10-01,2022,Comparison Site,Midlands,25-34,Silver,False,6,True,22,39.79
3142,2022-10-01,2022,Comparison Site,Midlands,45-54,Silver,True,2,True,0,39.79
3143,2022-10-01,2022,Comparison Site,North,35-44,Gold,True,27,False,108,39.79
3144,2022-10-01,2022,Online,London,35-44,Gold,True,22,True,158,69.94
3145,2022-10-01,2022,Outbound,London,35-44,Silver,True,27,False,66,121.95
3146,2022-10-01,2022,Online,London,25-34,Classic,False,14,True,0,69.94
3147,2022-10-01,2022,Outbound,South East,45-54,Classic,False,1,True,0,121.95
3148,2022-10-01,2022,Online,Midlands,35-44,Silver,True,27,False,108,69.94
3149,2022-10-01,2022,Branch,Midlands,45-54,Gold,False,10,True,180,152.18
3150,2022-10-01,2022,Online,South East,18-24,Gold,False,27,False,256,69.94
3151,2022-10-01,2022,Branch,Scotland,45-54,Silver,False,27,False,191,152.18
3152,2022-10-01,2022,Online,Scotland,25-34,Silver,False,27,False,188,69.94
3153,2022-10-01,2022,Comparison Site,Midlands,35-44,Gold,False,27,False,216,39.79
3154,2022-10-01,2022,Comparison Site,London,18-24,Classic,True,12,True,0,39.79
3155,2022-10-01,2022,Branch,South East,45-54,Platinum,False,24,True,336,152.18
3156,2022-10-01,2022,Comparison Site,Midlands,35-44,Gold,False,27,False,286,39.79
3157,2022-10-01,2022,Broker/IFA,Midlands,35-44,Platinum,False,27,False,336,199.2
3158,2022-10-01,2022,Comparison Site,North,18-24,Gold,True,16,True,94,39.79
3159,2022-10-01,2022,Comparison Site,South East,18-24,Silver,False,4,True,44,39.79
3160,2022-10-01,2022,Comparison Site,Midlands,35-44,Classic,False,13,True,0,39.79
3161,2022-10-01,2022,Outbound,London,18-24,Silver,False,3,True,33,121.95
3162,2022-10-01,2022,Branch,London,55-64,Silver,False,27,False,132,152.18
3163,2022-10-01,2022,Online,Midlands,25-34,Silver,True,27,False,66,69.94
3164,2022-10-01,2022,Comparison Site,Midlands,55-64,Silver,False,27,False,160,39.79
3165,2022-10-01,2022,Comparison Site,South East,65+,Silver,True,7,True,11,39.79
3166,2022-10-01,2022,Referral,North,45-54,Gold,False,27,False,296,59.74
3167,2022-10-01,2022,Comparison Site,North,25-34,Gold,True,22,True,158,39.79
3168,2022-10-01,2022,Comparison Site,Scotland,25-34,Gold,True,16,True,108,39.79
3169,2022-10-01,2022,Referral,London,65+,Silver,False,27,False,153,59.74
3170,2022-10-01,2022,Branch,North,25-34,Gold,False,27,False,146,152.18
3171,2022-10-01,2022,Branch,South East,25-34,Platinum,False,27,False,336,152.18
3172,2022-10-01,2022,Online,Wales & NI,35-44,Gold,False,27,False,181,69.94
3173,2022-10-01,2022,Branch,North,25-34,Platinum,False,27,False,336,152.18
3174,2022-10-01,2022,Branch,London,35-44,Gold,True,4,True,0,152.18
3175,2022-10-01,2022,Outbound,Scotland,55-64,Classic,False,11,True,0,121.95
3176,2022-10-01,2022,Comparison Site,Midlands,35-44,Classic,True,19,True,0,39.79
3177,2022-10-01,2022,Online,London,25-34,Silver,False,4,True,44,69.94
3178,2022-10-01,2022,Comparison Site,North,55-64,Silver,True,7,True,11,39.79
3179,2022-10-01,2022,Broker/IFA,North,25-34,Gold,False,27,False,216,199.2
3180,2022-10-01,2022,Comparison Site,Wales & NI,25-34,Classic,True,1,True,0,39.79
3181,2022-10-01,2022,Outbound,Midlands,45-54,Silver,True,27,False,108,121.95
3182,2022-10-01,2022,Comparison Site,Scotland,18-24,Classic,True,3,True,0,39.79
3183,2022-10-01,2022,Branch,South East,25-34,Gold,False,1,True,18,152.18
3184,2022-10-01,2022,Branch,North,45-54,Platinum,True,27,False,168,152.18
3185,2022-10-01,2022,Comparison Site,Scotland,35-44,Silver,False,13,True,132,39.79
3186,2022-10-01,2022,Comparison Site,Scotland,35-44,Classic,True,9,True,0,39.79
3187,2022-10-01,2022,Broker/IFA,Midlands,45-54,Platinum,False,27,False,336,199.2
3188,2022-10-01,2022,Online,North,45-54,Platinum,False,27,False,336,69.94
3189,2022-10-01,2022,Online,Midlands,45-54,Silver,False,20,True,132,69.94
3190,2022-10-01,2022,Branch,South East,65+,Silver,False,20,True,132,152.18
3191,2022-10-01,2022,Comparison Site,Wales & NI,45-54,Classic,False,11,True,0,39.79
3192,2022-10-01,2022,Branch,South East,45-54,Gold,False,22,True,216,152.18
3193,2022-10-01,2022,Comparison Site,Scotland,35-44,Silver,False,8,True,66,39.79
3194,2022-10-01,2022,Online,North,25-34,Gold,False,15,True,216,69.94
3195,2022-10-01,2022,Comparison Site,North,18-24,Classic,True,4,True,0,39.79
3196,2022-10-01,2022,Branch,South East,18-24,Silver,True,27,False,66,152.18
3197,2022-10-01,2022,Comparison Site,Wales & NI,45-54,Classic,True,7,True,0,39.79
3198,2022-10-01,2022,Referral,Midlands,35-44,Platinum,False,27,False,326,59.74
3199,2022-10-01,2022,Online,South East,55-64,Classic,False,1,True,0,69.94
3200,2022-11-01,2022,Online,Midlands,18-24,Platinum,False,17,True,266,69.94
3201,2022-11-01,2022,Referral,South East,35-44,Silver,False,6,True,87,59.74
3202,2022-11-01,2022,Online,Midlands,35-44,Classic,True,16,True,138,69.94
3203,2022-11-01,2022,Referral,London,25-34,Silver,False,26,False,195,59.74
3204,2022-11-01,2022,Branch,London,25-34,Gold,False,6,True,80,152.18
3205,2022-11-01,2022,Referral,North,55-64,Platinum,False,26,False,336,59.74
3206,2022-11-01,2022,Branch,South East,18-24,Silver,False,26,False,160,152.18
3207,2022-11-01,2022,Comparison Site,London,25-34,Silver,True,6,True,0,39.79
3208,2022-11-01,2022,Referral,South East,45-54,Silver,False,11,True,121,59.74
3209,2022-11-01,2022,Comparison Site,London,45-54,Gold,False,26,False,286,39.79
3210,2022-11-01,2022,Comparison Site,Scotland,45-54,Silver,True,8,True,0,39.79
3211,2022-11-01,2022,Referral,Scotland,45-54,Platinum,True,26,False,148,59.74
3212,2022-11-01,2022,Comparison Site,South East,18-24,Classic,True,1,True,0,39.79
3213,2022-11-01,2022,Comparison Site,North,25-34,Classic,True,3,True,0,39.79
3214,2022-11-01,2022,Online,Wales & NI,45-54,Silver,False,20,True,132,69.94
3215,2022-11-01,2022,Comparison Site,Midlands,45-54,Classic,True,22,True,0,39.79
3216,2022-11-01,2022,Referral,South East,25-34,Classic,False,26,False,99,59.74
3217,2022-11-01,2022,Branch,Midlands,55-64,Classic,False,21,True,47,152.18
3218,2022-11-01,2022,Branch,Wales & NI,35-44,Classic,False,4,True,0,152.18
3219,2022-11-01,2022,Branch,North,35-44,Gold,False,26,False,174,152.18
3220,2022-11-01,2022,Outbound,Wales & NI,18-24,Classic,False,26,False,0,121.95
3221,2022-11-01,2022,Comparison Site,London,18-24,Silver,True,6,True,0,39.79
3222,2022-11-01,2022,Online,London,45-54,Silver,True,26,False,108,69.94
3223,2022-11-01,2022,Outbound,London,25-34,Silver,True,9,True,33,121.95
3224,2022-11-01,2022,Comparison Site,London,25-34,Silver,True,10,True,44,39.79
3225,2022-11-01,2022,Branch,North,35-44,Platinum,False,26,False,336,152.18
3226,2022-11-01,2022,Comparison Site,South East,45-54,Classic,False,15,True,0,39.79
3227,2022-11-01,2022,Broker/IFA,London,35-44,Gold,False,26,False,216,199.2
3228,2022-11-01,2022,Comparison Site,London,18-24,Gold,False,14,True,216,39.79
3229,2022-11-01,2022,Outbound,Scotland,35-44,Silver,False,4,True,44,121.95
3230,2022-11-01,2022,Referral,North,35-44,Classic,False,26,False,44,59.74
3231,2022-11-01,2022,Comparison Site,Midlands,55-64,Classic,True,3,True,0,39.79
3232,2022-11-01,2022,Online,London,65+,Silver,False,26,False,195,69.94
3233,2022-11-01,2022,Outbound,London,45-54,Classic,True,6,True,0,121.95
3234,2022-11-01,2022,Online,Scotland,35-44,Classic,False,26,False,0,69.94
3235,2022-11-01,2022,Referral,London,45-54,Silver,False,26,False,174,59.74
3236,2022-11-01,2022,Online,Wales & NI,55-64,Gold,True,7,True,18,69.94
3237,2022-11-01,2022,Online,North,55-64,Classic,False,26,False,55,69.94
3238,2022-11-01,2022,Branch,South East,18-24,Gold,False,26,False,286,152.18
3239,2022-11-01,2022,Online,North,18-24,Silver,False,26,False,202,69.94
3240,2022-11-01,2022,Comparison Site,Midlands,18-24,Silver,False,16,True,202,39.79
3241,2022-11-01,2022,Branch,Midlands,18-24,Silver,False,26,False,132,152.18
3242,2022-11-01,2022,Referral,Wales & NI,55-64,Gold,False,26,False,216,59.74
3243,2022-11-01,2022,Online,South East,55-64,Gold,False,25,True,216,69.94
3244,2022-11-01,2022,Broker/IFA,Scotland,55-64,Platinum,False,13,True,306,199.2
3245,2022-11-01,2022,Comparison Site,Scotland,55-64,Silver,True,26,False,0,39.79
3246,2022-11-01,2022,Comparison Site,North,45-54,Silver,True,26,False,66,39.79
3247,2022-11-01,2022,Comparison Site,London,45-54,Silver,True,2,True,0,39.79
3248,2022-11-01,2022,Referral,Scotland,35-44,Silver,False,26,False,249,59.74
3249,2022-11-01,2022,Outbound,Midlands,45-54,Classic,False,3,True,0,121.95
3250,2022-11-01,2022,Comparison Site,North,35-44,Classic,True,9,True,0,39.79
3251,2022-11-01,2022,Comparison Site,Midlands,35-44,Silver,True,9,True,33,39.79
3252,2022-11-01,2022,Branch,South East,35-44,Gold,False,26,False,135,152.18
3253,2022-11-01,2022,Outbound,South East,45-54,Classic,False,22,True,0,121.95
3254,2022-11-01,2022,Referral,Midlands,45-54,Classic,False,20,True,0,59.74
3255,2022-11-01,2022,Broker/IFA,Midlands,45-54,Silver,False,26,False,33,199.2
3256,2022-11-01,2022,Comparison Site,Midlands,55-64,Classic,False,18,True,0,39.79
3257,2022-11-01,2022,Referral,South East,35-44,Silver,False,17,True,153,59.74
3258,2022-11-01,2022,Comparison Site,South East,65+,Silver,True,13,True,66,39.79
3259,2022-11-01,2022,Online,Midlands,35-44,Silver,False,1,True,11,69.94
3260,2022-11-01,2022,Comparison Site,London,55-64,Gold,False,26,False,236,39.79
3261,2022-11-01,2022,Online,Midlands,55-64,Classic,False,3,True,0,69.94
3262,2022-11-01,2022,Comparison Site,Midlands,35-44,Silver,True,26,False,66,39.79
3263,2022-11-01,2022,Referral,South East,45-54,Platinum,False,23,True,336,59.74
3264,2022-11-01,2022,Outbound,South East,65+,Classic,False,16,True,0,121.95
3265,2022-11-01,2022,Branch,South East,18-24,Gold,False,26,False,216,152.18
3266,2022-11-01,2022,Branch,North,35-44,Gold,False,26,False,216,152.18
3267,2022-11-01,2022,Online,Scotland,65+,Classic,True,5,True,0,69.94
3268,2022-11-01,2022,Comparison Site,South East,45-54,Platinum,True,26,False,168,39.79
3269,2022-11-01,2022,Broker/IFA,Midlands,45-54,Gold,False,26,False,286,199.2
3270,2022-11-01,2022,Outbound,Midlands,35-44,Silver,False,4,True,44,121.95
3271,2022-11-01,2022,Comparison Site,London,45-54,Classic,True,13,True,0,39.79
3272,2022-11-01,2022,Online,London,35-44,Platinum,True,26,False,168,69.94
3273,2022-11-01,2022,Online,South East,45-54,Silver,False,26,False,132,69.94
3274,2022-11-01,2022,Broker/IFA,Midlands,25-34,Platinum,False,26,False,286,199.2
3275,2022-11-01,2022,Branch,Midlands,55-64,Classic,False,2,True,0,152.18
3276,2022-11-01,2022,Online,Midlands,55-64,Classic,False,26,False,127,69.94
3277,2022-11-01,2022,Outbound,North,25-34,Gold,False,7,True,126,121.95
3278,2022-11-01,2022,Outbound,North,45-54,Silver,False,3,True,33,121.95
3279,2022-11-01,2022,Comparison Site,London,35-44,Classic,False,7,True,0,39.79
3280,2022-11-01,2022,Branch,London,35-44,Silver,False,3,True,33,152.18
3281,2022-11-01,2022,Referral,London,35-44,Classic,False,26,False,105,59.74
3282,2022-11-01,2022,Online,London,65+,Silver,False,20,True,202,69.94
3283,2022-11-01,2022,Outbound,London,45-54,Silver,False,19,True,99,121.95
3284,2022-11-01,2022,Referral,London,55-64,Silver,False,19,True,167,59.74
3285,2022-11-01,2022,Outbound,North,45-54,Gold,False,12,True,216,121.95
3286,2022-11-01,2022,Online,Midlands,35-44,Gold,True,26,False,108,69.94
3287,2022-11-01,2022,Comparison Site,Scotland,25-34,Classic,True,21,True,0,39.79
3288,2022-11-01,2022,Broker/IFA,North,55-64,Gold,False,26,False,216,199.2
3289,2022-11-01,2022,Online,Midlands,55-64,Classic,False,1,True,0,69.94
3290,2022-11-01,2022,Comparison Site,Midlands,45-54,Silver,False,26,False,167,39.79
3291,2022-11-01,2022,Online,South East,35-44,Gold,False,13,True,216,69.94
3292,2022-11-01,2022,Outbound,South East,35-44,Silver,True,1,True,0,121.95
3293,2022-11-01,2022,Outbound,South East,18-24,Gold,False,26,False,216,121.95
3294,2022-11-01,2022,Comparison Site,North,45-54,Classic,True,7,True,0,39.79
3295,2022-11-01,2022,Referral,Midlands,18-24,Silver,False,26,False,181,59.74
3296,2022-11-01,2022,Referral,Scotland,35-44,Gold,True,24,True,168,59.74
3297,2022-11-01,2022,Comparison Site,London,65+,Classic,True,26,False,0,39.79
3298,2022-11-01,2022,Comparison Site,North,45-54,Classic,True,2,True,0,39.79
3299,2022-11-01,2022,Comparison Site,South East,35-44,Silver,False,1,True,11,39.79
3300,2022-11-01,2022,Comparison Site,South East,35-44,Gold,True,26,False,66,39.79
3301,2022-11-01,2022,Comparison Site,Midlands,35-44,Classic,True,13,True,0,39.79
3302,2022-11-01,2022,Comparison Site,North,25-34,Silver,True,26,False,66,39.79
3303,2022-11-01,2022,Referral,South East,25-34,Classic,False,13,True,0,59.74
3304,2022-11-01,2022,Comparison Site,South East,65+,Classic,True,13,True,0,39.79
3305,2022-11-01,2022,Referral,Midlands,18-24,Gold,False,26,False,216,59.74
3306,2022-11-01,2022,Branch,London,35-44,Silver,True,26,False,66,152.18
3307,2022-11-01,2022,Online,South East,45-54,Silver,True,26,False,141,69.94
3308,2022-11-01,2022,Referral,North,45-54,Gold,False,26,False,226,59.74
3309,2022-11-01,2022,Online,London,25-34,Platinum,False,26,False,336,69.94
3310,2022-11-01,2022,Branch,North,55-64,Silver,False,26,False,174,152.18
3311,2022-11-01,2022,Online,Wales & NI,25-34,Gold,True,26,False,108,69.94
3312,2022-11-01,2022,Outbound,North,35-44,Gold,True,26,False,66,121.95
3313,2022-11-01,2022,Branch,London,25-34,Gold,False,26,False,216,152.18
3314,2022-11-01,2022,Comparison Site,South East,55-64,Silver,True,1,True,0,39.79
3315,2022-11-01,2022,Referral,Scotland,55-64,Gold,False,19,True,139,59.74
3316,2022-11-01,2022,Online,London,25-34,Silver,True,1,True,0,69.94
3317,2022-11-01,2022,Referral,South East,35-44,Platinum,False,26,False,336,59.74
3318,2022-11-01,2022,Comparison Site,Scotland,25-34,Silver,False,25,True,132,39.79
3319,2022-11-01,2022,Referral,Midlands,35-44,Platinum,True,26,False,168,59.74
3320,2022-11-01,2022,Referral,North,18-24,Gold,True,26,False,168,59.74
3321,2022-11-01,2022,Branch,Scotland,55-64,Platinum,True,2,True,0,152.18
3322,2022-11-01,2022,Online,South East,18-24,Silver,False,5,True,44,69.94
3323,2022-11-01,2022,Comparison Site,South East,25-34,Classic,True,26,False,0,39.79
3324,2022-11-01,2022,Referral,Scotland,65+,Platinum,False,26,False,336,59.74
3325,2022-11-01,2022,Broker/IFA,Midlands,45-54,Platinum,False,26,False,276,199.2
3326,2022-11-01,2022,Online,North,65+,Classic,False,6,True,0,69.94
3327,2022-11-01,2022,Comparison Site,London,35-44,Silver,True,1,True,0,39.79
3328,2022-11-01,2022,Online,Midlands,35-44,Silver,False,20,True,132,69.94
3329,2022-11-01,2022,Referral,Scotland,65+,Gold,False,26,False,216,59.74
3330,2022-11-01,2022,Broker/IFA,London,35-44,Platinum,False,26,False,316,199.2
3331,2022-11-01,2022,Online,Scotland,25-34,Gold,False,25,True,216,69.94
3332,2022-11-01,2022,Broker/IFA,London,35-44,Silver,False,26,False,167,199.2
3333,2022-11-01,2022,Branch,South East,18-24,Silver,False,26,False,160,152.18
3334,2022-11-01,2022,Branch,Wales & NI,25-34,Gold,False,26,False,216,152.18
3335,2022-11-01,2022,Branch,London,65+,Gold,False,12,True,167,152.18
3336,2022-11-01,2022,Comparison Site,South East,25-34,Silver,True,11,True,55,39.79
3337,2022-11-01,2022,Referral,North,25-34,Gold,False,26,False,216,59.74
3338,2022-11-01,2022,Comparison Site,Midlands,35-44,Classic,False,26,False,77,39.79
3339,2022-11-01,2022,Broker/IFA,Wales & NI,35-44,Gold,False,26,False,316,199.2
3340,2022-11-01,2022,Branch,Wales & NI,25-34,Gold,False,26,False,195,152.18
3341,2022-11-01,2022,Broker/IFA,North,55-64,Gold,False,2,True,36,199.2
3342,2022-11-01,2022,Online,Midlands,65+,Silver,False,26,False,110,69.94
3343,2022-11-01,2022,Comparison Site,London,35-44,Silver,True,26,False,66,39.79
3344,2022-11-01,2022,Comparison Site,London,55-64,Classic,True,2,True,0,39.79
3345,2022-11-01,2022,Comparison Site,London,55-64,Classic,True,7,True,0,39.79
3346,2022-11-01,2022,Broker/IFA,Wales & NI,18-24,Silver,False,26,False,188,199.2
3347,2022-11-01,2022,Branch,Scotland,35-44,Platinum,False,26,False,316,152.18
3348,2022-11-01,2022,Online,Midlands,35-44,Silver,False,26,False,132,69.94
3349,2022-11-01,2022,Comparison Site,North,35-44,Silver,False,20,True,88,39.79
3350,2022-11-01,2022,Comparison Site,North,55-64,Classic,False,1,True,0,39.79
3351,2022-11-01,2022,Branch,South East,18-24,Silver,True,26,False,66,152.18
3352,2022-11-01,2022,Outbound,North,45-54,Silver,True,26,False,66,121.95
3353,2022-11-01,2022,Online,Scotland,35-44,Silver,False,25,True,228,69.94
3354,2022-11-01,2022,Referral,Midlands,18-24,Gold,False,16,True,216,59.74
3355,2022-11-01,2022,Referral,Scotland,18-24,Silver,False,12,True,132,59.74
3356,2022-11-01,2022,Comparison Site,North,25-34,Classic,False,1,True,0,39.79
3357,2022-11-01,2022,Branch,London,35-44,Gold,True,4,True,0,152.18
3358,2022-11-01,2022,Online,Midlands,55-64,Classic,True,14,True,0,69.94
3359,2022-11-01,2022,Referral,Wales & NI,45-54,Gold,False,26,False,226,59.74
3360,2022-11-01,2022,Referral,North,45-54,Silver,False,26,False,132,59.74
3361,2022-11-01,2022,Online,Scotland,45-54,Platinum,True,26,False,168,69.94
3362,2022-11-01,2022,Branch,South East,55-64,Platinum,False,12,True,336,152.18
3363,2022-11-01,2022,Outbound,North,65+,Silver,False,26,False,88,121.95
3364,2022-11-01,2022,Broker/IFA,Scotland,35-44,Gold,False,23,True,216,199.2
3365,2022-11-01,2022,Outbound,London,25-34,Silver,False,26,False,132,121.95
3366,2022-11-01,2022,Comparison Site,London,45-54,Classic,True,1,True,0,39.79
3367,2022-11-01,2022,Branch,Midlands,65+,Classic,False,14,True,55,152.18
3368,2022-11-01,2022,Outbound,North,65+,Silver,False,26,False,132,121.95
3369,2022-11-01,2022,Online,Midlands,25-34,Silver,True,10,True,44,69.94
3370,2022-11-01,2022,Referral,Scotland,35-44,Classic,False,7,True,0,59.74
3371,2022-11-01,2022,Comparison Site,South East,45-54,Silver,True,6,True,0,39.79
3372,2022-11-01,2022,Outbound,South East,18-24,Silver,False,26,False,132,121.95
3373,2022-11-01,2022,Comparison Site,North,45-54,Classic,True,5,True,0,39.79
3374,2022-11-01,2022,Referral,South East,55-64,Classic,True,13,True,0,59.74
3375,2022-11-01,2022,Outbound,Midlands,25-34,Gold,False,26,False,276,121.95
3376,2022-11-01,2022,Online,North,25-34,Silver,False,5,True,55,69.94
3377,2022-11-01,2022,Comparison Site,Midlands,35-44,Classic,True,9,True,0,39.79
3378,2022-11-01,2022,Referral,London,35-44,Classic,False,26,False,0,59.74
3379,2022-11-01,2022,Online,South East,65+,Gold,False,6,True,108,69.94
3380,2022-11-01,2022,Comparison Site,Scotland,25-34,Silver,False,9,True,99,39.79
3381,2022-11-01,2022,Outbound,South East,35-44,Classic,True,1,True,0,121.95
3382,2022-11-01,2022,Comparison Site,Midlands,55-64,Silver,True,26,False,66,39.79
3383,2022-11-01,2022,Comparison Site,North,18-24,Classic,False,4,True,0,39.79
3384,2022-11-01,2022,Branch,Midlands,65+,Silver,False,26,False,132,152.18
3385,2022-11-01,2022,Comparison Site,London,45-54,Silver,False,26,False,132,39.79
3386,2022-11-01,2022,Outbound,North,45-54,Gold,True,21,True,66,121.95
3387,2022-11-01,2022,Online,North,35-44,Silver,False,10,True,131,69.94
3388,2022-11-01,2022,Online,London,18-24,Gold,True,2,True,0,69.94
3389,2022-11-01,2022,Broker/IFA,Scotland,25-34,Platinum,False,26,False,336,199.2
3390,2022-11-01,2022,Branch,London,25-34,Gold,False,26,False,216,152.18
3391,2022-11-01,2022,Outbound,Scotland,35-44,Platinum,True,22,True,168,121.95
3392,2022-11-01,2022,Branch,London,25-34,Silver,True,3,True,0,152.18
3393,2022-11-01,2022,Comparison Site,London,45-54,Gold,False,26,False,216,39.79
3394,2022-11-01,2022,Referral,North,65+,Silver,False,26,False,132,59.74
3395,2022-11-01,2022,Broker/IFA,London,65+,Classic,False,26,False,110,199.2
3396,2022-11-01,2022,Branch,Wales & NI,25-34,Classic,False,24,True,77,152.18
3397,2022-11-01,2022,Online,Midlands,25-34,Silver,True,7,True,11,69.94
3398,2022-11-01,2022,Branch,South East,35-44,Gold,False,26,False,216,152.18
3399,2022-11-01,2022,Comparison Site,Midlands,25-34,Silver,False,3,True,33,39.79
3400,2022-11-01,2022,Comparison Site,London,18-24,Silver,False,20,True,181,39.79
3401,2022-11-01,2022,Comparison Site,London,25-34,Silver,True,26,False,80,39.79
3402,2022-11-01,2022,Comparison Site,Wales & NI,35-44,Classic,True,1,True,0,39.79
3403,2022-11-01,2022,Online,Scotland,55-64,Gold,False,26,False,216,69.94
3404,2022-11-01,2022,Comparison Site,London,35-44,Silver,False,2,True,22,39.79
3405,2022-11-01,2022,Outbound,Midlands,25-34,Silver,False,26,False,209,121.95
3406,2022-11-01,2022,Referral,North,65+,Classic,False,14,True,55,59.74
3407,2022-11-01,2022,Online,North,35-44,Classic,False,26,False,110,69.94
3408,2022-11-01,2022,Comparison Site,North,45-54,Silver,False,8,True,95,39.79
3409,2022-11-01,2022,Comparison Site,North,65+,Classic,False,3,True,0,39.79
3410,2022-11-01,2022,Online,Wales & NI,55-64,Gold,False,26,False,296,69.94
3411,2022-11-01,2022,Outbound,Scotland,55-64,Classic,True,18,True,66,121.95
3412,2022-11-01,2022,Comparison Site,North,35-44,Classic,True,9,True,0,39.79
3413,2022-11-01,2022,Online,North,55-64,Platinum,False,26,False,336,69.94
3414,2022-11-01,2022,Branch,London,25-34,Classic,False,14,True,0,152.18
3415,2022-11-01,2022,Comparison Site,London,45-54,Silver,True,6,True,0,39.79
3416,2022-11-01,2022,Branch,London,25-34,Gold,False,26,False,195,152.18
3417,2022-11-01,2022,Branch,Midlands,45-54,Gold,False,26,False,188,152.18
3418,2022-11-01,2022,Online,Wales & NI,55-64,Gold,False,23,True,216,69.94
3419,2022-11-01,2022,Branch,Scotland,45-54,Gold,False,26,False,259,152.18
3420,2022-11-01,2022,Referral,London,25-34,Platinum,False,26,False,266,59.74
3421,2022-11-01,2022,Broker/IFA,Midlands,35-44,Platinum,False,26,False,336,199.2
3422,2022-11-01,2022,Comparison Site,London,35-44,Classic,True,2,True,0,39.79
3423,2022-11-01,2022,Outbound,North,35-44,Classic,True,26,False,66,121.95
3424,2022-11-01,2022,Online,Wales & NI,35-44,Classic,False,24,True,22,69.94
3425,2022-11-01,2022,Online,London,45-54,Silver,True,1,True,0,69.94
3426,2022-11-01,2022,Comparison Site,North,25-34,Silver,False,26,False,132,39.79
3427,2022-11-01,2022,Branch,London,45-54,Silver,False,16,True,174,152.18
3428,2022-11-01,2022,Online,South East,65+,Silver,False,16,True,181,69.94
3429,2022-11-01,2022,Online,North,35-44,Classic,False,6,True,0,69.94
3430,2022-11-01,2022,Branch,Scotland,25-34,Classic,False,4,True,0,152.18
3431,2022-11-01,2022,Comparison Site,London,18-24,Silver,False,3,True,33,39.79
3432,2022-11-01,2022,Online,South East,25-34,Classic,True,9,True,0,69.94
3433,2022-11-01,2022,Online,North,25-34,Silver,False,26,False,132,69.94
3434,2022-11-01,2022,Branch,South East,45-54,Gold,False,26,False,216,152.18
3435,2022-11-01,2022,Comparison Site,London,35-44,Classic,False,7,True,0,39.79
3436,2022-11-01,2022,Online,North,35-44,Platinum,True,26,False,168,69.94
3437,2022-11-01,2022,Branch,London,45-54,Platinum,False,26,False,336,152.18
3438,2022-11-01,2022,Referral,North,35-44,Gold,True,8,True,36,59.74
3439,2022-11-01,2022,Referral,London,55-64,Gold,False,4,True,72,59.74
3440,2022-11-01,2022,Branch,London,45-54,Classic,False,26,False,99,152.18
3441,2022-11-01,2022,Online,London,55-64,Silver,True,26,False,66,69.94
3442,2022-11-01,2022,Online,Wales & NI,55-64,Classic,False,26,False,55,69.94
3443,2022-11-01,2022,Referral,North,25-34,Silver,True,26,False,66,59.74
3444,2022-11-01,2022,Comparison Site,South East,35-44,Classic,True,10,True,0,39.79
3445,2022-11-01,2022,Referral,London,25-34,Silver,False,7,True,55,59.74
3446,2022-11-01,2022,Broker/IFA,London,55-64,Gold,False,26,False,216,199.2
3447,2022-11-01,2022,Comparison Site,South East,45-54,Classic,False,3,True,0,39.79
3448,2022-11-01,2022,Referral,North,55-64,Silver,False,22,True,132,59.74
3449,2022-11-01,2022,Online,Scotland,18-24,Classic,False,19,True,44,69.94
3450,2022-11-01,2022,Online,Scotland,45-54,Platinum,False,12,True,336,69.94
3451,2022-11-01,2022,Online,London,65+,Silver,True,1,True,0,69.94
3452,2022-11-01,2022,Comparison Site,North,65+,Classic,True,20,True,44,39.79
3453,2022-11-01,2022,Branch,South East,35-44,Platinum,False,26,False,336,152.18
3454,2022-11-01,2022,Broker/IFA,Midlands,25-34,Gold,False,26,False,246,199.2
3455,2022-11-01,2022,Branch,London,35-44,Silver,False,6,True,66,152.18
3456,2022-11-01,2022,Referral,Midlands,25-34,Gold,False,26,False,216,59.74
3457,2022-11-01,2022,Online,South East,45-54,Classic,True,26,False,0,69.94
3458,2022-11-01,2022,Comparison Site,North,45-54,Silver,False,5,True,55,39.79
3459,2022-11-01,2022,Outbound,Scotland,55-64,Gold,False,26,False,216,121.95
3460,2022-11-01,2022,Online,Wales & NI,55-64,Classic,False,13,True,0,69.94
3461,2022-11-01,2022,Branch,London,25-34,Gold,False,1,True,18,152.18
3462,2022-11-01,2022,Comparison Site,London,35-44,Gold,False,17,True,216,39.79
3463,2022-11-01,2022,Branch,Midlands,55-64,Platinum,False,26,False,336,152.18
3464,2022-11-01,2022,Outbound,North,65+,Classic,False,22,True,0,121.95
3465,2022-11-01,2022,Online,Midlands,35-44,Silver,False,3,True,33,69.94
3466,2022-11-01,2022,Comparison Site,Midlands,55-64,Classic,True,7,True,11,39.79
3467,2022-11-01,2022,Online,London,35-44,Silver,False,26,False,132,69.94
3468,2022-11-01,2022,Broker/IFA,Midlands,25-34,Silver,False,26,False,77,199.2
3469,2022-11-01,2022,Branch,London,35-44,Platinum,False,26,False,336,152.18
3470,2022-11-01,2022,Online,South East,55-64,Gold,False,26,False,266,69.94
3471,2022-11-01,2022,Broker/IFA,Wales & NI,25-34,Gold,False,26,False,216,199.2
3472,2022-11-01,2022,Comparison Site,London,65+,Classic,True,16,True,66,39.79
3473,2022-11-01,2022,Comparison Site,London,45-54,Classic,True,1,True,0,39.79
3474,2022-11-01,2022,Branch,North,18-24,Silver,False,6,True,111,152.18
3475,2022-11-01,2022,Online,London,18-24,Platinum,False,18,True,326,69.94
3476,2022-11-01,2022,Online,South East,55-64,Classic,True,26,False,0,69.94
3477,2022-11-01,2022,Outbound,South East,55-64,Gold,True,26,False,108,121.95
3478,2022-11-01,2022,Online,North,35-44,Classic,False,26,False,124,69.94
3479,2022-11-01,2022,Comparison Site,Midlands,55-64,Silver,True,26,False,66,39.79
3480,2022-11-01,2022,Online,South East,35-44,Silver,False,9,True,99,69.94
3481,2022-11-01,2022,Broker/IFA,South East,55-64,Gold,False,22,True,177,199.2
3482,2022-11-01,2022,Broker/IFA,Midlands,35-44,Platinum,False,26,False,336,199.2
3483,2022-11-01,2022,Outbound,North,25-34,Silver,True,7,True,11,121.95
3484,2022-11-01,2022,Referral,Midlands,55-64,Silver,True,26,False,80,59.74
3485,2022-11-01,2022,Comparison Site,London,25-34,Classic,False,6,True,0,39.79
3486,2022-11-01,2022,Broker/IFA,South East,45-54,Platinum,False,26,False,336,199.2
3487,2022-11-01,2022,Online,Midlands,35-44,Classic,False,20,True,0,69.94
3488,2022-11-01,2022,Outbound,North,25-34,Gold,False,16,True,216,121.95
3489,2022-11-01,2022,Broker/IFA,North,55-64,Platinum,True,26,False,138,199.2
3490,2022-11-01,2022,Branch,Wales & NI,45-54,Silver,True,24,True,66,152.18
3491,2022-11-01,2022,Referral,South East,35-44,Platinum,True,26,False,108,59.74
3492,2022-11-01,2022,Comparison Site,South East,35-44,Gold,True,2,True,0,39.79
3493,2022-11-01,2022,Comparison Site,London,45-54,Gold,False,26,False,216,39.79
3494,2022-11-01,2022,Referral,London,35-44,Gold,False,26,False,216,59.74
3495,2022-11-01,2022,Branch,North,35-44,Classic,False,8,True,0,152.18
3496,2022-11-01,2022,Comparison Site,Midlands,55-64,Gold,True,26,False,108,39.79
3497,2022-11-01,2022,Branch,South East,45-54,Classic,False,1,True,0,152.18
3498,2022-11-01,2022,Branch,South East,25-34,Silver,True,26,False,108,152.18
3499,2022-11-01,2022,Online,Scotland,55-64,Silver,False,26,False,132,69.94
3500,2022-11-01,2022,Broker/IFA,London,18-24,Gold,False,17,True,202,199.2
3501,2022-11-01,2022,Comparison Site,London,25-34,Classic,False,26,False,0,39.79
3502,2022-11-01,2022,Comparison Site,Midlands,55-64,Silver,False,4,True,44,39.79
3503,2022-11-01,2022,Comparison Site,Midlands,25-34,Classic,True,6,True,0,39.79
3504,2022-11-01,2022,Branch,North,25-34,Gold,False,1,True,18,152.18
3505,2022-11-01,2022,Referral,Midlands,35-44,Silver,False,2,True,22,59.74
3506,2022-11-01,2022,Referral,Wales & NI,65+,Classic,False,12,True,121,59.74
3507,2022-11-01,2022,Comparison Site,South East,45-54,Gold,False,20,True,181,39.79
3508,2022-11-01,2022,Outbound,Midlands,45-54,Silver,True,26,False,66,121.95
3509,2022-11-01,2022,Branch,Scotland,55-64,Silver,False,26,False,132,152.18
3510,2022-11-01,2022,Online,South East,25-34,Classic,False,26,False,0,69.94
3511,2022-11-01,2022,Comparison Site,North,25-34,Silver,True,26,False,66,39.79
3512,2022-11-01,2022,Comparison Site,South East,55-64,Classic,False,26,False,88,39.79
3513,2022-11-01,2022,Online,North,25-34,Classic,True,26,False,33,69.94
3514,2022-11-01,2022,Online,Scotland,45-54,Gold,False,26,False,236,69.94
3515,2022-11-01,2022,Online,South East,35-44,Silver,False,26,False,132,69.94
3516,2022-11-01,2022,Comparison Site,South East,18-24,Classic,True,22,True,0,39.79
3517,2022-11-01,2022,Broker/IFA,London,45-54,Gold,False,15,True,216,199.2
3518,2022-11-01,2022,Outbound,London,35-44,Silver,True,20,True,108,121.95
3519,2022-11-01,2022,Outbound,South East,35-44,Classic,False,7,True,0,121.95
3520,2022-11-01,2022,Referral,London,35-44,Gold,False,26,False,216,59.74
3521,2022-11-01,2022,Online,Midlands,25-34,Silver,False,1,True,11,69.94
3522,2022-11-01,2022,Branch,South East,35-44,Silver,False,4,True,44,152.18
3523,2022-11-01,2022,Outbound,North,25-34,Classic,True,1,True,0,121.95
3524,2022-11-01,2022,Branch,Midlands,45-54,Classic,False,26,False,206,152.18
3525,2022-11-01,2022,Comparison Site,South East,25-34,Silver,True,26,False,101,39.79
3526,2022-11-01,2022,Referral,North,25-34,Silver,False,22,True,132,59.74
3527,2022-11-01,2022,Broker/IFA,South East,25-34,Platinum,True,26,False,168,199.2
3528,2022-11-01,2022,Comparison Site,London,55-64,Silver,True,8,True,22,39.79
3529,2022-11-01,2022,Comparison Site,South East,35-44,Classic,True,3,True,0,39.79
3530,2022-11-01,2022,Comparison Site,London,25-34,Silver,True,1,True,0,39.79
3531,2022-11-01,2022,Online,North,65+,Silver,True,26,False,66,69.94
3532,2022-11-01,2022,Online,Scotland,35-44,Silver,False,7,True,77,69.94
3533,2022-11-01,2022,Online,London,25-34,Silver,False,26,False,132,69.94
3534,2022-11-01,2022,Outbound,Scotland,25-34,Classic,True,23,True,0,121.95
3535,2022-11-01,2022,Comparison Site,North,65+,Silver,True,3,True,0,39.79
3536,2022-11-01,2022,Online,North,25-34,Platinum,False,23,True,336,69.94
3537,2022-11-01,2022,Branch,London,35-44,Gold,False,9,True,162,152.18
3538,2022-11-01,2022,Comparison Site,North,25-34,Silver,True,26,False,44,39.79
3539,2022-11-01,2022,Comparison Site,South East,35-44,Silver,True,6,True,0,39.79
3540,2022-11-01,2022,Comparison Site,South East,65+,Classic,True,26,False,66,39.79
3541,2022-11-01,2022,Online,North,35-44,Classic,True,7,True,0,69.94
3542,2022-11-01,2022,Referral,South East,45-54,Silver,False,2,True,22,59.74
3543,2022-11-01,2022,Comparison Site,South East,45-54,Classic,False,11,True,0,39.79
3544,2022-11-01,2022,Comparison Site,North,45-54,Silver,True,6,True,0,39.79
3545,2022-11-01,2022,Outbound,Midlands,65+,Silver,True,26,False,66,121.95
3546,2022-11-01,2022,Outbound,London,35-44,Classic,True,11,True,0,121.95
3547,2022-11-01,2022,Comparison Site,Wales & NI,35-44,Classic,True,15,True,0,39.79
3548,2022-11-01,2022,Branch,Scotland,45-54,Silver,False,10,True,110,152.18
3549,2022-11-01,2022,Online,Scotland,55-64,Platinum,True,26,False,148,69.94
3550,2022-11-01,2022,Comparison Site,South East,65+,Classic,False,4,True,0,39.79
3551,2022-11-01,2022,Comparison Site,London,25-34,Classic,True,4,True,0,39.79
3552,2022-11-01,2022,Online,South East,25-34,Silver,True,2,True,0,69.94
3553,2022-11-01,2022,Comparison Site,Scotland,35-44,Silver,True,25,True,66,39.79
3554,2022-11-01,2022,Online,Wales & NI,18-24,Silver,False,2,True,22,69.94
3555,2022-11-01,2022,Branch,South East,45-54,Silver,False,26,False,139,152.18
3556,2022-11-01,2022,Referral,London,65+,Platinum,False,26,False,336,59.74
3557,2022-11-01,2022,Broker/IFA,South East,25-34,Gold,False,26,False,266,199.2
3558,2022-11-01,2022,Comparison Site,South East,55-64,Silver,True,2,True,0,39.79
3559,2022-11-01,2022,Referral,North,55-64,Classic,False,26,False,159,59.74
3560,2022-11-01,2022,Comparison Site,South East,45-54,Classic,False,26,False,0,39.79
3561,2022-11-01,2022,Outbound,North,65+,Silver,True,26,False,66,121.95
3562,2022-11-01,2022,Branch,Midlands,35-44,Gold,False,26,False,316,152.18
3563,2022-11-01,2022,Comparison Site,London,65+,Gold,False,1,True,18,39.79
3564,2022-11-01,2022,Branch,London,18-24,Silver,False,26,False,77,152.18
3565,2022-11-01,2022,Comparison Site,London,18-24,Classic,True,7,True,0,39.79
3566,2022-11-01,2022,Broker/IFA,South East,25-34,Gold,False,26,False,266,199.2
3567,2022-11-01,2022,Comparison Site,North,35-44,Silver,True,7,True,11,39.79
3568,2022-11-01,2022,Outbound,Midlands,45-54,Classic,True,1,True,0,121.95
3569,2022-11-01,2022,Comparison Site,London,25-34,Classic,False,12,True,22,39.79
3570,2022-11-01,2022,Comparison Site,North,35-44,Gold,True,9,True,54,39.79
3571,2022-11-01,2022,Branch,Wales & NI,55-64,Classic,True,26,False,33,152.18
3572,2022-11-01,2022,Comparison Site,London,35-44,Silver,True,26,False,66,39.79
3573,2022-11-01,2022,Broker/IFA,North,35-44,Gold,False,26,False,256,199.2
3574,2022-11-01,2022,Online,Scotland,55-64,Classic,False,4,True,0,69.94
3575,2022-11-01,2022,Online,Midlands,35-44,Classic,False,26,False,0,69.94
3576,2022-11-01,2022,Comparison Site,Wales & NI,55-64,Silver,True,8,True,0,39.79
3577,2022-11-01,2022,Broker/IFA,London,18-24,Platinum,True,14,True,168,199.2
3578,2022-11-01,2022,Referral,Midlands,25-34,Gold,False,16,True,117,59.74
3579,2022-11-01,2022,Referral,Scotland,45-54,Gold,False,26,False,216,59.74
3580,2022-11-01,2022,Branch,South East,35-44,Platinum,True,26,False,168,152.18
3581,2022-11-01,2022,Online,North,35-44,Silver,False,26,False,146,69.94
3582,2022-11-01,2022,Referral,London,18-24,Silver,False,26,False,88,59.74
3583,2022-11-01,2022,Online,Midlands,55-64,Gold,True,26,False,108,69.94
3584,2022-11-01,2022,Comparison Site,Wales & NI,18-24,Silver,True,2,True,0,39.79
3585,2022-11-01,2022,Outbound,North,18-24,Silver,True,5,True,0,121.95
3586,2022-11-01,2022,Branch,Scotland,25-34,Classic,False,4,True,22,152.18
3587,2022-11-01,2022,Comparison Site,North,25-34,Classic,True,11,True,0,39.79
3588,2022-12-01,2022,Online,London,35-44,Platinum,True,25,False,168,69.94
3589,2022-12-01,2022,Comparison Site,Scotland,25-34,Classic,True,8,True,0,39.79
3590,2022-12-01,2022,Comparison Site,South East,55-64,Classic,True,7,True,0,39.79
3591,2022-12-01,2022,Online,North,35-44,Gold,True,25,False,101,69.94
3592,2022-12-01,2022,Branch,South East,35-44,Gold,False,25,False,216,152.18
3593,2022-12-01,2022,Branch,London,55-64,Gold,False,25,False,256,152.18
3594,2022-12-01,2022,Referral,Scotland,35-44,Silver,False,25,False,195,59.74
3595,2022-12-01,2022,Online,South East,45-54,Silver,True,25,False,101,69.94
3596,2022-12-01,2022,Online,North,35-44,Gold,True,25,False,108,69.94
3597,2022-12-01,2022,Referral,South East,55-64,Platinum,False,25,False,336,59.74
3598,2022-12-01,2022,Branch,North,65+,Gold,False,25,False,216,152.18
3599,2022-12-01,2022,Outbound,London,45-54,Silver,False,25,False,153,121.95
3600,2022-12-01,2022,Comparison Site,Scotland,18-24,Silver,True,10,True,58,39.79
3601,2022-12-01,2022,Online,London,35-44,Classic,False,9,True,66,69.94
3602,2022-12-01,2022,Outbound,Scotland,25-34,Classic,True,7,True,0,121.95
3603,2022-12-01,2022,Online,London,18-24,Platinum,True,25,False,168,69.94
3604,2022-12-01,2022,Comparison Site,Midlands,25-34,Silver,True,21,True,66,39.79
3605,2022-12-01,2022,Outbound,Midlands,55-64,Classic,False,1,True,0,121.95
3606,2022-12-01,2022,Comparison Site,South East,55-64,Silver,True,25,False,66,39.79
3607,2022-12-01,2022,Online,London,35-44,Silver,False,25,False,160,69.94
3608,2022-12-01,2022,Outbound,Scotland,35-44,Classic,False,9,True,22,121.95
3609,2022-12-01,2022,Broker/IFA,London,25-34,Platinum,False,25,False,336,199.2
3610,2022-12-01,2022,Comparison Site,North,35-44,Silver,True,5,True,0,39.79
3611,2022-12-01,2022,Comparison Site,South East,35-44,Silver,True,3,True,0,39.79
3612,2022-12-01,2022,Outbound,Scotland,35-44,Classic,True,10,True,0,121.95
3613,2022-12-01,2022,Broker/IFA,London,45-54,Silver,True,17,True,33,199.2
3614,2022-12-01,2022,Comparison Site,Scotland,18-24,Silver,False,11,True,121,39.79
3615,2022-12-01,2022,Outbound,London,65+,Classic,True,14,True,0,121.95
3616,2022-12-01,2022,Comparison Site,Midlands,35-44,Classic,False,1,True,0,39.79
3617,2022-12-01,2022,Comparison Site,South East,25-34,Classic,True,6,True,0,39.79
3618,2022-12-01,2022,Referral,North,18-24,Platinum,False,25,False,336,59.74
3619,2022-12-01,2022,Comparison Site,Scotland,45-54,Classic,True,12,True,0,39.79
3620,2022-12-01,2022,Online,North,25-34,Gold,False,25,False,216,69.94
3621,2022-12-01,2022,Online,South East,45-54,Silver,True,9,True,33,69.94
3622,2022-12-01,2022,Online,Scotland,55-64,Silver,False,19,True,167,69.94
3623,2022-12-01,2022,Branch,North,35-44,Gold,True,2,True,0,152.18
3624,2022-12-01,2022,Branch,Midlands,65+,Gold,False,25,False,236,152.18
3625,2022-12-01,2022,Comparison Site,London,55-64,Platinum,False,13,True,336,39.79
3626,2022-12-01,2022,Comparison Site,South East,35-44,Classic,True,10,True,0,39.79
3627,2022-12-01,2022,Comparison Site,North,25-34,Classic,False,17,True,0,39.79
3628,2022-12-01,2022,Outbound,London,25-34,Classic,True,14,True,0,121.95
3629,2022-12-01,2022,Outbound,North,18-24,Silver,False,12,True,132,121.95
3630,2022-12-01,2022,Broker/IFA,South East,35-44,Platinum,False,25,False,336,199.2
3631,2022-12-01,2022,Comparison Site,South East,35-44,Silver,True,25,False,66,39.79
3632,2022-12-01,2022,Online,Scotland,18-24,Silver,True,4,True,0,69.94
3633,2022-12-01,2022,Online,North,45-54,Silver,True,21,True,0,69.94
3634,2022-12-01,2022,Branch,London,45-54,Silver,False,25,False,132,152.18
3635,2022-12-01,2022,Comparison Site,North,35-44,Gold,True,25,False,108,39.79
3636,2022-12-01,2022,Online,South East,25-34,Classic,True,1,True,0,69.94
3637,2022-12-01,2022,Comparison Site,Midlands,25-34,Classic,True,8,True,0,39.79
3638,2022-12-01,2022,Comparison Site,North,35-44,Classic,True,2,True,0,39.79
3639,2022-12-01,2022,Comparison Site,London,35-44,Classic,False,1,True,0,39.79
3640,2022-12-01,2022,Online,Scotland,35-44,Silver,False,25,False,132,69.94
3641,2022-12-01,2022,Comparison Site,Midlands,25-34,Classic,False,3,True,0,39.79
3642,2022-12-01,2022,Comparison Site,North,35-44,Silver,True,24,True,66,39.79
3643,2022-12-01,2022,Referral,South East,35-44,Gold,False,2,True,36,59.74
3644,2022-12-01,2022,Branch,London,55-64,Silver,False,25,False,188,152.18
3645,2022-12-01,2022,Comparison Site,North,25-34,Gold,False,12,True,216,39.79
3646,2022-12-01,2022,Referral,London,18-24,Silver,False,6,True,66,59.74
3647,2022-12-01,2022,Comparison Site,North,25-34,Gold,False,25,False,216,39.79
3648,2022-12-01,2022,Comparison Site,South East,35-44,Classic,False,25,False,0,39.79
3649,2022-12-01,2022,Comparison Site,Wales & NI,25-34,Silver,False,11,True,110,39.79
3650,2022-12-01,2022,Branch,London,55-64,Gold,False,25,False,216,152.18
3651,2022-12-01,2022,Online,North,55-64,Silver,False,11,True,191,69.94
3652,2022-12-01,2022,Comparison Site,South East,45-54,Classic,True,2,True,0,39.79
3653,2022-12-01,2022,Broker/IFA,Scotland,35-44,Platinum,False,25,False,236,199.2
3654,2022-12-01,2022,Online,South East,55-64,Silver,False,11,True,121,69.94
3655,2022-12-01,2022,Outbound,Scotland,25-34,Silver,True,20,True,94,121.95
3656,2022-12-01,2022,Outbound,London,25-34,Classic,False,5,True,0,121.95
3657,2022-12-01,2022,Referral,Scotland,35-44,Classic,False,20,True,0,59.74
3658,2022-12-01,2022,Broker/IFA,London,45-54,Platinum,False,25,False,336,199.2
3659,2022-12-01,2022,Comparison Site,Scotland,35-44,Classic,True,8,True,0,39.79
3660,2022-12-01,2022,Branch,South East,25-34,Classic,False,18,True,44,152.18
3661,2022-12-01,2022,Comparison Site,South East,35-44,Silver,True,5,True,0,39.79
3662,2022-12-01,2022,Online,London,45-54,Classic,False,10,True,0,69.94
3663,2022-12-01,2022,Online,South East,35-44,Gold,False,25,False,246,69.94
3664,2022-12-01,2022,Comparison Site,South East,45-54,Gold,False,17,True,216,39.79
3665,2022-12-01,2022,Comparison Site,North,55-64,Classic,True,4,True,0,39.79
3666,2022-12-01,2022,Outbound,London,55-64,Classic,True,11,True,0,121.95
3667,2022-12-01,2022,Online,South East,45-54,Silver,False,25,False,174,69.94
3668,2022-12-01,2022,Branch,North,25-34,Gold,True,25,False,168,152.18
3669,2022-12-01,2022,Comparison Site,London,18-24,Classic,True,4,True,0,39.79
3670,2022-12-01,2022,Comparison Site,Midlands,35-44,Gold,True,20,True,108,39.79
3671,2022-12-01,2022,Comparison Site,North,35-44,Silver,True,4,True,0,39.79
3672,2022-12-01,2022,Outbound,Wales & NI,55-64,Classic,True,25,False,55,121.95
3673,2022-12-01,2022,Branch,Wales & NI,35-44,Gold,False,25,False,216,152.18
3674,2022-12-01,2022,Outbound,North,35-44,Classic,True,25,False,0,121.95
3675,2022-12-01,2022,Online,Wales & NI,35-44,Classic,False,21,True,88,69.94
3676,2022-12-01,2022,Online,Midlands,55-64,Platinum,False,25,False,296,69.94
3677,2022-12-01,2022,Branch,Wales & NI,55-64,Classic,False,25,False,0,152.18
3678,2022-12-01,2022,Online,North,35-44,Classic,False,9,True,0,69.94
3679,2022-12-01,2022,Branch,Scotland,25-34,Platinum,False,25,False,306,152.18
3680,2022-12-01,2022,Comparison Site,London,25-34,Classic,True,1,True,0,39.79
3681,2022-12-01,2022,Branch,North,25-34,Silver,False,25,False,174,152.18
3682,2022-12-01,2022,Online,Midlands,25-34,Gold,False,3,True,54,69.94
3683,2022-12-01,2022,Branch,Midlands,25-34,Platinum,False,16,True,276,152.18
3684,2022-12-01,2022,Comparison Site,Midlands,25-34,Silver,True,5,True,0,39.79
3685,2022-12-01,2022,Online,South East,25-34,Classic,False,22,True,121,69.94
3686,2022-12-01,2022,Online,London,18-24,Gold,True,25,False,94,69.94
3687,2022-12-01,2022,Outbound,South East,18-24,Gold,False,25,False,216,121.95
3688,2022-12-01,2022,Referral,Wales & NI,35-44,Gold,True,25,False,108,59.74
3689,2022-12-01,2022,Outbound,London,35-44,Gold,True,12,True,66,121.95
3690,2022-12-01,2022,Outbound,Wales & NI,18-24,Silver,False,3,True,33,121.95
3691,2022-12-01,2022,Online,South East,35-44,Gold,False,1,True,18,69.94
3692,2022-12-01,2022,Referral,South East,18-24,Silver,False,17,True,44,59.74
3693,2022-12-01,2022,Comparison Site,London,35-44,Classic,False,3,True,0,39.79
3694,2022-12-01,2022,Online,Midlands,55-64,Silver,False,25,False,195,69.94
3695,2022-12-01,2022,Branch,Midlands,35-44,Gold,False,9,True,162,152.18
3696,2022-12-01,2022,Comparison Site,South East,35-44,Silver,True,25,False,108,39.79
3697,2022-12-01,2022,Comparison Site,London,55-64,Classic,True,1,True,0,39.79
3698,2022-12-01,2022,Referral,South East,35-44,Gold,False,25,False,216,59.74
3699,2022-12-01,2022,Outbound,South East,25-34,Silver,True,3,True,0,121.95
3700,2022-12-01,2022,Broker/IFA,Midlands,18-24,Silver,False,25,False,132,199.2
3701,2022-12-01,2022,Referral,Midlands,18-24,Gold,False,25,False,216,59.74
3702,2022-12-01,2022,Referral,London,25-34,Classic,True,7,True,0,59.74
3703,2022-12-01,2022,Online,London,65+,Silver,True,20,True,94,69.94
3704,2022-12-01,2022,Comparison Site,Wales & NI,45-54,Silver,True,25,False,66,39.79
3705,2022-12-01,2022,Online,Midlands,25-34,Classic,False,12,True,0,69.94
3706,2022-12-01,2022,Branch,North,18-24,Classic,False,2,True,0,152.18
3707,2022-12-01,2022,Branch,North,45-54,Silver,False,25,False,202,152.18
3708,2022-12-01,2022,Online,South East,45-54,Gold,False,11,True,238,69.94
3709,2022-12-01,2022,Broker/IFA,Wales & NI,25-34,Gold,False,25,False,226,199.2
3710,2022-12-01,2022,Branch,North,45-54,Classic,False,4,True,0,152.18
3711,2022-12-01,2022,Comparison Site,Midlands,65+,Silver,False,25,False,132,39.79
3712,2022-12-01,2022,Referral,Scotland,18-24,Platinum,False,25,False,286,59.74
3713,2022-12-01,2022,Comparison Site,Wales & NI,25-34,Classic,True,15,True,0,39.79
3714,2022-12-01,2022,Branch,London,25-34,Gold,False,9,True,162,152.18
3715,2022-12-01,2022,Online,North,35-44,Gold,True,24,True,108,69.94
3716,2022-12-01,2022,Online,Midlands,25-34,Gold,False,25,False,286,69.94
3717,2022-12-01,2022,Comparison Site,North,45-54,Classic,True,7,True,0,39.79
3718,2022-12-01,2022,Comparison Site,Midlands,55-64,Gold,True,3,True,0,39.79
3719,2022-12-01,2022,Outbound,Wales & NI,35-44,Silver,False,1,True,11,121.95
3720,2022-12-01,2022,Outbound,London,35-44,Gold,True,19,True,108,121.95
3721,2022-12-01,2022,Online,Scotland,35-44,Silver,False,24,True,132,69.94
3722,2022-12-01,2022,Branch,South East,18-24,Silver,False,25,False,202,152.18
3723,2022-12-01,2022,Referral,Wales & NI,18-24,Platinum,True,25,False,168,59.74
3724,2022-12-01,2022,Outbound,South East,35-44,Silver,False,2,True,22,121.95
3725,2022-12-01,2022,Online,North,18-24,Silver,False,25,False,132,69.94
3726,2022-12-01,2022,Online,North,18-24,Classic,False,3,True,0,69.94
3727,2022-12-01,2022,Referral,Scotland,18-24,Classic,True,25,False,0,59.74
3728,2022-12-01,2022,Online,South East,25-34,Silver,True,3,True,0,69.94
3729,2022-12-01,2022,Branch,London,35-44,Classic,False,2,True,0,152.18
3730,2022-12-01,2022,Online,Wales & NI,25-34,Gold,False,25,False,216,69.94
3731,2022-12-01,2022,Referral,London,35-44,Platinum,False,25,False,336,59.74
3732,2022-12-01,2022,Outbound,London,35-44,Silver,True,17,True,80,121.95
3733,2022-12-01,2022,Comparison Site,Midlands,25-34,Platinum,True,25,False,168,39.79
3734,2022-12-01,2022,Comparison Site,North,35-44,Platinum,True,25,False,168,39.79
3735,2022-12-01,2022,Broker/IFA,South East,45-54,Gold,False,25,False,316,199.2
3736,2022-12-01,2022,Outbound,North,65+,Silver,True,4,True,0,121.95
3737,2022-12-01,2022,Online,North,25-34,Classic,False,7,True,0,69.94
3738,2022-12-01,2022,Comparison Site,Scotland,18-24,Gold,False,25,False,216,39.79
3739,2022-12-01,2022,Comparison Site,North,35-44,Classic,True,11,True,0,39.79
3740,2022-12-01,2022,Comparison Site,South East,25-34,Classic,False,11,True,0,39.79
3741,2022-12-01,2022,Online,North,25-34,Silver,True,25,False,108,69.94
3742,2022-12-01,2022,Comparison Site,Wales & NI,25-34,Silver,True,25,False,66,39.79
3743,2022-12-01,2022,Outbound,South East,45-54,Silver,True,16,True,66,121.95
3744,2022-12-01,2022,Comparison Site,London,45-54,Silver,True,25,False,66,39.79
3745,2022-12-01,2022,Comparison Site,North,25-34,Silver,True,15,True,11,39.79
3746,2022-12-01,2022,Outbound,London,25-34,Silver,False,11,True,121,121.95
3747,2022-12-01,2022,Comparison Site,North,18-24,Classic,False,6,True,0,39.79
3748,2022-12-01,2022,Online,London,35-44,Classic,True,9,True,0,69.94
3749,2022-12-01,2022,Online,South East,55-64,Silver,True,14,True,148,69.94
3750,2022-12-01,2022,Broker/IFA,Midlands,45-54,Platinum,False,25,False,336,199.2
3751,2022-12-01,2022,Comparison Site,Midlands,55-64,Classic,False,13,True,0,39.79
3752,2022-12-01,2022,Broker/IFA,North,45-54,Gold,False,15,True,326,199.2
3753,2022-12-01,2022,Referral,Scotland,35-44,Platinum,True,25,False,118,59.74
3754,2022-12-01,2022,Referral,Midlands,45-54,Silver,False,25,False,174,59.74
3755,2022-12-01,2022,Referral,London,25-34,Gold,False,25,False,195,59.74
3756,2022-12-01,2022,Branch,London,55-64,Silver,False,25,False,146,152.18
3757,2022-12-01,2022,Comparison Site,London,25-34,Classic,True,7,True,0,39.79
3758,2022-12-01,2022,Comparison Site,North,45-54,Classic,True,3,True,0,39.79
3759,2022-12-01,2022,Online,South East,55-64,Silver,False,7,True,112,69.94
3760,2022-12-01,2022,Comparison Site,Midlands,45-54,Classic,True,9,True,0,39.79
3761,2022-12-01,2022,Comparison Site,South East,35-44,Gold,False,25,False,195,39.79
3762,2022-12-01,2022,Online,North,25-34,Platinum,True,25,False,168,69.94
3763,2022-12-01,2022,Comparison Site,London,25-34,Platinum,True,25,False,108,39.79
3764,2022-12-01,2022,Online,South East,35-44,Silver,False,25,False,132,69.94
3765,2022-12-01,2022,Comparison Site,London,55-64,Gold,False,25,False,216,39.79
3766,2022-12-01,2022,Referral,North,55-64,Silver,False,25,False,132,59.74
3767,2022-12-01,2022,Referral,South East,45-54,Gold,False,25,False,215,59.74
3768,2022-12-01,2022,Online,South East,35-44,Silver,False,14,True,132,69.94
3769,2022-12-01,2022,Branch,Wales & NI,45-54,Gold,True,25,False,108,152.18
3770,2022-12-01,2022,Branch,Scotland,65+,Platinum,False,13,True,286,152.18
3771,2022-12-01,2022,Comparison Site,Midlands,18-24,Classic,True,13,True,0,39.79
3772,2022-12-01,2022,Branch,Midlands,35-44,Platinum,False,25,False,336,152.18
3773,2022-12-01,2022,Branch,North,65+,Silver,False,3,True,33,152.18
3774,2022-12-01,2022,Referral,North,25-34,Classic,False,25,False,0,59.74
3775,2022-12-01,2022,Outbound,North,25-34,Gold,True,21,True,66,121.95
3776,2022-12-01,2022,Comparison Site,South East,25-34,Gold,False,18,True,216,39.79
3777,2022-12-01,2022,Online,London,18-24,Silver,True,1,True,0,69.94
3778,2022-12-01,2022,Comparison Site,North,35-44,Classic,True,7,True,0,39.79
3779,2022-12-01,2022,Outbound,South East,65+,Classic,False,7,True,0,121.95
3780,2022-12-01,2022,Comparison Site,Midlands,45-54,Gold,True,25,False,108,39.79
3781,2022-12-01,2022,Online,North,45-54,Silver,False,25,False,160,69.94
3782,2022-12-01,2022,Referral,London,25-34,Gold,False,25,False,236,59.74
3783,2022-12-01,2022,Comparison Site,Scotland,35-44,Classic,False,4,True,0,39.79
3784,2022-12-01,2022,Comparison Site,North,25-34,Classic,True,1,True,0,39.79
3785,2022-12-01,2022,Outbound,Midlands,25-34,Classic,False,16,True,0,121.95
3786,2022-12-01,2022,Outbound,South East,35-44,Classic,False,10,True,22,121.95
3787,2022-12-01,2022,Outbound,North,25-34,Silver,True,25,False,33,121.95
3788,2022-12-01,2022,Comparison Site,South East,45-54,Classic,False,25,False,129,39.79
3789,2022-12-01,2022,Online,South East,35-44,Silver,False,13,True,132,69.94
3790,2022-12-01,2022,Branch,London,45-54,Gold,False,18,True,276,152.18
3791,2022-12-01,2022,Comparison Site,London,35-44,Silver,True,25,False,66,39.79
3792,2022-12-01,2022,Branch,South East,25-34,Platinum,False,25,False,336,152.18
3793,2022-12-01,2022,Referral,Wales & NI,35-44,Silver,False,25,False,153,59.74
3794,2022-12-01,2022,Online,London,55-64,Gold,False,25,False,216,69.94
3795,2022-12-01,2022,Comparison Site,South East,25-34,Platinum,True,25,False,108,39.79
3796,2022-12-01,2022,Branch,South East,25-34,Classic,False,25,False,152,152.18
3797,2022-12-01,2022,Branch,North,35-44,Gold,False,25,False,286,152.18
3798,2022-12-01,2022,Comparison Site,North,25-34,Classic,True,15,True,66,39.79
3799,2022-12-01,2022,Comparison Site,North,25-34,Classic,False,13,True,0,39.79
3800,2022-12-01,2022,Comparison Site,Wales & NI,35-44,Gold,False,3,True,54,39.79
3801,2022-12-01,2022,Online,South East,45-54,Gold,False,25,False,316,69.94
3802,2022-12-01,2022,Referral,Scotland,25-34,Gold,False,25,False,216,59.74
3803,2022-12-01,2022,Referral,Midlands,18-24,Platinum,False,25,False,326,59.74
3804,2022-12-01,2022,Branch,London,35-44,Silver,False,1,True,11,152.18
3805,2022-12-01,2022,Outbound,South East,25-34,Silver,False,16,True,132,121.95
3806,2022-12-01,2022,Broker/IFA,London,45-54,Gold,False,25,False,216,199.2
3807,2022-12-01,2022,Online,North,25-34,Silver,True,25,False,66,69.94
3808,2022-12-01,2022,Online,Scotland,45-54,Silver,False,4,True,44,69.94
3809,2022-12-01,2022,Comparison Site,Scotland,35-44,Silver,True,2,True,0,39.79
3810,2022-12-01,2022,Comparison Site,London,18-24,Silver,True,2,True,0,39.79
3811,2022-12-01,2022,Outbound,South East,25-34,Silver,True,16,True,66,121.95
3812,2022-12-01,2022,Comparison Site,Scotland,35-44,Gold,True,25,False,108,39.79
3813,2022-12-01,2022,Online,South East,25-34,Gold,False,17,True,188,69.94
3814,2022-12-01,2022,Broker/IFA,Scotland,45-54,Silver,False,25,False,132,199.2
3815,2022-12-01,2022,Comparison Site,South East,18-24,Classic,False,25,False,110,39.79
3816,2022-12-01,2022,Comparison Site,South East,25-34,Gold,False,25,False,216,39.79
3817,2022-12-01,2022,Broker/IFA,Wales & NI,35-44,Gold,False,25,False,174,199.2
3818,2022-12-01,2022,Comparison Site,North,25-34,Classic,True,20,True,0,39.79
3819,2022-12-01,2022,Broker/IFA,London,25-34,Gold,False,25,False,153,199.2
3820,2022-12-01,2022,Outbound,Midlands,35-44,Silver,True,7,True,11,121.95
3821,2022-12-01,2022,Branch,North,18-24,Platinum,False,25,False,336,152.18
3822,2022-12-01,2022,Referral,Midlands,25-34,Gold,False,2,True,36,59.74
3823,2022-12-01,2022,Online,South East,45-54,Silver,False,1,True,11,69.94
3824,2022-12-01,2022,Comparison Site,Scotland,45-54,Gold,True,25,False,108,39.79
3825,2022-12-01,2022,Outbound,Midlands,25-34,Classic,False,3,True,0,121.95
3826,2022-12-01,2022,Online,North,35-44,Silver,True,2,True,0,69.94
3827,2022-12-01,2022,Comparison Site,North,25-34,Silver,True,25,False,66,39.79
3828,2022-12-01,2022,Comparison Site,South East,35-44,Silver,True,7,True,0,39.79
3829,2022-12-01,2022,Comparison Site,South East,65+,Classic,False,6,True,0,39.79
3830,2022-12-01,2022,Referral,North,65+,Platinum,False,25,False,286,59.74
3831,2022-12-01,2022,Online,South East,65+,Silver,False,2,True,22,69.94
3832,2022-12-01,2022,Comparison Site,South East,35-44,Silver,True,25,False,66,39.79
3833,2022-12-01,2022,Branch,London,18-24,Gold,False,25,False,236,152.18
3834,2022-12-01,2022,Outbound,London,18-24,Classic,False,3,True,0,121.95
3835,2022-12-01,2022,Branch,Midlands,55-64,Gold,False,25,False,216,152.18
3836,2022-12-01,2022,Online,London,55-64,Classic,False,3,True,0,69.94
3837,2022-12-01,2022,Outbound,London,25-34,Silver,False,25,False,55,121.95
3838,2022-12-01,2022,Comparison Site,Wales & NI,55-64,Classic,True,7,True,0,39.79
3839,2022-12-01,2022,Comparison Site,Scotland,35-44,Classic,True,12,True,0,39.79
3840,2022-12-01,2022,Comparison Site,North,55-64,Gold,True,25,False,108,39.79
3841,2022-12-01,2022,Outbound,North,25-34,Classic,False,25,False,98,121.95
3842,2022-12-01,2022,Online,London,25-34,Silver,False,2,True,22,69.94
3843,2022-12-01,2022,Branch,South East,35-44,Silver,False,25,False,194,152.18
3844,2022-12-01,2022,Comparison Site,North,55-64,Silver,True,17,True,66,39.79
3845,2022-12-01,2022,Referral,Scotland,25-34,Gold,False,2,True,36,59.74
3846,2022-12-01,2022,Outbound,Wales & NI,25-34,Classic,True,3,True,0,121.95
3847,2022-12-01,2022,Online,London,25-34,Platinum,False,25,False,336,69.94
3848,2022-12-01,2022,Comparison Site,Midlands,35-44,Gold,True,25,False,108,39.79
3849,2022-12-01,2022,Referral,Scotland,18-24,Gold,False,11,True,228,59.74
3850,2022-12-01,2022,Online,Midlands,45-54,Silver,False,25,False,174,69.94
3851,2022-12-01,2022,Referral,London,25-34,Classic,False,10,True,0,59.74
3852,2022-12-01,2022,Online,Scotland,55-64,Platinum,True,20,True,168,69.94
3853,2022-12-01,2022,Referral,Wales & NI,45-54,Classic,False,25,False,123,59.74
3854,2022-12-01,2022,Outbound,North,35-44,Silver,True,2,True,0,121.95
3855,2022-12-01,2022,Referral,London,55-64,Classic,False,2,True,0,59.74
3856,2022-12-01,2022,Comparison Site,Midlands,65+,Silver,True,7,True,18,39.79
3857,2022-12-01,2022,Comparison Site,South East,35-44,Classic,False,25,False,0,39.79
3858,2022-12-01,2022,Comparison Site,South East,25-34,Gold,True,14,True,108,39.79
3859,2022-12-01,2022,Outbound,Midlands,55-64,Platinum,False,25,False,336,121.95
3860,2022-12-01,2022,Online,London,35-44,Classic,False,15,True,0,69.94
3861,2022-12-01,2022,Comparison Site,Scotland,35-44,Classic,True,15,True,0,39.79
3862,2022-12-01,2022,Outbound,Wales & NI,35-44,Silver,False,12,True,132,121.95
3863,2022-12-01,2022,Online,Midlands,25-34,Gold,True,21,True,138,69.94
3864,2022-12-01,2022,Branch,South East,25-34,Gold,True,25,False,108,152.18
3865,2022-12-01,2022,Branch,North,25-34,Platinum,True,25,False,168,152.18
3866,2022-12-01,2022,Comparison Site,South East,18-24,Classic,False,7,True,0,39.79
3867,2022-12-01,2022,Online,Midlands,45-54,Classic,False,2,True,0,69.94
3868,2022-12-01,2022,Comparison Site,London,45-54,Classic,True,9,True,0,39.79
3869,2022-12-01,2022,Online,Wales & NI,18-24,Platinum,False,15,True,336,69.94
3870,2022-12-01,2022,Comparison Site,South East,65+,Classic,True,25,False,22,39.79
3871,2022-12-01,2022,Outbound,South East,25-34,Silver,True,13,True,108,121.95
3872,2022-12-01,2022,Comparison Site,London,25-34,Silver,True,25,False,66,39.79
3873,2022-12-01,2022,Online,London,65+,Gold,False,25,False,216,69.94
3874,2022-12-01,2022,Comparison Site,Scotland,45-54,Silver,True,14,True,108,39.79
3875,2022-12-01,2022,Referral,London,55-64,Platinum,False,22,True,336,59.74
3876,2022-12-01,2022,Online,Scotland,55-64,Classic,False,1,True,0,69.94
3877,2022-12-01,2022,Referral,London,35-44,Platinum,False,25,False,336,59.74
3878,2022-12-01,2022,Broker/IFA,London,25-34,Gold,False,25,False,296,199.2
3879,2022-12-01,2022,Comparison Site,Wales & NI,45-54,Classic,True,1,True,0,39.79
3880,2022-12-01,2022,Referral,Wales & NI,45-54,Silver,False,25,False,209,59.74
3881,2022-12-01,2022,Comparison Site,London,45-54,Classic,True,25,False,73,39.79
3882,2022-12-01,2022,Online,London,55-64,Classic,True,1,True,0,69.94
3883,2022-12-01,2022,Comparison Site,North,35-44,Silver,True,9,True,0,39.79
3884,2022-12-01,2022,Comparison Site,South East,55-64,Classic,True,9,True,11,39.79
3885,2022-12-01,2022,Comparison Site,Scotland,25-34,Silver,False,25,False,132,39.79
3886,2022-12-01,2022,Branch,London,18-24,Platinum,False,25,False,336,152.18
3887,2022-12-01,2022,Referral,North,45-54,Gold,False,25,False,139,59.74
3888,2022-12-01,2022,Referral,Scotland,25-34,Gold,False,25,False,226,59.74
3889,2022-12-01,2022,Comparison Site,North,45-54,Classic,True,24,True,0,39.79
3890,2022-12-01,2022,Outbound,Midlands,35-44,Silver,False,19,True,11,121.95
3891,2022-12-01,2022,Broker/IFA,Scotland,25-34,Gold,False,12,True,209,199.2
3892,2022-12-01,2022,Comparison Site,South East,45-54,Silver,False,25,False,132,39.79
3893,2022-12-01,2022,Comparison Site,London,35-44,Silver,True,25,False,108,39.79
3894,2022-12-01,2022,Referral,London,35-44,Platinum,False,25,False,336,59.74
3895,2022-12-01,2022,Online,Midlands,25-34,Silver,False,25,False,195,69.94
3896,2022-12-01,2022,Online,Midlands,45-54,Silver,False,15,True,132,69.94
3897,2022-12-01,2022,Online,Midlands,35-44,Platinum,False,25,False,316,69.94
3898,2022-12-01,2022,Comparison Site,Midlands,18-24,Classic,False,1,True,0,39.79
3899,2022-12-01,2022,Branch,Scotland,35-44,Gold,False,25,False,266,152.18
3900,2022-12-01,2022,Referral,London,25-34,Gold,False,25,False,216,59.74
3901,2022-12-01,2022,Referral,Scotland,35-44,Gold,True,18,True,108,59.74
3902,2022-12-01,2022,Comparison Site,South East,45-54,Classic,False,5,True,0,39.79
3903,2022-12-01,2022,Outbound,North,45-54,Silver,False,25,False,132,121.95
3904,2022-12-01,2022,Comparison Site,North,45-54,Classic,True,7,True,11,39.79
3905,2022-12-01,2022,Online,Scotland,35-44,Silver,False,25,False,132,69.94
3906,2022-12-01,2022,Online,North,25-34,Silver,False,25,False,132,69.94
3907,2022-12-01,2022,Outbound,Midlands,35-44,Classic,False,23,True,0,121.95
3908,2022-12-01,2022,Referral,North,65+,Silver,False,25,False,160,59.74
3909,2022-12-01,2022,Comparison Site,Wales & NI,18-24,Silver,True,25,False,108,39.79
3910,2022-12-01,2022,Online,Wales & NI,25-34,Gold,False,25,False,195,69.94
3911,2022-12-01,2022,Comparison Site,Midlands,35-44,Classic,True,5,True,0,39.79
3912,2022-12-01,2022,Broker/IFA,North,18-24,Gold,False,25,False,216,199.2
3913,2022-12-01,2022,Comparison Site,North,45-54,Silver,True,25,False,138,39.79
3914,2022-12-01,2022,Outbound,South East,25-34,Classic,True,7,True,0,121.95
3915,2022-12-01,2022,Online,London,35-44,Gold,False,4,True,72,69.94
3916,2022-12-01,2022,Online,Midlands,25-34,Gold,True,25,False,138,69.94
3917,2022-12-01,2022,Branch,London,65+,Gold,False,25,False,326,152.18
3918,2022-12-01,2022,Comparison Site,South East,35-44,Silver,False,1,True,11,39.79
3919,2022-12-01,2022,Comparison Site,North,25-34,Classic,True,6,True,0,39.79
3920,2022-12-01,2022,Online,London,45-54,Gold,True,25,False,138,69.94
3921,2022-12-01,2022,Branch,North,25-34,Platinum,True,25,False,168,152.18
3922,2022-12-01,2022,Referral,Midlands,35-44,Silver,False,7,True,77,59.74
3923,2022-12-01,2022,Online,North,35-44,Classic,True,25,False,66,69.94
3924,2022-12-01,2022,Branch,London,55-64,Platinum,False,25,False,336,152.18
3925,2022-12-01,2022,Outbound,Midlands,25-34,Silver,True,25,False,66,121.95
3926,2022-12-01,2022,Referral,South East,65+,Gold,False,25,False,226,59.74
3927,2022-12-01,2022,Broker/IFA,Midlands,55-64,Silver,False,3,True,33,199.2
3928,2022-12-01,2022,Online,Wales & NI,25-34,Gold,True,4,True,0,69.94
3929,2022-12-01,2022,Comparison Site,South East,45-54,Silver,False,25,False,132,39.79
3930,2022-12-01,2022,Outbound,Midlands,55-64,Classic,True,14,True,66,121.95
3931,2022-12-01,2022,Online,North,45-54,Silver,False,11,True,142,69.94
3932,2022-12-01,2022,Branch,London,25-34,Classic,True,25,False,0,152.18
3933,2022-12-01,2022,Branch,South East,35-44,Gold,False,25,False,326,152.18
3934,2022-12-01,2022,Online,Midlands,35-44,Classic,False,23,True,44,69.94
3935,2022-12-01,2022,Online,Midlands,18-24,Classic,False,18,True,0,69.94
3936,2022-12-01,2022,Comparison Site,Midlands,25-34,Classic,False,5,True,0,39.79
3937,2022-12-01,2022,Comparison Site,Scotland,45-54,Silver,True,10,True,44,39.79
3938,2022-12-01,2022,Broker/IFA,South East,45-54,Silver,False,12,True,11,199.2
3939,2022-12-01,2022,Branch,London,25-34,Silver,True,24,True,0,152.18
3940,2022-12-01,2022,Broker/IFA,South East,55-64,Gold,False,25,False,216,199.2
3941,2022-12-01,2022,Referral,North,45-54,Platinum,False,25,False,336,59.74
3942,2022-12-01,2022,Comparison Site,North,18-24,Silver,True,1,True,0,39.79
3943,2022-12-01,2022,Comparison Site,Midlands,55-64,Classic,False,13,True,0,39.79
3944,2022-12-01,2022,Referral,North,35-44,Classic,False,16,True,0,59.74
3945,2022-12-01,2022,Referral,South East,25-34,Platinum,False,25,False,336,59.74
3946,2022-12-01,2022,Comparison Site,London,25-34,Silver,True,4,True,0,39.79
3947,2022-12-01,2022,Comparison Site,Scotland,25-34,Gold,False,25,False,216,39.79
3948,2022-12-01,2022,Online,North,18-24,Silver,False,10,True,110,69.94
3949,2022-12-01,2022,Comparison Site,London,25-34,Classic,True,5,True,0,39.79
3950,2022-12-01,2022,Referral,Wales & NI,45-54,Silver,False,6,True,66,59.74
3951,2022-12-01,2022,Online,Wales & NI,65+,Gold,True,25,False,87,69.94
3952,2022-12-01,2022,Branch,South East,25-34,Gold,False,18,True,195,152.18
3953,2022-12-01,2022,Comparison Site,London,35-44,Classic,False,10,True,0,39.79
3954,2022-12-01,2022,Comparison Site,South East,25-34,Classic,True,18,True,66,39.79
3955,2022-12-01,2022,Broker/IFA,Midlands,45-54,Gold,False,17,True,216,199.2
3956,2022-12-01,2022,Comparison Site,Midlands,25-34,Classic,False,2,True,0,39.79
3957,2022-12-01,2022,Online,London,25-34,Platinum,False,6,True,138,69.94
3958,2022-12-01,2022,Referral,Scotland,45-54,Silver,False,21,True,132,59.74
3959,2022-12-01,2022,Branch,North,35-44,Silver,True,25,False,0,152.18
3960,2022-12-01,2022,Outbound,North,25-34,Silver,False,25,False,132,121.95
3961,2022-12-01,2022,Online,London,35-44,Classic,False,7,True,0,69.94
3962,2022-12-01,2022,Referral,South East,55-64,Silver,False,25,False,146,59.74
3963,2022-12-01,2022,Branch,Wales & NI,18-24,Silver,False,25,False,132,152.18
3964,2022-12-01,2022,Branch,North,35-44,Platinum,True,25,False,168,152.18
3965,2022-12-01,2022,Comparison Site,Scotland,25-34,Classic,True,25,False,0,39.79
3966,2022-12-01,2022,Broker/IFA,South East,55-64,Platinum,False,25,False,336,199.2
3967,2022-12-01,2022,Comparison Site,London,18-24,Classic,True,7,True,0,39.79
3968,2022-12-01,2022,Comparison Site,Midlands,18-24,Silver,True,7,True,11,39.79
3969,2022-12-01,2022,Referral,London,25-34,Gold,False,7,True,126,59.74
3970,2022-12-01,2022,Branch,North,65+,Silver,False,5,True,55,152.18
3971,2022-12-01,2022,Comparison Site,London,65+,Classic,True,2,True,0,39.79
3972,2022-12-01,2022,Referral,Scotland,25-34,Classic,False,3,True,0,59.74
3973,2022-12-01,2022,Branch,South East,18-24,Classic,False,3,True,0,152.18
3974,2022-12-01,2022,Referral,London,25-34,Silver,False,6,True,87,59.74
3975,2022-12-01,2022,Comparison Site,Scotland,55-64,Classic,True,7,True,0,39.79
3976,2022-12-01,2022,Comparison Site,South East,35-44,Silver,True,6,True,0,39.79
3977,2022-12-01,2022,Comparison Site,Wales & NI,25-34,Classic,True,14,True,0,39.79
3978,2022-12-01,2022,Branch,Wales & NI,35-44,Silver,False,25,False,132,152.18
3979,2022-12-01,2022,Comparison Site,Scotland,55-64,Silver,False,5,True,22,39.79
3980,2022-12-01,2022,Broker/IFA,London,35-44,Silver,True,25,False,66,199.2
3981,2022-12-01,2022,Comparison Site,Scotland,45-54,Silver,False,14,True,132,39.79
3982,2022-12-01,2022,Referral,London,45-54,Platinum,False,15,True,336,59.74
3983,2023-01-01,2023,Branch,Midlands,35-44,Classic,False,24,False,99,152.18
3984,2023-01-01,2023,Branch,Scotland,35-44,Platinum,False,24,False,336,152.18
3985,2023-01-01,2023,Online,London,25-34,Silver,False,24,False,160,69.94
3986,2023-01-01,2023,Comparison Site,Midlands,35-44,Classic,False,4,True,33,39.79
3987,2023-01-01,2023,Broker/IFA,Midlands,65+,Platinum,False,24,False,296,199.2
3988,2023-01-01,2023,Online,South East,45-54,Silver,True,24,False,66,69.94
3989,2023-01-01,2023,Comparison Site,Midlands,25-34,Silver,True,24,False,0,39.79
3990,2023-01-01,2023,Online,Scotland,25-34,Silver,False,17,True,132,69.94
3991,2023-01-01,2023,Outbound,South East,25-34,Gold,False,24,False,216,121.95
3992,2023-01-01,2023,Referral,South East,55-64,Gold,False,9,True,162,59.74
3993,2023-01-01,2023,Comparison Site,North,55-64,Classic,True,4,True,0,39.79
3994,2023-01-01,2023,Online,Scotland,55-64,Gold,False,24,False,216,69.94
3995,2023-01-01,2023,Branch,South East,35-44,Platinum,True,24,False,168,152.18
3996,2023-01-01,2023,Outbound,Midlands,45-54,Classic,False,4,True,0,121.95
3997,2023-01-01,2023,Branch,London,18-24,Gold,False,24,False,236,152.18
3998,2023-01-01,2023,Outbound,South East,65+,Platinum,False,24,False,316,121.95
3999,2023-01-01,2023,Referral,Wales & NI,55-64,Classic,False,19,True,0,59.74
4000,2023-01-01,2023,Online,London,45-54,Gold,False,3,True,54,69.94
4001,2023-01-01,2023,Comparison Site,Wales & NI,65+,Silver,True,24,False,87,39.79
4002,2023-01-01,2023,Referral,Scotland,35-44,Silver,True,24,False,87,59.74
4003,2023-01-01,2023,Comparison Site,London,45-54,Classic,False,23,True,0,39.79
4004,2023-01-01,2023,Comparison Site,North,18-24,Silver,True,24,False,66,39.79
4005,2023-01-01,2023,Comparison Site,North,25-34,Gold,False,15,True,216,39.79
4006,2023-01-01,2023,Comparison Site,South East,25-34,Classic,False,24,False,44,39.79
4007,2023-01-01,2023,Broker/IFA,Scotland,45-54,Platinum,False,24,False,259,199.2
4008,2023-01-01,2023,Online,Scotland,45-54,Classic,False,24,False,88,69.94
4009,2023-01-01,2023,Online,London,35-44,Gold,False,9,True,162,69.94
4010,2023-01-01,2023,Referral,North,55-64,Silver,False,24,False,132,59.74
4011,2023-01-01,2023,Referral,London,65+,Platinum,False,24,False,336,59.74
4012,2023-01-01,2023,Online,South East,55-64,Classic,True,13,True,0,69.94
4013,2023-01-01,2023,Broker/IFA,London,25-34,Gold,True,24,False,108,199.2
4014,2023-01-01,2023,Online,Midlands,35-44,Silver,True,24,False,66,69.94
4015,2023-01-01,2023,Branch,Scotland,25-34,Gold,False,24,False,216,152.18
4016,2023-01-01,2023,Comparison Site,South East,35-44,Gold,True,24,False,108,39.79
4017,2023-01-01,2023,Online,Midlands,65+,Classic,False,24,False,0,69.94
4018,2023-01-01,2023,Outbound,North,45-54,Silver,True,24,False,55,121.95
4019,2023-01-01,2023,Referral,Scotland,45-54,Platinum,True,12,True,168,59.74
4020,2023-01-01,2023,Outbound,Midlands,18-24,Classic,False,8,True,0,121.95
4021,2023-01-01,2023,Online,North,25-34,Classic,False,3,True,0,69.94
4022,2023-01-01,2023,Online,Scotland,25-34,Platinum,False,20,True,336,69.94
4023,2023-01-01,2023,Referral,London,65+,Silver,False,24,False,121,59.74
4024,2023-01-01,2023,Online,South East,65+,Gold,True,24,False,168,69.94
4025,2023-01-01,2023,Comparison Site,Scotland,55-64,Silver,False,24,False,110,39.79
4026,2023-01-01,2023,Online,Midlands,45-54,Gold,False,9,True,162,69.94
4027,2023-01-01,2023,Comparison Site,Midlands,35-44,Silver,False,19,True,11,39.79
4028,2023-01-01,2023,Referral,Midlands,45-54,Gold,False,24,False,256,59.74
4029,2023-01-01,2023,Branch,Scotland,25-34,Silver,False,24,False,202,152.18
4030,2023-01-01,2023,Online,Midlands,65+,Platinum,True,24,False,168,69.94
4031,2023-01-01,2023,Branch,South East,35-44,Classic,True,4,True,0,152.18
4032,2023-01-01,2023,Comparison Site,North,35-44,Classic,True,24,False,0,39.79
4033,2023-01-01,2023,Referral,Wales & NI,25-34,Classic,True,10,True,22,59.74
4034,2023-01-01,2023,Comparison Site,South East,45-54,Classic,True,7,True,0,39.79
4035,2023-01-01,2023,Online,South East,45-54,Silver,False,24,False,132,69.94
4036,2023-01-01,2023,Comparison Site,London,45-54,Gold,True,24,False,168,39.79
4037,2023-01-01,2023,Referral,London,18-24,Gold,True,24,False,108,59.74
4038,2023-01-01,2023,Referral,London,18-24,Silver,False,24,False,132,59.74
4039,2023-01-01,2023,Branch,South East,25-34,Platinum,False,24,False,336,152.18
4040,2023-01-01,2023,Branch,Midlands,45-54,Gold,False,12,True,216,152.18
4041,2023-01-01,2023,Comparison Site,London,25-34,Classic,False,5,True,0,39.79
4042,2023-01-01,2023,Outbound,North,25-34,Classic,False,7,True,0,121.95
4043,2023-01-01,2023,Referral,South East,18-24,Silver,False,15,True,132,59.74
4044,2023-01-01,2023,Online,London,35-44,Platinum,True,24,False,168,69.94
4045,2023-01-01,2023,Branch,London,65+,Platinum,False,24,False,326,152.18
4046,2023-01-01,2023,Comparison Site,London,25-34,Silver,True,21,True,66,39.79
4047,2023-01-01,2023,Branch,London,65+,Gold,False,14,True,226,152.18
4048,2023-01-01,2023,Comparison Site,Midlands,35-44,Silver,False,9,True,99,39.79
4049,2023-01-01,2023,Comparison Site,North,55-64,Classic,False,24,False,66,39.79
4050,2023-01-01,2023,Comparison Site,North,35-44,Gold,False,24,False,216,39.79
4051,2023-01-01,2023,Comparison Site,London,35-44,Silver,False,5,True,55,39.79
4052,2023-01-01,2023,Online,London,45-54,Silver,False,24,False,188,69.94
4053,2023-01-01,2023,Branch,Scotland,45-54,Platinum,True,24,False,168,152.18
4054,2023-01-01,2023,Online,London,45-54,Silver,True,7,True,11,69.94
4055,2023-01-01,2023,Outbound,London,25-34,Classic,True,1,True,0,121.95
4056,2023-01-01,2023,Online,Scotland,55-64,Silver,True,24,False,66,69.94
4057,2023-01-01,2023,Branch,Midlands,18-24,Classic,False,7,True,0,152.18
4058,2023-01-01,2023,Branch,London,35-44,Platinum,True,24,False,168,152.18
4059,2023-01-01,2023,Online,Midlands,25-34,Silver,False,24,False,132,69.94
4060,2023-01-01,2023,Online,Wales & NI,45-54,Silver,False,24,False,197,69.94
4061,2023-01-01,2023,Comparison Site,London,25-34,Silver,False,24,False,258,39.79
4062,2023-01-01,2023,Referral,North,25-34,Gold,False,24,False,216,59.74
4063,2023-01-01,2023,Outbound,Scotland,18-24,Gold,False,7,True,126,121.95
4064,2023-01-01,2023,Online,Midlands,45-54,Gold,False,24,False,316,69.94
4065,2023-01-01,2023,Online,Midlands,18-24,Silver,False,13,True,99,69.94
4066,2023-01-01,2023,Comparison Site,London,35-44,Platinum,True,24,False,168,39.79
4067,2023-01-01,2023,Comparison Site,Wales & NI,35-44,Gold,True,24,False,168,39.79
4068,2023-01-01,2023,Online,South East,18-24,Gold,False,24,False,216,69.94
4069,2023-01-01,2023,Broker/IFA,Midlands,55-64,Platinum,False,24,False,336,199.2
4070,2023-01-01,2023,Outbound,South East,45-54,Silver,True,2,True,0,121.95
4071,2023-01-01,2023,Outbound,South East,45-54,Gold,False,19,True,266,121.95
4072,2023-01-01,2023,Outbound,South East,35-44,Silver,True,5,True,0,121.95
4073,2023-01-01,2023,Comparison Site,North,18-24,Silver,False,20,True,132,39.79
4074,2023-01-01,2023,Outbound,London,45-54,Silver,True,24,False,66,121.95
4075,2023-01-01,2023,Online,Scotland,35-44,Classic,False,24,False,0,69.94
4076,2023-01-01,2023,Online,South East,45-54,Classic,True,14,True,0,69.94
4077,2023-01-01,2023,Online,London,35-44,Gold,True,24,False,66,69.94
4078,2023-01-01,2023,Referral,Wales & NI,35-44,Gold,False,24,False,226,59.74
4079,2023-01-01,2023,Comparison Site,Midlands,55-64,Silver,False,24,False,132,39.79
4080,2023-01-01,2023,Comparison Site,London,45-54,Gold,True,22,True,108,39.79
4081,2023-01-01,2023,Branch,London,45-54,Silver,False,24,False,121,152.18
4082,2023-01-01,2023,Comparison Site,Scotland,25-34,Gold,False,24,False,276,39.79
4083,2023-01-01,2023,Branch,South East,55-64,Silver,False,10,True,110,152.18
4084,2023-01-01,2023,Comparison Site,Midlands,45-54,Classic,True,2,True,0,39.79
4085,2023-01-01,2023,Branch,Scotland,35-44,Platinum,False,21,True,336,152.18
4086,2023-01-01,2023,Comparison Site,Scotland,55-64,Gold,True,17,True,108,39.79
4087,2023-01-01,2023,Comparison Site,London,55-64,Classic,True,24,False,0,39.79
4088,2023-01-01,2023,Referral,North,45-54,Classic,False,6,True,22,59.74
4089,2023-01-01,2023,Comparison Site,Scotland,55-64,Silver,True,24,False,66,39.79
4090,2023-01-01,2023,Outbound,South East,45-54,Silver,True,24,False,124,121.95
4091,2023-01-01,2023,Online,Midlands,55-64,Platinum,False,22,True,336,69.94
4092,2023-01-01,2023,Online,London,55-64,Silver,True,3,True,0,69.94
4093,2023-01-01,2023,Referral,Midlands,55-64,Platinum,False,24,False,336,59.74
4094,2023-01-01,2023,Broker/IFA,North,45-54,Gold,False,24,False,170,199.2
4095,2023-01-01,2023,Comparison Site,North,18-24,Classic,True,7,True,0,39.79
4096,2023-01-01,2023,Comparison Site,South East,35-44,Classic,True,5,True,0,39.79
4097,2023-01-01,2023,Referral,Wales & NI,25-34,Silver,False,18,True,195,59.74
4098,2023-01-01,2023,Online,London,65+,Classic,False,12,True,0,69.94
4099,2023-01-01,2023,Referral,North,18-24,Silver,False,23,True,188,59.74
4100,2023-01-01,2023,Broker/IFA,Wales & NI,45-54,Silver,False,24,False,139,199.2
4101,2023-01-01,2023,Online,North,45-54,Silver,True,13,True,66,69.94
4102,2023-01-01,2023,Comparison Site,London,55-64,Gold,True,24,False,168,39.79
4103,2023-01-01,2023,Online,Wales & NI,55-64,Silver,False,24,False,22,69.94
4104,2023-01-01,2023,Online,London,25-34,Platinum,True,23,True,168,69.94
4105,2023-01-01,2023,Outbound,Scotland,18-24,Classic,True,11,True,0,121.95
4106,2023-01-01,2023,Online,London,35-44,Classic,False,23,True,87,69.94
4107,2023-01-01,2023,Branch,Midlands,18-24,Classic,False,9,True,0,152.18
4108,2023-01-01,2023,Branch,Scotland,25-34,Platinum,False,24,False,336,152.18
4109,2023-01-01,2023,Broker/IFA,South East,35-44,Classic,False,4,True,0,199.2
4110,2023-01-01,2023,Online,Wales & NI,35-44,Gold,False,24,False,216,69.94
4111,2023-01-01,2023,Comparison Site,North,45-54,Silver,False,1,True,11,39.79
4112,2023-01-01,2023,Online,London,25-34,Silver,False,24,False,195,69.94
4113,2023-01-01,2023,Referral,London,35-44,Platinum,False,24,False,316,59.74
4114,2023-01-01,2023,Comparison Site,London,65+,Silver,True,6,True,0,39.79
4115,2023-01-01,2023,Referral,London,55-64,Gold,False,20,True,160,59.74
4116,2023-01-01,2023,Branch,South East,45-54,Silver,True,24,False,108,152.18
4117,2023-01-01,2023,Online,South East,55-64,Silver,False,24,False,160,69.94
4118,2023-01-01,2023,Branch,Wales & NI,35-44,Classic,False,24,False,0,152.18
4119,2023-01-01,2023,Referral,North,25-34,Silver,False,11,True,121,59.74
4120,2023-01-01,2023,Online,Wales & NI,25-34,Classic,True,1,True,0,69.94
4121,2023-01-01,2023,Branch,Midlands,45-54,Gold,False,24,False,195,152.18
4122,2023-01-01,2023,Branch,Scotland,65+,Gold,False,10,True,180,152.18
4123,2023-01-01,2023,Referral,Midlands,35-44,Gold,False,11,True,198,59.74
4124,2023-01-01,2023,Comparison Site,Scotland,65+,Classic,True,7,True,11,39.79
4125,2023-01-01,2023,Branch,South East,45-54,Classic,False,24,False,77,152.18
4126,2023-01-01,2023,Comparison Site,North,45-54,Classic,True,20,True,0,39.79
4127,2023-01-01,2023,Comparison Site,South East,18-24,Silver,True,2,True,0,39.79
4128,2023-01-01,2023,Outbound,London,45-54,Silver,False,3,True,33,121.95
4129,2023-01-01,2023,Branch,Wales & NI,55-64,Silver,False,23,True,211,152.18
4130,2023-01-01,2023,Comparison Site,Scotland,18-24,Silver,False,14,True,132,39.79
4131,2023-01-01,2023,Referral,London,35-44,Gold,True,3,True,0,59.74
4132,2023-01-01,2023,Comparison Site,Wales & NI,35-44,Silver,False,1,True,11,39.79
4133,2023-01-01,2023,Referral,South East,35-44,Silver,False,3,True,33,59.74
4134,2023-01-01,2023,Online,South East,35-44,Platinum,True,24,False,108,69.94
4135,2023-01-01,2023,Online,North,45-54,Silver,True,17,True,66,69.94
4136,2023-01-01,2023,Online,London,18-24,Silver,True,11,True,69,69.94
4137,2023-01-01,2023,Online,North,55-64,Classic,False,24,False,0,69.94
4138,2023-01-01,2023,Branch,Scotland,25-34,Classic,False,2,True,0,152.18
4139,2023-01-01,2023,Comparison Site,London,18-24,Gold,True,5,True,0,39.79
4140,2023-01-01,2023,Comparison Site,London,55-64,Classic,False,24,False,88,39.79
4141,2023-01-01,2023,Branch,South East,25-34,Silver,False,10,True,11,152.18
4142,2023-01-01,2023,Online,Midlands,35-44,Classic,False,24,False,99,69.94
4143,2023-01-01,2023,Comparison Site,London,25-34,Classic,True,6,True,0,39.79
4144,2023-01-01,2023,Comparison Site,London,25-34,Silver,False,1,True,11,39.79
4145,2023-01-01,2023,Online,London,65+,Silver,False,24,False,132,69.94
4146,2023-01-01,2023,Branch,Midlands,55-64,Gold,False,24,False,256,152.18
4147,2023-01-01,2023,Comparison Site,London,25-34,Silver,False,18,True,132,39.79
4148,2023-01-01,2023,Comparison Site,Midlands,45-54,Silver,False,1,True,11,39.79
4149,2023-01-01,2023,Online,South East,25-34,Silver,True,5,True,0,69.94
4150,2023-01-01,2023,Online,North,18-24,Classic,True,7,True,0,69.94
4151,2023-01-01,2023,Broker/IFA,Midlands,45-54,Platinum,False,19,True,292,199.2
4152,2023-01-01,2023,Comparison Site,North,35-44,Classic,False,9,True,0,39.79
4153,2023-01-01,2023,Outbound,Midlands,18-24,Silver,False,14,True,132,121.95
4154,2023-01-01,2023,Online,Wales & NI,25-34,Silver,False,24,False,139,69.94
4155,2023-01-01,2023,Online,North,35-44,Silver,False,24,False,209,69.94
4156,2023-01-01,2023,Branch,South East,35-44,Platinum,True,24,False,168,152.18
4157,2023-01-01,2023,Comparison Site,North,65+,Classic,False,15,True,0,39.79
4158,2023-01-01,2023,Comparison Site,South East,45-54,Classic,False,21,True,44,39.79
4159,2023-01-01,2023,Online,Midlands,35-44,Classic,True,7,True,11,69.94
4160,2023-01-01,2023,Outbound,Midlands,25-34,Gold,False,24,False,296,121.95
4161,2023-01-01,2023,Branch,London,35-44,Gold,False,24,False,216,152.18
4162,2023-01-01,2023,Comparison Site,North,65+,Silver,False,24,False,209,39.79
4163,2023-01-01,2023,Comparison Site,Scotland,25-34,Classic,True,9,True,0,39.79
4164,2023-01-01,2023,Comparison Site,South East,45-54,Classic,True,4,True,0,39.79
4165,2023-01-01,2023,Comparison Site,Midlands,55-64,Silver,True,11,True,55,39.79
4166,2023-01-01,2023,Comparison Site,London,25-34,Platinum,False,24,False,256,39.79
4167,2023-01-01,2023,Outbound,Scotland,25-34,Classic,False,1,True,0,121.95
4168,2023-01-01,2023,Branch,South East,25-34,Platinum,False,10,True,280,152.18
4169,2023-01-01,2023,Referral,Midlands,55-64,Silver,True,24,False,66,59.74
4170,2023-01-01,2023,Broker/IFA,Scotland,35-44,Silver,False,24,False,132,199.2
4171,2023-01-01,2023,Branch,North,18-24,Gold,False,11,True,191,152.18
4172,2023-01-01,2023,Branch,Scotland,25-34,Platinum,False,24,False,336,152.18
4173,2023-01-01,2023,Comparison Site,London,25-34,Classic,True,20,True,0,39.79
4174,2023-01-01,2023,Comparison Site,London,35-44,Silver,False,18,True,132,39.79
4175,2023-01-01,2023,Online,South East,25-34,Classic,True,12,True,108,69.94
4176,2023-01-01,2023,Online,London,18-24,Silver,False,1,True,11,69.94
4177,2023-01-01,2023,Branch,Scotland,35-44,Platinum,False,12,True,336,152.18
4178,2023-01-01,2023,Comparison Site,London,25-34,Silver,False,24,False,174,39.79
4179,2023-01-01,2023,Comparison Site,South East,18-24,Classic,False,1,True,0,39.79
4180,2023-01-01,2023,Online,North,35-44,Silver,True,16,True,66,69.94
4181,2023-01-01,2023,Comparison Site,Wales & NI,55-64,Classic,True,8,True,0,39.79
4182,2023-01-01,2023,Outbound,Wales & NI,25-34,Silver,False,21,True,132,121.95
4183,2023-01-01,2023,Online,South East,35-44,Platinum,False,24,False,336,69.94
4184,2023-01-01,2023,Comparison Site,Scotland,18-24,Silver,True,11,True,55,39.79
4185,2023-01-01,2023,Comparison Site,Wales & NI,25-34,Platinum,True,22,True,168,39.79
4186,2023-01-01,2023,Comparison Site,Midlands,55-64,Classic,True,18,True,66,39.79
4187,2023-01-01,2023,Online,Wales & NI,25-34,Classic,False,7,True,0,69.94
4188,2023-01-01,2023,Comparison Site,London,35-44,Silver,False,8,True,88,39.79
4189,2023-01-01,2023,Online,London,45-54,Classic,False,10,True,0,69.94
4190,2023-01-01,2023,Branch,London,25-34,Gold,False,13,True,216,152.18
4191,2023-01-01,2023,Comparison Site,Midlands,55-64,Silver,False,2,True,22,39.79
4192,2023-01-01,2023,Referral,North,18-24,Silver,False,2,True,22,59.74
4193,2023-01-01,2023,Comparison Site,North,45-54,Gold,True,14,True,108,39.79
4194,2023-01-01,2023,Online,South East,35-44,Silver,True,24,False,66,69.94
4195,2023-01-01,2023,Referral,Wales & NI,35-44,Gold,False,24,False,216,59.74
4196,2023-01-01,2023,Comparison Site,Midlands,65+,Silver,True,4,True,0,39.79
4197,2023-01-01,2023,Online,South East,55-64,Platinum,True,24,False,168,69.94
4198,2023-01-01,2023,Referral,Scotland,65+,Gold,False,23,True,216,59.74
4199,2023-01-01,2023,Comparison Site,Wales & NI,45-54,Silver,False,11,True,55,39.79
4200,2023-01-01,2023,Comparison Site,Midlands,35-44,Silver,False,24,False,167,39.79
4201,2023-01-01,2023,Referral,South East,25-34,Silver,False,11,True,121,59.74
4202,2023-01-01,2023,Online,Scotland,35-44,Classic,True,24,False,66,69.94
4203,2023-01-01,2023,Comparison Site,North,45-54,Gold,True,17,True,108,39.79
4204,2023-01-01,2023,Comparison Site,North,35-44,Silver,False,21,True,77,39.79
4205,2023-01-01,2023,Branch,Midlands,55-64,Silver,False,10,True,11,152.18
4206,2023-01-01,2023,Branch,London,25-34,Platinum,False,24,False,296,152.18
4207,2023-01-01,2023,Branch,London,18-24,Silver,False,21,True,132,152.18
4208,2023-01-01,2023,Comparison Site,South East,45-54,Silver,True,24,False,66,39.79
4209,2023-01-01,2023,Branch,Midlands,45-54,Platinum,False,24,False,336,152.18
4210,2023-01-01,2023,Broker/IFA,London,25-34,Platinum,False,18,True,336,199.2
4211,2023-01-01,2023,Comparison Site,London,65+,Classic,False,24,False,0,39.79
4212,2023-01-01,2023,Referral,London,65+,Gold,False,24,False,167,59.74
4213,2023-01-01,2023,Comparison Site,Midlands,25-34,Silver,True,18,True,108,39.79
4214,2023-01-01,2023,Outbound,Scotland,25-34,Silver,True,24,False,108,121.95
4215,2023-01-01,2023,Branch,Wales & NI,45-54,Classic,False,3,True,0,152.18
4216,2023-01-01,2023,Broker/IFA,North,25-34,Silver,False,14,True,153,199.2
4217,2023-01-01,2023,Online,Scotland,18-24,Silver,False,24,False,181,69.94
4218,2023-01-01,2023,Referral,Midlands,18-24,Platinum,False,20,True,336,59.74
4219,2023-01-01,2023,Comparison Site,Scotland,25-34,Classic,False,6,True,58,39.79
4220,2023-01-01,2023,Online,London,55-64,Classic,True,24,False,66,69.94
4221,2023-01-01,2023,Broker/IFA,South East,25-34,Gold,False,24,False,226,199.2
4222,2023-01-01,2023,Comparison Site,North,35-44,Classic,True,18,True,0,39.79
4223,2023-01-01,2023,Online,South East,65+,Platinum,True,24,False,168,69.94
4224,2023-01-01,2023,Comparison Site,Wales & NI,45-54,Classic,True,19,True,44,39.79
4225,2023-01-01,2023,Comparison Site,South East,25-34,Gold,False,19,True,216,39.79
4226,2023-01-01,2023,Comparison Site,Midlands,25-34,Silver,False,24,False,132,39.79
4227,2023-01-01,2023,Comparison Site,London,45-54,Gold,False,18,True,216,39.79
4228,2023-01-01,2023,Online,North,45-54,Silver,True,24,False,66,69.94
4229,2023-01-01,2023,Comparison Site,North,18-24,Silver,True,2,True,0,39.79
4230,2023-01-01,2023,Branch,Wales & NI,35-44,Gold,False,24,False,216,152.18
4231,2023-01-01,2023,Referral,North,45-54,Gold,False,24,False,216,59.74
4232,2023-01-01,2023,Online,South East,45-54,Silver,False,24,False,132,69.94
4233,2023-01-01,2023,Comparison Site,South East,35-44,Classic,True,7,True,0,39.79
4234,2023-01-01,2023,Comparison Site,South East,45-54,Classic,True,9,True,0,39.79
4235,2023-01-01,2023,Broker/IFA,London,55-64,Platinum,False,8,True,224,199.2
4236,2023-01-01,2023,Online,London,25-34,Classic,False,1,True,0,69.94
4237,2023-01-01,2023,Branch,Midlands,35-44,Gold,False,24,False,216,152.18
4238,2023-01-01,2023,Comparison Site,London,35-44,Classic,True,4,True,0,39.79
4239,2023-01-01,2023,Outbound,Wales & NI,35-44,Silver,False,11,True,121,121.95
4240,2023-01-01,2023,Comparison Site,South East,65+,Silver,False,8,True,88,39.79
4241,2023-01-01,2023,Branch,Scotland,35-44,Gold,False,9,True,162,152.18
4242,2023-01-01,2023,Broker/IFA,London,35-44,Platinum,False,24,False,336,199.2
4243,2023-01-01,2023,Outbound,Midlands,25-34,Silver,False,24,False,132,121.95
4244,2023-01-01,2023,Referral,Scotland,55-64,Gold,False,24,False,216,59.74
4245,2023-01-01,2023,Outbound,Scotland,45-54,Silver,False,24,False,209,121.95
4246,2023-01-01,2023,Comparison Site,South East,25-34,Silver,False,8,True,88,39.79
4247,2023-01-01,2023,Online,South East,25-34,Gold,False,12,True,139,69.94
4248,2023-01-01,2023,Outbound,London,65+,Silver,True,14,True,66,121.95
4249,2023-01-01,2023,Branch,Wales & NI,65+,Gold,False,24,False,216,152.18
4250,2023-01-01,2023,Comparison Site,North,18-24,Silver,True,11,True,55,39.79
4251,2023-01-01,2023,Branch,Midlands,65+,Silver,False,24,False,132,152.18
4252,2023-01-01,2023,Comparison Site,London,35-44,Classic,True,24,False,0,39.79
4253,2023-01-01,2023,Outbound,Midlands,35-44,Silver,False,24,False,132,121.95
4254,2023-01-01,2023,Branch,North,65+,Gold,True,24,False,108,152.18
4255,2023-01-01,2023,Online,South East,35-44,Classic,False,5,True,0,69.94
4256,2023-01-01,2023,Branch,South East,45-54,Gold,False,24,False,216,152.18
4257,2023-01-01,2023,Comparison Site,Wales & NI,45-54,Silver,True,7,True,18,39.79
4258,2023-01-01,2023,Outbound,Scotland,65+,Silver,False,24,False,132,121.95
4259,2023-01-01,2023,Outbound,London,18-24,Classic,False,8,True,0,121.95
4260,2023-01-01,2023,Outbound,Wales & NI,45-54,Silver,True,24,False,87,121.95
4261,2023-01-01,2023,Online,North,25-34,Silver,False,10,True,33,69.94
4262,2023-01-01,2023,Comparison Site,South East,45-54,Silver,True,24,False,66,39.79
4263,2023-01-01,2023,Comparison Site,Midlands,35-44,Classic,True,2,True,0,39.79
4264,2023-01-01,2023,Broker/IFA,South East,25-34,Platinum,False,24,False,336,199.2
4265,2023-01-01,2023,Referral,South East,55-64,Gold,False,24,False,226,59.74
4266,2023-01-01,2023,Outbound,Wales & NI,45-54,Silver,False,24,False,139,121.95
4267,2023-01-01,2023,Broker/IFA,London,65+,Silver,False,24,False,181,199.2
4268,2023-01-01,2023,Referral,North,45-54,Platinum,False,24,False,336,59.74
4269,2023-01-01,2023,Branch,Midlands,35-44,Silver,False,24,False,132,152.18
4270,2023-01-01,2023,Online,South East,25-34,Silver,True,18,True,108,69.94
4271,2023-01-01,2023,Comparison Site,Scotland,35-44,Classic,True,12,True,22,39.79
4272,2023-01-01,2023,Online,South East,18-24,Gold,False,24,False,216,69.94
4273,2023-01-01,2023,Online,Midlands,35-44,Silver,True,2,True,0,69.94
4274,2023-01-01,2023,Branch,London,35-44,Classic,False,6,True,0,152.18
4275,2023-01-01,2023,Branch,Wales & NI,35-44,Gold,False,24,False,326,152.18
4276,2023-01-01,2023,Referral,North,35-44,Silver,False,18,True,195,59.74
4277,2023-01-01,2023,Comparison Site,South East,45-54,Classic,True,2,True,0,39.79
4278,2023-01-01,2023,Branch,Midlands,35-44,Gold,False,24,False,216,152.18
4279,2023-01-01,2023,Comparison Site,South East,35-44,Gold,True,24,False,108,39.79
4280,2023-01-01,2023,Comparison Site,Scotland,35-44,Classic,True,4,True,0,39.79
4281,2023-01-01,2023,Branch,London,35-44,Platinum,True,18,True,168,152.18
4282,2023-01-01,2023,Comparison Site,South East,55-64,Silver,True,17,True,66,39.79
4283,2023-01-01,2023,Referral,London,35-44,Gold,False,18,True,216,59.74
4284,2023-01-01,2023,Online,Midlands,45-54,Classic,False,10,True,0,69.94
4285,2023-01-01,2023,Online,Midlands,65+,Silver,False,24,False,299,69.94
4286,2023-01-01,2023,Comparison Site,North,18-24,Silver,True,10,True,0,39.79
4287,2023-01-01,2023,Comparison Site,North,45-54,Classic,True,24,False,66,39.79
4288,2023-01-01,2023,Referral,London,45-54,Gold,True,1,True,0,59.74
4289,2023-01-01,2023,Comparison Site,London,35-44,Classic,True,2,True,0,39.79
4290,2023-01-01,2023,Outbound,North,35-44,Classic,False,1,True,0,121.95
4291,2023-01-01,2023,Referral,Midlands,55-64,Silver,False,1,True,11,59.74
4292,2023-01-01,2023,Referral,North,35-44,Silver,False,18,True,132,59.74
4293,2023-01-01,2023,Online,North,18-24,Gold,False,8,True,144,69.94
4294,2023-01-01,2023,Broker/IFA,Wales & NI,35-44,Platinum,False,24,False,336,199.2
4295,2023-01-01,2023,Comparison Site,London,18-24,Silver,False,12,True,88,39.79
4296,2023-01-01,2023,Comparison Site,North,18-24,Gold,True,24,False,108,39.79
4297,2023-01-01,2023,Online,Scotland,25-34,Silver,False,24,False,132,69.94
4298,2023-01-01,2023,Online,North,55-64,Silver,False,1,True,11,69.94
4299,2023-01-01,2023,Comparison Site,Scotland,55-64,Silver,False,24,False,195,39.79
4300,2023-01-01,2023,Outbound,Scotland,35-44,Classic,False,24,False,11,121.95
4301,2023-01-01,2023,Branch,North,18-24,Platinum,False,8,True,224,152.18
4302,2023-01-01,2023,Comparison Site,London,45-54,Gold,False,4,True,72,39.79
4303,2023-01-01,2023,Online,North,35-44,Silver,True,6,True,0,69.94
4304,2023-01-01,2023,Comparison Site,South East,25-34,Classic,True,7,True,0,39.79
4305,2023-01-01,2023,Comparison Site,London,25-34,Classic,True,9,True,0,39.79
4306,2023-01-01,2023,Comparison Site,South East,65+,Silver,True,4,True,0,39.79
4307,2023-01-01,2023,Comparison Site,Midlands,55-64,Classic,False,24,False,0,39.79
4308,2023-01-01,2023,Online,North,18-24,Classic,False,24,False,88,69.94
4309,2023-01-01,2023,Comparison Site,Midlands,18-24,Silver,False,8,True,66,39.79
4310,2023-01-01,2023,Outbound,South East,35-44,Gold,False,24,False,266,121.95
4311,2023-01-01,2023,Broker/IFA,South East,18-24,Platinum,False,24,False,241,199.2
4312,2023-01-01,2023,Comparison Site,South East,35-44,Classic,True,6,True,0,39.79
4313,2023-01-01,2023,Comparison Site,Midlands,35-44,Classic,True,5,True,0,39.79
4314,2023-01-01,2023,Online,London,25-34,Silver,True,9,True,33,69.94
4315,2023-01-01,2023,Broker/IFA,Midlands,45-54,Gold,False,24,False,216,199.2
4316,2023-01-01,2023,Online,London,65+,Platinum,False,24,False,306,69.94
4317,2023-01-01,2023,Online,London,25-34,Gold,False,14,True,216,69.94
4318,2023-01-01,2023,Broker/IFA,North,25-34,Platinum,False,24,False,306,199.2
4319,2023-01-01,2023,Online,London,45-54,Classic,True,24,False,0,69.94
4320,2023-01-01,2023,Branch,North,25-34,Gold,False,24,False,216,152.18
4321,2023-01-01,2023,Branch,London,45-54,Gold,False,19,True,112,152.18
4322,2023-01-01,2023,Branch,Midlands,25-34,Classic,False,1,True,0,152.18
4323,2023-01-01,2023,Broker/IFA,South East,45-54,Platinum,False,19,True,336,199.2
4324,2023-01-01,2023,Online,Midlands,18-24,Silver,False,9,True,99,69.94
4325,2023-01-01,2023,Online,North,55-64,Silver,False,9,True,44,69.94
4326,2023-01-01,2023,Outbound,North,18-24,Silver,False,21,True,132,121.95
4327,2023-01-01,2023,Comparison Site,Wales & NI,35-44,Classic,True,24,False,0,39.79
4328,2023-01-01,2023,Branch,Scotland,45-54,Silver,False,20,True,153,152.18
4329,2023-01-01,2023,Online,South East,65+,Classic,False,2,True,0,69.94
4330,2023-01-01,2023,Comparison Site,North,45-54,Silver,True,13,True,0,39.79
4331,2023-01-01,2023,Broker/IFA,London,18-24,Gold,False,24,False,236,199.2
4332,2023-01-01,2023,Comparison Site,London,25-34,Silver,False,24,False,153,39.79
4333,2023-01-01,2023,Broker/IFA,North,25-34,Platinum,False,24,False,336,199.2
4334,2023-01-01,2023,Comparison Site,North,25-34,Silver,True,24,False,108,39.79
4335,2023-01-01,2023,Outbound,North,25-34,Classic,False,8,True,0,121.95
4336,2023-01-01,2023,Comparison Site,North,55-64,Classic,False,24,False,0,39.79
4337,2023-01-01,2023,Branch,South East,45-54,Platinum,True,24,False,168,152.18
4338,2023-01-01,2023,Outbound,North,35-44,Classic,False,18,True,0,121.95
4339,2023-01-01,2023,Outbound,North,45-54,Platinum,False,24,False,316,121.95
4340,2023-01-01,2023,Online,London,35-44,Classic,False,24,False,142,69.94
4341,2023-01-01,2023,Comparison Site,London,45-54,Silver,True,12,True,66,39.79
4342,2023-01-01,2023,Branch,Midlands,55-64,Silver,False,24,False,98,152.18
4343,2023-01-01,2023,Broker/IFA,Wales & NI,65+,Gold,False,24,False,216,199.2
4344,2023-01-01,2023,Comparison Site,London,55-64,Silver,True,24,False,44,39.79
4345,2023-01-01,2023,Online,Wales & NI,35-44,Silver,True,5,True,0,69.94
4346,2023-01-01,2023,Branch,Midlands,35-44,Gold,False,24,False,216,152.18
4347,2023-01-01,2023,Outbound,London,25-34,Silver,True,15,True,66,121.95
4348,2023-01-01,2023,Broker/IFA,London,18-24,Silver,False,11,True,121,199.2
4349,2023-01-01,2023,Online,London,35-44,Gold,False,24,False,296,69.94
4350,2023-01-01,2023,Online,South East,45-54,Classic,False,17,True,22,69.94
4351,2023-01-01,2023,Branch,London,25-34,Platinum,False,24,False,336,152.18
4352,2023-01-01,2023,Comparison Site,Midlands,65+,Silver,False,7,True,77,39.79
4353,2023-01-01,2023,Referral,South East,25-34,Silver,False,24,False,132,59.74
4354,2023-01-01,2023,Comparison Site,Midlands,18-24,Gold,False,24,False,216,39.79
4355,2023-01-01,2023,Comparison Site,Midlands,25-34,Classic,False,24,False,88,39.79
4356,2023-01-01,2023,Referral,South East,35-44,Gold,False,24,False,276,59.74
4357,2023-01-01,2023,Branch,London,65+,Classic,False,19,True,121,152.18
4358,2023-01-01,2023,Comparison Site,London,25-34,Classic,False,24,False,0,39.79
4359,2023-01-01,2023,Comparison Site,South East,25-34,Classic,False,24,False,0,39.79
4360,2023-01-01,2023,Outbound,London,45-54,Gold,False,24,False,216,121.95
4361,2023-01-01,2023,Branch,Midlands,18-24,Gold,False,24,False,216,152.18
4362,2023-01-01,2023,Referral,North,45-54,Silver,False,11,True,55,59.74
4363,2023-01-01,2023,Branch,Midlands,25-34,Gold,False,24,False,209,152.18
4364,2023-01-01,2023,Online,North,55-64,Silver,True,24,False,33,69.94
4365,2023-01-01,2023,Branch,North,35-44,Silver,False,24,False,44,152.18
4366,2023-01-01,2023,Comparison Site,London,35-44,Classic,False,4,True,0,39.79
4367,2023-01-01,2023,Online,South East,25-34,Platinum,True,24,False,148,69.94
4368,2023-01-01,2023,Branch,Midlands,18-24,Silver,True,14,True,80,152.18
4369,2023-01-01,2023,Comparison Site,London,45-54,Classic,True,7,True,0,39.79
4370,2023-01-01,2023,Outbound,London,25-34,Gold,False,21,True,174,121.95
4371,2023-01-01,2023,Online,South East,25-34,Classic,True,7,True,0,69.94
4372,2023-01-01,2023,Broker/IFA,North,45-54,Silver,False,22,True,132,199.2
4373,2023-01-01,2023,Referral,Midlands,35-44,Silver,False,19,True,132,59.74
4374,2023-01-01,2023,Outbound,Midlands,35-44,Silver,False,24,False,132,121.95
4375,2023-01-01,2023,Branch,Wales & NI,35-44,Platinum,False,24,False,336,152.18
4376,2023-01-01,2023,Comparison Site,North,18-24,Silver,False,11,True,121,39.79
4377,2023-01-01,2023,Online,South East,25-34,Gold,True,24,False,108,69.94
4378,2023-01-01,2023,Branch,North,35-44,Platinum,False,24,False,336,152.18
4379,2023-01-01,2023,Referral,Scotland,25-34,Platinum,False,14,True,336,59.74
4380,2023-01-01,2023,Referral,Midlands,25-34,Platinum,False,24,False,246,59.74
4381,2023-01-01,2023,Branch,Scotland,25-34,Gold,False,24,False,226,152.18
4382,2023-02-01,2023,Branch,Scotland,18-24,Gold,False,23,False,195,152.18
4383,2023-02-01,2023,Outbound,South East,35-44,Silver,False,1,True,11,121.95
4384,2023-02-01,2023,Comparison Site,Scotland,55-64,Classic,True,7,True,0,39.79
4385,2023-02-01,2023,Comparison Site,North,18-24,Silver,False,23,False,132,39.79
4386,2023-02-01,2023,Outbound,London,25-34,Silver,False,2,True,22,121.95
4387,2023-02-01,2023,Online,South East,65+,Silver,True,19,True,66,69.94
4388,2023-02-01,2023,Broker/IFA,London,35-44,Gold,False,23,False,326,199.2
4389,2023-02-01,2023,Branch,Midlands,35-44,Gold,False,23,False,216,152.18
4390,2023-02-01,2023,Outbound,South East,35-44,Silver,True,4,True,0,121.95
4391,2023-02-01,2023,Outbound,London,25-34,Silver,False,2,True,11,121.95
4392,2023-02-01,2023,Online,Wales & NI,25-34,Silver,False,12,True,66,69.94
4393,2023-02-01,2023,Referral,Midlands,18-24,Platinum,False,23,False,306,59.74
4394,2023-02-01,2023,Comparison Site,Scotland,18-24,Silver,True,22,True,66,39.79
4395,2023-02-01,2023,Comparison Site,London,18-24,Silver,True,23,False,66,39.79
4396,2023-02-01,2023,Branch,North,35-44,Platinum,True,3,True,0,152.18
4397,2023-02-01,2023,Comparison Site,North,25-34,Silver,False,11,True,110,39.79
4398,2023-02-01,2023,Online,Wales & NI,55-64,Classic,False,23,False,0,69.94
4399,2023-02-01,2023,Online,North,35-44,Platinum,False,23,False,336,69.94
4400,2023-02-01,2023,Branch,North,55-64,Classic,False,23,False,170,152.18
4401,2023-02-01,2023,Comparison Site,Scotland,45-54,Classic,False,1,True,0,39.79
4402,2023-02-01,2023,Branch,North,45-54,Classic,False,23,False,88,152.18
4403,2023-02-01,2023,Online,London,55-64,Gold,False,23,False,216,69.94
4404,2023-02-01,2023,Online,Midlands,45-54,Classic,True,15,True,0,69.94
4405,2023-02-01,2023,Branch,Midlands,45-54,Classic,False,23,False,29,152.18
4406,2023-02-01,2023,Branch,South East,25-34,Silver,False,23,False,181,152.18
4407,2023-02-01,2023,Online,South East,65+,Silver,True,22,True,138,69.94
4408,2023-02-01,2023,Comparison Site,London,55-64,Silver,False,23,False,202,39.79
4409,2023-02-01,2023,Online,London,35-44,Gold,False,23,False,146,69.94
4410,2023-02-01,2023,Comparison Site,South East,25-34,Classic,False,19,True,0,39.79
4411,2023-02-01,2023,Online,London,35-44,Silver,True,8,True,22,69.94
4412,2023-02-01,2023,Comparison Site,Midlands,45-54,Silver,False,6,True,66,39.79
4413,2023-02-01,2023,Outbound,North,35-44,Silver,True,23,False,66,121.95
4414,2023-02-01,2023,Comparison Site,London,55-64,Classic,False,13,True,0,39.79
4415,2023-02-01,2023,Broker/IFA,North,25-34,Silver,False,9,True,99,199.2
4416,2023-02-01,2023,Online,Wales & NI,18-24,Classic,False,23,False,22,69.94
4417,2023-02-01,2023,Branch,London,25-34,Silver,False,11,True,149,152.18
4418,2023-02-01,2023,Online,Midlands,55-64,Gold,False,23,False,216,69.94
4419,2023-02-01,2023,Comparison Site,South East,65+,Classic,True,7,True,0,39.79
4420,2023-02-01,2023,Broker/IFA,South East,25-34,Silver,False,23,False,188,199.2
4421,2023-02-01,2023,Referral,Midlands,35-44,Platinum,False,23,False,316,59.74
4422,2023-02-01,2023,Outbound,South East,18-24,Classic,True,4,True,0,121.95
4423,2023-02-01,2023,Online,London,45-54,Gold,True,1,True,0,69.94
4424,2023-02-01,2023,Comparison Site,South East,45-54,Silver,True,23,False,66,39.79
4425,2023-02-01,2023,Broker/IFA,South East,25-34,Gold,False,6,True,94,199.2
4426,2023-02-01,2023,Comparison Site,Midlands,55-64,Silver,True,7,True,11,39.79
4427,2023-02-01,2023,Referral,London,35-44,Gold,False,23,False,216,59.74
4428,2023-02-01,2023,Referral,London,35-44,Classic,False,1,True,0,59.74
4429,2023-02-01,2023,Comparison Site,Wales & NI,45-54,Silver,False,23,False,132,39.79
4430,2023-02-01,2023,Branch,North,55-64,Gold,True,11,True,90,152.18
4431,2023-02-01,2023,Branch,South East,18-24,Gold,False,9,True,162,152.18
4432,2023-02-01,2023,Branch,North,35-44,Platinum,True,23,False,168,152.18
4433,2023-02-01,2023,Online,London,45-54,Silver,False,23,False,132,69.94
4434,2023-02-01,2023,Online,Midlands,25-34,Classic,True,23,False,0,69.94
4435,2023-02-01,2023,Online,London,35-44,Classic,False,17,True,0,69.94
4436,2023-02-01,2023,Online,Midlands,35-44,Silver,True,23,False,66,69.94
4437,2023-02-01,2023,Comparison Site,Scotland,35-44,Silver,True,23,False,66,39.79
4438,2023-02-01,2023,Outbound,Midlands,45-54,Gold,False,23,False,216,121.95
4439,2023-02-01,2023,Comparison Site,London,35-44,Classic,True,11,True,0,39.79
4440,2023-02-01,2023,Comparison Site,North,65+,Silver,False,23,False,132,39.79
4441,2023-02-01,2023,Online,Scotland,45-54,Platinum,False,23,False,326,69.94
4442,2023-02-01,2023,Comparison Site,London,25-34,Silver,False,23,False,132,39.79
4443,2023-02-01,2023,Broker/IFA,Wales & NI,25-34,Silver,False,15,True,146,199.2
4444,2023-02-01,2023,Referral,Scotland,18-24,Silver,False,23,False,132,59.74
4445,2023-02-01,2023,Comparison Site,Midlands,35-44,Classic,True,19,True,0,39.79
4446,2023-02-01,2023,Comparison Site,North,55-64,Classic,True,8,True,0,39.79
4447,2023-02-01,2023,Branch,South East,18-24,Silver,True,5,True,0,152.18
4448,2023-02-01,2023,Online,South East,18-24,Gold,False,20,True,167,69.94
4449,2023-02-01,2023,Branch,Midlands,35-44,Platinum,False,23,False,336,152.18
4450,2023-02-01,2023,Branch,Midlands,25-34,Silver,True,10,True,44,152.18
4451,2023-02-01,2023,Comparison Site,North,45-54,Silver,False,2,True,22,39.79
4452,2023-02-01,2023,Referral,London,35-44,Platinum,False,23,False,336,59.74
4453,2023-02-01,2023,Online,Wales & NI,18-24,Silver,False,6,True,66,69.94
4454,2023-02-01,2023,Comparison Site,London,35-44,Classic,True,7,True,0,39.79
4455,2023-02-01,2023,Referral,North,55-64,Silver,False,23,False,33,59.74
4456,2023-02-01,2023,Branch,South East,25-34,Classic,False,3,True,0,152.18
4457,2023-02-01,2023,Comparison Site,Scotland,25-34,Silver,False,23,False,66,39.79
4458,2023-02-01,2023,Branch,North,65+,Silver,True,23,False,66,152.18
4459,2023-02-01,2023,Comparison Site,North,55-64,Classic,False,23,False,0,39.79
4460,2023-02-01,2023,Referral,London,65+,Gold,False,16,True,216,59.74
4461,2023-02-01,2023,Comparison Site,South East,65+,Silver,False,13,True,33,39.79
4462,2023-02-01,2023,Online,Midlands,45-54,Classic,False,1,True,0,69.94
4463,2023-02-01,2023,Referral,North,25-34,Gold,False,23,False,286,59.74
4464,2023-02-01,2023,Online,London,25-34,Platinum,False,23,False,276,69.94
4465,2023-02-01,2023,Comparison Site,Midlands,35-44,Platinum,False,4,True,112,39.79
4466,2023-02-01,2023,Comparison Site,London,55-64,Silver,False,18,True,132,39.79
4467,2023-02-01,2023,Referral,North,18-24,Silver,False,23,False,202,59.74
4468,2023-02-01,2023,Outbound,South East,45-54,Silver,False,23,False,153,121.95
4469,2023-02-01,2023,Referral,Scotland,45-54,Gold,False,23,False,174,59.74
4470,2023-02-01,2023,Outbound,London,45-54,Silver,False,23,False,99,121.95
4471,2023-02-01,2023,Comparison Site,North,55-64,Silver,True,9,True,33,39.79
4472,2023-02-01,2023,Online,London,35-44,Classic,False,23,False,65,69.94
4473,2023-02-01,2023,Referral,North,55-64,Gold,False,23,False,216,59.74
4474,2023-02-01,2023,Outbound,Midlands,45-54,Silver,False,23,False,132,121.95
4475,2023-02-01,2023,Branch,Midlands,35-44,Silver,False,1,True,11,152.18
4476,2023-02-01,2023,Online,South East,35-44,Gold,False,23,False,209,69.94
4477,2023-02-01,2023,Broker/IFA,London,35-44,Gold,False,7,True,126,199.2
4478,2023-02-01,2023,Online,Midlands,35-44,Classic,True,5,True,0,69.94
4479,2023-02-01,2023,Comparison Site,South East,25-34,Classic,True,23,False,0,39.79
4480,2023-02-01,2023,Comparison Site,North,35-44,Gold,True,23,False,118,39.79
4481,2023-02-01,2023,Online,South East,35-44,Silver,False,4,True,44,69.94
4482,2023-02-01,2023,Branch,London,25-34,Gold,False,1,True,18,152.18
4483,2023-02-01,2023,Broker/IFA,South East,55-64,Gold,False,23,False,174,199.2
4484,2023-02-01,2023,Comparison Site,London,25-34,Classic,True,19,True,0,39.79
4485,2023-02-01,2023,Branch,Scotland,25-34,Silver,True,23,False,66,152.18
4486,2023-02-01,2023,Online,London,55-64,Platinum,False,23,False,306,69.94
4487,2023-02-01,2023,Referral,South East,35-44,Platinum,False,23,False,336,59.74
4488,2023-02-01,2023,Branch,North,45-54,Silver,False,23,False,132,152.18
4489,2023-02-01,2023,Referral,Midlands,25-34,Gold,False,23,False,216,59.74
4490,2023-02-01,2023,Comparison Site,Midlands,65+,Classic,True,23,False,11,39.79
4491,2023-02-01,2023,Online,London,35-44,Silver,True,23,False,66,69.94
4492,2023-02-01,2023,Comparison Site,South East,18-24,Gold,True,23,False,138,39.79
4493,2023-02-01,2023,Comparison Site,London,45-54,Classic,True,2,True,0,39.79
4494,2023-02-01,2023,Branch,Wales & NI,35-44,Gold,True,5,True,0,152.18
4495,2023-02-01,2023,Referral,London,35-44,Gold,False,23,False,256,59.74
4496,2023-02-01,2023,Outbound,North,35-44,Silver,True,23,False,87,121.95
4497,2023-02-01,2023,Broker/IFA,Midlands,35-44,Gold,False,23,False,326,199.2
4498,2023-02-01,2023,Online,South East,25-34,Classic,True,9,True,0,69.94
4499,2023-02-01,2023,Branch,South East,18-24,Silver,False,23,False,146,152.18
4500,2023-02-01,2023,Outbound,Midlands,35-44,Gold,True,1,True,0,121.95
4501,2023-02-01,2023,Outbound,London,65+,Gold,True,23,False,108,121.95
4502,2023-02-01,2023,Outbound,North,45-54,Gold,True,9,True,54,121.95
4503,2023-02-01,2023,Referral,South East,35-44,Gold,False,23,False,216,59.74
4504,2023-02-01,2023,Outbound,Midlands,35-44,Silver,True,7,True,0,121.95
4505,2023-02-01,2023,Online,North,25-34,Gold,False,21,True,195,69.94
4506,2023-02-01,2023,Online,Scotland,25-34,Classic,False,13,True,88,69.94
4507,2023-02-01,2023,Branch,Midlands,25-34,Classic,False,9,True,44,152.18
4508,2023-02-01,2023,Online,London,65+,Silver,True,6,True,0,69.94
4509,2023-02-01,2023,Online,London,35-44,Platinum,True,23,False,168,69.94
4510,2023-02-01,2023,Comparison Site,North,25-34,Classic,True,4,True,0,39.79
4511,2023-02-01,2023,Branch,South East,35-44,Classic,False,3,True,0,152.18
4512,2023-02-01,2023,Referral,South East,35-44,Silver,False,23,False,132,59.74
4513,2023-02-01,2023,Branch,Midlands,25-34,Gold,False,6,True,108,152.18
4514,2023-02-01,2023,Referral,Midlands,55-64,Silver,False,23,False,132,59.74
4515,2023-02-01,2023,Comparison Site,Wales & NI,18-24,Classic,True,14,True,0,39.79
4516,2023-02-01,2023,Online,Scotland,55-64,Silver,True,7,True,11,69.94
4517,2023-02-01,2023,Outbound,South East,25-34,Silver,True,23,False,108,121.95
4518,2023-02-01,2023,Referral,Scotland,65+,Silver,False,3,True,40,59.74
4519,2023-02-01,2023,Comparison Site,Midlands,18-24,Classic,True,1,True,0,39.79
4520,2023-02-01,2023,Outbound,Scotland,18-24,Silver,False,3,True,33,121.95
4521,2023-02-01,2023,Comparison Site,London,18-24,Silver,True,2,True,0,39.79
4522,2023-02-01,2023,Comparison Site,Wales & NI,18-24,Classic,False,5,True,0,39.79
4523,2023-02-01,2023,Comparison Site,Midlands,55-64,Classic,False,5,True,0,39.79
4524,2023-02-01,2023,Branch,London,25-34,Classic,False,4,True,22,152.18
4525,2023-02-01,2023,Outbound,Midlands,65+,Silver,True,23,False,73,121.95
4526,2023-02-01,2023,Broker/IFA,South East,25-34,Classic,False,23,False,0,199.2
4527,2023-02-01,2023,Broker/IFA,London,55-64,Gold,False,23,False,216,199.2
4528,2023-02-01,2023,Online,London,18-24,Silver,False,23,False,110,69.94
4529,2023-02-01,2023,Comparison Site,North,55-64,Silver,True,8,True,22,39.79
4530,2023-02-01,2023,Branch,London,18-24,Gold,False,23,False,216,152.18
4531,2023-02-01,2023,Comparison Site,South East,35-44,Silver,False,19,True,33,39.79
4532,2023-02-01,2023,Comparison Site,London,65+,Silver,False,23,False,110,39.79
4533,2023-02-01,2023,Online,North,25-34,Silver,False,23,False,132,69.94
4534,2023-02-01,2023,Online,Midlands,18-24,Gold,True,21,True,80,69.94
4535,2023-02-01,2023,Online,Wales & NI,35-44,Silver,False,1,True,11,69.94
4536,2023-02-01,2023,Outbound,Wales & NI,25-34,Platinum,False,17,True,259,121.95
4537,2023-02-01,2023,Online,London,18-24,Classic,False,23,False,44,69.94
4538,2023-02-01,2023,Referral,London,65+,Classic,False,5,True,22,59.74
4539,2023-02-01,2023,Online,Midlands,25-34,Silver,False,5,True,83,69.94
4540,2023-02-01,2023,Online,London,45-54,Silver,True,7,True,18,69.94
4541,2023-02-01,2023,Outbound,London,55-64,Silver,True,4,True,0,121.95
4542,2023-02-01,2023,Branch,Midlands,65+,Silver,True,23,False,66,152.18
4543,2023-02-01,2023,Online,Wales & NI,35-44,Gold,False,21,True,216,69.94
4544,2023-02-01,2023,Branch,South East,25-34,Silver,True,23,False,108,152.18
4545,2023-02-01,2023,Online,Wales & NI,45-54,Platinum,False,23,False,336,69.94
4546,2023-02-01,2023,Referral,Midlands,35-44,Gold,False,23,False,209,59.74
4547,2023-02-01,2023,Comparison Site,Midlands,35-44,Silver,True,4,True,0,39.79
4548,2023-02-01,2023,Broker/IFA,Scotland,35-44,Silver,False,5,True,62,199.2
4549,2023-02-01,2023,Referral,North,25-34,Platinum,False,23,False,336,59.74
4550,2023-02-01,2023,Referral,Wales & NI,25-34,Silver,False,14,True,132,59.74
4551,2023-02-01,2023,Comparison Site,Midlands,45-54,Silver,False,23,False,132,39.79
4552,2023-02-01,2023,Online,London,18-24,Silver,False,23,False,22,69.94
4553,2023-02-01,2023,Comparison Site,Midlands,18-24,Classic,False,1,True,0,39.79
4554,2023-02-01,2023,Online,South East,45-54,Silver,False,10,True,88,69.94
4555,2023-02-01,2023,Online,London,45-54,Silver,True,4,True,0,69.94
4556,2023-02-01,2023,Online,Wales & NI,55-64,Silver,False,3,True,33,69.94
4557,2023-02-01,2023,Comparison Site,London,55-64,Classic,True,1,True,0,39.79
4558,2023-02-01,2023,Referral,North,25-34,Gold,False,23,False,216,59.74
4559,2023-02-01,2023,Branch,Midlands,35-44,Gold,True,23,False,108,152.18
4560,2023-02-01,2023,Online,South East,65+,Gold,True,9,True,54,69.94
4561,2023-02-01,2023,Online,London,65+,Classic,True,23,False,80,69.94
4562,2023-02-01,2023,Comparison Site,Midlands,25-34,Platinum,True,23,False,108,39.79
4563,2023-02-01,2023,Referral,South East,35-44,Gold,True,23,False,108,59.74
4564,2023-02-01,2023,Branch,South East,25-34,Platinum,False,23,False,326,152.18
4565,2023-02-01,2023,Comparison Site,North,35-44,Gold,False,23,False,216,39.79
4566,2023-02-01,2023,Outbound,North,55-64,Classic,True,5,True,0,121.95
4567,2023-02-01,2023,Outbound,South East,55-64,Platinum,True,23,False,168,121.95
4568,2023-02-01,2023,Branch,Midlands,65+,Classic,False,5,True,0,152.18
4569,2023-02-01,2023,Online,London,35-44,Silver,True,23,False,66,69.94
4570,2023-02-01,2023,Referral,South East,35-44,Silver,True,23,False,66,59.74
4571,2023-02-01,2023,Online,London,35-44,Silver,False,2,True,22,69.94
4572,2023-02-01,2023,Outbound,London,25-34,Silver,True,8,True,22,121.95
4573,2023-02-01,2023,Outbound,Scotland,65+,Silver,False,23,False,181,121.95
4574,2023-02-01,2023,Referral,South East,55-64,Platinum,False,21,True,336,59.74
4575,2023-02-01,2023,Broker/IFA,Wales & NI,35-44,Gold,False,16,True,216,199.2
4576,2023-02-01,2023,Broker/IFA,North,25-34,Gold,False,23,False,236,199.2
4577,2023-02-01,2023,Broker/IFA,Scotland,35-44,Gold,False,23,False,216,199.2
4578,2023-02-01,2023,Comparison Site,South East,25-34,Silver,True,3,True,0,39.79
4579,2023-02-01,2023,Referral,North,55-64,Platinum,False,23,False,336,59.74
4580,2023-02-01,2023,Online,North,35-44,Classic,False,5,True,0,69.94
4581,2023-02-01,2023,Referral,North,25-34,Silver,False,18,True,132,59.74
4582,2023-02-01,2023,Comparison Site,London,35-44,Gold,True,23,False,108,39.79
4583,2023-02-01,2023,Outbound,London,45-54,Silver,False,8,True,123,121.95
4584,2023-02-01,2023,Outbound,South East,65+,Silver,True,23,False,66,121.95
4585,2023-02-01,2023,Comparison Site,Wales & NI,25-34,Classic,False,2,True,0,39.79
4586,2023-02-01,2023,Referral,North,45-54,Silver,False,2,True,22,59.74
4587,2023-02-01,2023,Outbound,London,18-24,Classic,False,16,True,0,121.95
4588,2023-02-01,2023,Branch,South East,45-54,Platinum,False,23,False,336,152.18
4589,2023-02-01,2023,Comparison Site,London,55-64,Gold,True,23,False,101,39.79
4590,2023-02-01,2023,Comparison Site,South East,65+,Silver,True,4,True,0,39.79
4591,2023-02-01,2023,Branch,North,35-44,Silver,False,23,False,121,152.18
4592,2023-02-01,2023,Online,Scotland,18-24,Classic,False,9,True,22,69.94
4593,2023-02-01,2023,Outbound,South East,65+,Gold,False,17,True,216,121.95
4594,2023-02-01,2023,Referral,London,45-54,Classic,False,2,True,0,59.74
4595,2023-02-01,2023,Comparison Site,Wales & NI,45-54,Classic,True,3,True,0,39.79
4596,2023-02-01,2023,Referral,North,35-44,Gold,False,23,False,286,59.74
4597,2023-02-01,2023,Branch,Midlands,35-44,Classic,False,10,True,0,152.18
4598,2023-02-01,2023,Broker/IFA,South East,25-34,Platinum,False,23,False,296,199.2
4599,2023-02-01,2023,Branch,London,45-54,Silver,False,23,False,132,152.18
4600,2023-02-01,2023,Online,South East,35-44,Gold,False,6,True,108,69.94
4601,2023-02-01,2023,Online,London,45-54,Classic,True,23,False,0,69.94
4602,2023-02-01,2023,Outbound,Midlands,25-34,Platinum,True,23,False,168,121.95
4603,2023-02-01,2023,Online,North,35-44,Classic,True,7,True,0,69.94
4604,2023-02-01,2023,Comparison Site,North,25-34,Classic,True,2,True,0,39.79
4605,2023-02-01,2023,Referral,Midlands,65+,Platinum,False,23,False,276,59.74
4606,2023-02-01,2023,Comparison Site,North,35-44,Silver,False,7,True,77,39.79
4607,2023-02-01,2023,Online,North,55-64,Classic,False,12,True,0,69.94
4608,2023-02-01,2023,Online,London,25-34,Gold,True,23,False,108,69.94
4609,2023-02-01,2023,Comparison Site,Midlands,25-34,Gold,True,3,True,0,39.79
4610,2023-02-01,2023,Online,North,35-44,Classic,False,23,False,22,69.94
4611,2023-02-01,2023,Referral,South East,35-44,Gold,False,23,False,216,59.74
4612,2023-02-01,2023,Branch,Scotland,35-44,Gold,False,23,False,216,152.18
4613,2023-02-01,2023,Comparison Site,Wales & NI,18-24,Classic,False,23,False,0,39.79
4614,2023-02-01,2023,Comparison Site,Midlands,25-34,Silver,True,1,True,0,39.79
4615,2023-02-01,2023,Referral,London,25-34,Silver,False,23,False,209,59.74
4616,2023-02-01,2023,Referral,London,25-34,Platinum,True,23,False,128,59.74
4617,2023-02-01,2023,Broker/IFA,Scotland,18-24,Platinum,False,23,False,336,199.2
4618,2023-02-01,2023,Comparison Site,London,25-34,Classic,True,23,False,0,39.79
4619,2023-02-01,2023,Branch,Midlands,65+,Silver,False,23,False,132,152.18
4620,2023-02-01,2023,Comparison Site,South East,35-44,Classic,True,23,False,87,39.79
4621,2023-02-01,2023,Branch,Midlands,18-24,Silver,False,23,False,188,152.18
4622,2023-02-01,2023,Online,Scotland,45-54,Silver,True,23,False,66,69.94
4623,2023-02-01,2023,Online,London,25-34,Silver,False,1,True,11,69.94
4624,2023-02-01,2023,Broker/IFA,Midlands,35-44,Gold,False,23,False,276,199.2
4625,2023-02-01,2023,Branch,London,45-54,Silver,False,23,False,146,152.18
4626,2023-02-01,2023,Comparison Site,Midlands,35-44,Classic,False,17,True,11,39.79
4627,2023-02-01,2023,Comparison Site,Midlands,45-54,Classic,True,18,True,66,39.79
4628,2023-02-01,2023,Referral,London,35-44,Classic,False,15,True,120,59.74
4629,2023-02-01,2023,Online,Midlands,25-34,Silver,False,23,False,132,69.94
4630,2023-02-01,2023,Outbound,North,18-24,Gold,False,23,False,195,121.95
4631,2023-02-01,2023,Outbound,South East,25-34,Gold,False,23,False,216,121.95
4632,2023-02-01,2023,Outbound,Scotland,45-54,Platinum,False,7,True,196,121.95
4633,2023-02-01,2023,Comparison Site,London,25-34,Classic,True,2,True,0,39.79
4634,2023-02-01,2023,Online,North,55-64,Classic,True,6,True,0,69.94
4635,2023-02-01,2023,Outbound,North,55-64,Silver,False,9,True,99,121.95
4636,2023-02-01,2023,Online,North,35-44,Silver,True,23,False,108,69.94
4637,2023-02-01,2023,Online,South East,45-54,Classic,False,5,True,0,69.94
4638,2023-02-01,2023,Comparison Site,North,35-44,Silver,True,23,False,108,39.79
4639,2023-02-01,2023,Comparison Site,Midlands,25-34,Silver,True,23,False,66,39.79
4640,2023-02-01,2023,Branch,South East,65+,Silver,False,23,False,153,152.18
4641,2023-02-01,2023,Outbound,South East,45-54,Gold,False,20,True,209,121.95
4642,2023-02-01,2023,Comparison Site,Midlands,35-44,Silver,False,23,False,132,39.79
4643,2023-02-01,2023,Comparison Site,London,25-34,Classic,False,6,True,22,39.79
4644,2023-02-01,2023,Outbound,North,65+,Silver,True,14,True,66,121.95
4645,2023-02-01,2023,Online,London,25-34,Gold,True,23,False,108,69.94
4646,2023-02-01,2023,Comparison Site,London,45-54,Gold,True,3,True,0,39.79
4647,2023-02-01,2023,Comparison Site,London,45-54,Silver,False,23,False,132,39.79
4648,2023-02-01,2023,Comparison Site,Wales & NI,18-24,Silver,False,17,True,132,39.79
4649,2023-02-01,2023,Comparison Site,Midlands,35-44,Silver,True,23,False,101,39.79
4650,2023-02-01,2023,Branch,Scotland,45-54,Classic,False,23,False,55,152.18
4651,2023-02-01,2023,Referral,Midlands,18-24,Silver,True,1,True,0,59.74
4652,2023-02-01,2023,Comparison Site,London,25-34,Classic,False,20,True,0,39.79
4653,2023-02-01,2023,Comparison Site,South East,25-34,Silver,True,2,True,0,39.79
4654,2023-02-01,2023,Branch,North,25-34,Gold,False,17,True,266,152.18
4655,2023-02-01,2023,Comparison Site,Midlands,35-44,Silver,False,2,True,22,39.79
4656,2023-02-01,2023,Branch,South East,25-34,Gold,False,23,False,195,152.18
4657,2023-02-01,2023,Online,London,65+,Silver,False,21,True,132,69.94
4658,2023-02-01,2023,Branch,Midlands,25-34,Gold,False,23,False,216,152.18
4659,2023-02-01,2023,Outbound,North,35-44,Gold,False,23,False,216,121.95
4660,2023-02-01,2023,Online,Midlands,25-34,Classic,True,18,True,0,69.94
4661,2023-02-01,2023,Online,Midlands,18-24,Silver,True,23,False,22,69.94
4662,2023-02-01,2023,Comparison Site,Midlands,45-54,Gold,True,23,False,108,39.79
4663,2023-02-01,2023,Outbound,South East,35-44,Silver,False,1,True,11,121.95
4664,2023-02-01,2023,Outbound,Scotland,45-54,Gold,False,5,True,90,121.95
4665,2023-02-01,2023,Comparison Site,North,25-34,Classic,False,4,True,0,39.79
4666,2023-02-01,2023,Outbound,North,25-34,Silver,False,16,True,132,121.95
4667,2023-02-01,2023,Branch,Wales & NI,25-34,Gold,False,23,False,326,152.18
4668,2023-02-01,2023,Online,North,55-64,Silver,True,23,False,66,69.94
4669,2023-02-01,2023,Broker/IFA,Scotland,35-44,Gold,False,23,False,153,199.2
4670,2023-02-01,2023,Outbound,North,25-34,Silver,True,7,True,11,121.95
4671,2023-02-01,2023,Broker/IFA,North,35-44,Gold,False,23,False,216,199.2
4672,2023-02-01,2023,Outbound,London,35-44,Classic,True,19,True,33,121.95
4673,2023-02-01,2023,Broker/IFA,North,45-54,Platinum,False,10,True,280,199.2
4674,2023-02-01,2023,Branch,Midlands,35-44,Silver,True,23,False,158,152.18
4675,2023-02-01,2023,Branch,London,45-54,Silver,False,23,False,139,152.18
4676,2023-02-01,2023,Outbound,Midlands,18-24,Platinum,False,14,True,316,121.95
4677,2023-02-01,2023,Online,Scotland,25-34,Classic,False,23,False,0,69.94
4678,2023-02-01,2023,Online,Scotland,65+,Classic,False,1,True,0,69.94
4679,2023-02-01,2023,Online,London,25-34,Classic,False,1,True,0,69.94
4680,2023-02-01,2023,Referral,North,18-24,Gold,False,4,True,58,59.74
4681,2023-02-01,2023,Outbound,North,18-24,Classic,True,14,True,33,121.95
4682,2023-02-01,2023,Branch,London,25-34,Silver,False,13,True,99,152.18
4683,2023-02-01,2023,Online,Wales & NI,35-44,Gold,False,23,False,216,69.94
4684,2023-02-01,2023,Comparison Site,South East,55-64,Silver,True,16,True,22,39.79
4685,2023-02-01,2023,Online,South East,25-34,Silver,False,23,False,252,69.94
4686,2023-02-01,2023,Online,London,35-44,Classic,False,12,True,0,69.94
4687,2023-02-01,2023,Comparison Site,Scotland,35-44,Silver,True,1,True,0,39.79
4688,2023-02-01,2023,Comparison Site,London,55-64,Classic,True,23,False,0,39.79
4689,2023-02-01,2023,Comparison Site,London,18-24,Classic,True,23,False,80,39.79
4690,2023-02-01,2023,Branch,South East,25-34,Silver,False,23,False,132,152.18
4691,2023-02-01,2023,Branch,London,25-34,Platinum,False,5,True,120,152.18
4692,2023-02-01,2023,Online,Wales & NI,45-54,Silver,True,11,True,55,69.94
4693,2023-02-01,2023,Branch,London,25-34,Silver,False,23,False,153,152.18
4694,2023-02-01,2023,Comparison Site,South East,35-44,Silver,False,23,False,132,39.79
4695,2023-02-01,2023,Outbound,Midlands,45-54,Platinum,True,23,False,148,121.95
4696,2023-02-01,2023,Outbound,Wales & NI,45-54,Platinum,False,12,True,336,121.95
4697,2023-02-01,2023,Online,Midlands,25-34,Silver,False,23,False,132,69.94
4698,2023-02-01,2023,Branch,London,65+,Gold,False,1,True,18,152.18
4699,2023-02-01,2023,Comparison Site,London,55-64,Classic,False,23,False,0,39.79
4700,2023-02-01,2023,Referral,Midlands,18-24,Gold,False,23,False,216,59.74
4701,2023-02-01,2023,Outbound,Scotland,25-34,Gold,False,8,True,144,121.95
4702,2023-02-01,2023,Referral,South East,25-34,Classic,False,23,False,88,59.74
4703,2023-02-01,2023,Online,South East,18-24,Silver,True,3,True,0,69.94
4704,2023-02-01,2023,Online,North,55-64,Classic,True,7,True,0,69.94
4705,2023-02-01,2023,Referral,London,65+,Silver,False,23,False,258,59.74
4706,2023-02-01,2023,Branch,North,18-24,Silver,False,23,False,167,152.18
4707,2023-02-01,2023,Online,Scotland,45-54,Classic,True,5,True,0,69.94
4708,2023-02-01,2023,Comparison Site,North,65+,Gold,True,6,True,0,39.79
4709,2023-02-01,2023,Referral,North,45-54,Silver,False,1,True,11,59.74
4710,2023-02-01,2023,Online,North,65+,Silver,False,11,True,121,69.94
4711,2023-02-01,2023,Branch,London,45-54,Platinum,False,23,False,336,152.18
4712,2023-02-01,2023,Comparison Site,South East,35-44,Classic,False,15,True,0,39.79
4713,2023-02-01,2023,Outbound,South East,35-44,Classic,True,13,True,0,121.95
4714,2023-02-01,2023,Branch,North,35-44,Gold,False,23,False,216,152.18
4715,2023-02-01,2023,Referral,London,25-34,Classic,False,16,True,91,59.74
4716,2023-02-01,2023,Branch,Scotland,35-44,Silver,True,23,False,108,152.18
4717,2023-02-01,2023,Branch,North,35-44,Gold,False,3,True,54,152.18
4718,2023-02-01,2023,Outbound,North,35-44,Classic,True,23,False,66,121.95
4719,2023-02-01,2023,Outbound,North,35-44,Silver,False,23,False,139,121.95
4720,2023-02-01,2023,Branch,Midlands,45-54,Silver,False,16,True,132,152.18
4721,2023-02-01,2023,Comparison Site,North,18-24,Classic,False,4,True,0,39.79
4722,2023-02-01,2023,Comparison Site,North,25-34,Silver,True,23,False,66,39.79
4723,2023-02-01,2023,Referral,North,45-54,Silver,True,3,True,0,59.74
4724,2023-02-01,2023,Comparison Site,Midlands,35-44,Silver,True,3,True,0,39.79
4725,2023-02-01,2023,Outbound,London,35-44,Classic,False,23,False,0,121.95
4726,2023-02-01,2023,Referral,South East,35-44,Gold,False,23,False,216,59.74
4727,2023-02-01,2023,Outbound,North,18-24,Gold,False,23,False,73,121.95
4728,2023-02-01,2023,Online,South East,35-44,Silver,False,10,True,110,69.94
4729,2023-02-01,2023,Online,Scotland,35-44,Classic,False,23,False,0,69.94
4730,2023-02-01,2023,Branch,South East,35-44,Gold,False,23,False,216,152.18
4731,2023-02-01,2023,Referral,South East,55-64,Silver,False,1,True,11,59.74
4732,2023-02-01,2023,Branch,North,35-44,Platinum,False,23,False,336,152.18
4733,2023-02-01,2023,Online,North,35-44,Gold,True,12,True,108,69.94
4734,2023-02-01,2023,Comparison Site,London,45-54,Classic,True,14,True,0,39.79
4735,2023-02-01,2023,Comparison Site,Midlands,35-44,Silver,True,3,True,0,39.79
4736,2023-02-01,2023,Online,Midlands,35-44,Silver,False,23,False,132,69.94
4737,2023-02-01,2023,Comparison Site,South East,55-64,Classic,False,9,True,0,39.79
4738,2023-02-01,2023,Comparison Site,North,55-64,Classic,False,9,True,0,39.79
4739,2023-02-01,2023,Comparison Site,North,35-44,Platinum,True,23,False,108,39.79
4740,2023-02-01,2023,Online,South East,25-34,Silver,False,8,True,88,69.94
4741,2023-02-01,2023,Broker/IFA,North,45-54,Platinum,False,23,False,292,199.2
4742,2023-02-01,2023,Comparison Site,North,35-44,Silver,False,23,False,132,39.79
4743,2023-02-01,2023,Branch,London,65+,Silver,False,8,True,88,152.18
4744,2023-02-01,2023,Comparison Site,South East,35-44,Classic,True,7,True,0,39.79
4745,2023-02-01,2023,Online,South East,25-34,Gold,False,5,True,90,69.94
4746,2023-02-01,2023,Referral,North,45-54,Classic,False,23,False,88,59.74
4747,2023-02-01,2023,Comparison Site,London,25-34,Classic,False,7,True,0,39.79
4748,2023-02-01,2023,Outbound,Scotland,45-54,Classic,False,1,True,0,121.95
4749,2023-02-01,2023,Branch,Scotland,18-24,Platinum,False,23,False,236,152.18
4750,2023-02-01,2023,Referral,London,35-44,Gold,False,23,False,216,59.74
4751,2023-02-01,2023,Referral,London,35-44,Silver,False,23,False,174,59.74
4752,2023-02-01,2023,Comparison Site,Midlands,45-54,Classic,False,6,True,0,39.79
4753,2023-02-01,2023,Comparison Site,Scotland,18-24,Platinum,True,23,False,168,39.79
4754,2023-02-01,2023,Outbound,Midlands,18-24,Classic,True,23,False,22,121.95
4755,2023-02-01,2023,Branch,London,25-34,Gold,False,23,False,216,152.18
4756,2023-02-01,2023,Comparison Site,North,65+,Classic,True,23,False,66,39.79
4757,2023-02-01,2023,Branch,South East,55-64,Gold,False,23,False,256,152.18
4758,2023-02-01,2023,Comparison Site,Midlands,35-44,Classic,False,14,True,0,39.79
4759,2023-02-01,2023,Comparison Site,North,25-34,Classic,False,1,True,0,39.79
4760,2023-02-01,2023,Outbound,London,35-44,Classic,False,8,True,0,121.95
4761,2023-02-01,2023,Online,London,55-64,Gold,True,23,False,108,69.94
4762,2023-02-01,2023,Outbound,Scotland,65+,Classic,True,23,False,33,121.95
4763,2023-02-01,2023,Referral,North,35-44,Silver,True,15,True,66,59.74
4764,2023-02-01,2023,Branch,London,25-34,Gold,False,23,False,216,152.18
4765,2023-02-01,2023,Comparison Site,London,45-54,Platinum,True,23,False,168,39.79
4766,2023-03-01,2023,Outbound,Scotland,45-54,Silver,True,9,True,54,121.95
4767,2023-03-01,2023,Comparison Site,North,35-44,Silver,True,5,True,0,39.79
4768,2023-03-01,2023,Broker/IFA,South East,55-64,Platinum,False,22,False,336,199.2
4769,2023-03-01,2023,Referral,North,45-54,Platinum,False,22,False,336,59.74
4770,2023-03-01,2023,Referral,Wales & NI,55-64,Platinum,False,22,False,336,59.74
4771,2023-03-01,2023,Outbound,Midlands,35-44,Classic,False,7,True,0,121.95
4772,2023-03-01,2023,Broker/IFA,Scotland,25-34,Classic,False,5,True,0,199.2
4773,2023-03-01,2023,Broker/IFA,London,18-24,Gold,False,22,False,216,199.2
4774,2023-03-01,2023,Comparison Site,Midlands,18-24,Silver,True,1,True,0,39.79
4775,2023-03-01,2023,Online,South East,35-44,Silver,False,7,True,77,69.94
4776,2023-03-01,2023,Referral,North,25-34,Silver,False,17,True,132,59.74
4777,2023-03-01,2023,Comparison Site,Midlands,35-44,Silver,True,22,False,66,39.79
4778,2023-03-01,2023,Outbound,Midlands,18-24,Classic,True,3,True,0,121.95
4779,2023-03-01,2023,Outbound,Midlands,35-44,Classic,True,22,False,0,121.95
4780,2023-03-01,2023,Branch,London,18-24,Gold,False,22,False,216,152.18
4781,2023-03-01,2023,Comparison Site,Wales & NI,25-34,Silver,True,7,True,11,39.79
4782,2023-03-01,2023,Comparison Site,South East,35-44,Silver,True,3,True,0,39.79
4783,2023-03-01,2023,Online,London,35-44,Classic,True,11,True,0,69.94
4784,2023-03-01,2023,Broker/IFA,Midlands,35-44,Platinum,False,20,True,336,199.2
4785,2023-03-01,2023,Outbound,South East,35-44,Silver,False,10,True,110,121.95
4786,2023-03-01,2023,Comparison Site,South East,45-54,Silver,False,6,True,66,39.79
4787,2023-03-01,2023,Online,Scotland,25-34,Platinum,True,22,False,168,69.94
4788,2023-03-01,2023,Comparison Site,South East,18-24,Classic,False,22,False,0,39.79
4789,2023-03-01,2023,Online,South East,25-34,Classic,False,3,True,0,69.94
4790,2023-03-01,2023,Online,North,35-44,Classic,False,1,True,0,69.94
4791,2023-03-01,2023,Referral,South East,35-44,Gold,False,22,False,216,59.74
4792,2023-03-01,2023,Online,Midlands,35-44,Silver,True,22,False,108,69.94
4793,2023-03-01,2023,Branch,Midlands,35-44,Silver,False,22,False,202,152.18
4794,2023-03-01,2023,Outbound,South East,25-34,Silver,True,22,False,66,121.95
4795,2023-03-01,2023,Comparison Site,London,25-34,Silver,False,13,True,132,39.79
4796,2023-03-01,2023,Comparison Site,North,45-54,Classic,True,4,True,0,39.79
4797,2023-03-01,2023,Outbound,South East,18-24,Classic,True,5,True,0,121.95
4798,2023-03-01,2023,Online,Wales & NI,25-34,Classic,False,9,True,0,69.94
4799,2023-03-01,2023,Outbound,South East,25-34,Classic,True,7,True,0,121.95
4800,2023-03-01,2023,Online,North,25-34,Classic,True,5,True,0,69.94
4801,2023-03-01,2023,Comparison Site,North,25-34,Classic,True,8,True,0,39.79
4802,2023-03-01,2023,Online,Scotland,45-54,Silver,True,3,True,0,69.94
4803,2023-03-01,2023,Comparison Site,South East,35-44,Classic,False,10,True,0,39.79
4804,2023-03-01,2023,Outbound,London,25-34,Silver,True,2,True,0,121.95
4805,2023-03-01,2023,Outbound,London,25-34,Silver,True,22,False,66,121.95
4806,2023-03-01,2023,Referral,London,45-54,Gold,False,16,True,216,59.74
4807,2023-03-01,2023,Outbound,North,35-44,Gold,True,20,True,108,121.95
4808,2023-03-01,2023,Online,London,35-44,Platinum,True,22,False,108,69.94
4809,2023-03-01,2023,Branch,North,35-44,Silver,True,7,True,18,152.18
4810,2023-03-01,2023,Comparison Site,South East,65+,Classic,True,2,True,0,39.79
4811,2023-03-01,2023,Referral,North,25-34,Silver,False,22,False,238,59.74
4812,2023-03-01,2023,Branch,London,55-64,Gold,False,22,False,276,152.18
4813,2023-03-01,2023,Online,North,25-34,Classic,False,1,True,0,69.94
4814,2023-03-01,2023,Online,London,18-24,Platinum,True,22,False,168,69.94
4815,2023-03-01,2023,Referral,South East,18-24,Silver,False,22,False,22,59.74
4816,2023-03-01,2023,Online,South East,35-44,Classic,False,22,False,0,69.94
4817,2023-03-01,2023,Online,London,25-34,Classic,False,14,True,0,69.94
4818,2023-03-01,2023,Referral,Midlands,18-24,Silver,False,16,True,132,59.74
4819,2023-03-01,2023,Broker/IFA,North,55-64,Platinum,False,22,False,336,199.2
4820,2023-03-01,2023,Comparison Site,Midlands,65+,Classic,True,22,False,94,39.79
4821,2023-03-01,2023,Online,North,45-54,Silver,True,9,True,33,69.94
4822,2023-03-01,2023,Comparison Site,North,45-54,Silver,False,1,True,11,39.79
4823,2023-03-01,2023,Comparison Site,South East,35-44,Classic,False,13,True,44,39.79
4824,2023-03-01,2023,Comparison Site,London,35-44,Silver,False,3,True,22,39.79
4825,2023-03-01,2023,Online,London,18-24,Platinum,False,22,False,336,69.94
4826,2023-03-01,2023,Outbound,Wales & NI,18-24,Silver,False,8,True,123,121.95
4827,2023-03-01,2023,Comparison Site,Midlands,65+,Gold,True,20,True,108,39.79
4828,2023-03-01,2023,Online,South East,35-44,Platinum,True,7,True,28,69.94
4829,2023-03-01,2023,Comparison Site,Scotland,25-34,Silver,True,2,True,0,39.79
4830,2023-03-01,2023,Comparison Site,London,25-34,Silver,True,1,True,0,39.79
4831,2023-03-01,2023,Comparison Site,South East,35-44,Classic,True,1,True,0,39.79
4832,2023-03-01,2023,Comparison Site,Midlands,35-44,Classic,True,10,True,44,39.79
4833,2023-03-01,2023,Referral,South East,55-64,Gold,False,17,True,216,59.74
4834,2023-03-01,2023,Branch,South East,35-44,Classic,False,22,False,121,152.18
4835,2023-03-01,2023,Comparison Site,London,55-64,Classic,False,6,True,0,39.79
4836,2023-03-01,2023,Outbound,Scotland,55-64,Silver,False,3,True,33,121.95
4837,2023-03-01,2023,Comparison Site,London,25-34,Classic,False,22,False,0,39.79
4838,2023-03-01,2023,Comparison Site,Scotland,25-34,Classic,True,11,True,0,39.79
4839,2023-03-01,2023,Comparison Site,North,18-24,Classic,False,10,True,0,39.79
4840,2023-03-01,2023,Outbound,London,35-44,Classic,False,7,True,0,121.95
4841,2023-03-01,2023,Branch,North,18-24,Silver,False,22,False,146,152.18
4842,2023-03-01,2023,Outbound,London,25-34,Classic,True,21,True,66,121.95
4843,2023-03-01,2023,Comparison Site,Midlands,65+,Silver,True,22,False,108,39.79
4844,2023-03-01,2023,Online,South East,55-64,Platinum,True,22,False,108,69.94
4845,2023-03-01,2023,Online,Scotland,25-34,Silver,True,13,True,66,69.94
4846,2023-03-01,2023,Outbound,Midlands,18-24,Classic,False,13,True,0,121.95
4847,2023-03-01,2023,Comparison Site,Scotland,45-54,Classic,True,2,True,0,39.79
4848,2023-03-01,2023,Outbound,North,55-64,Gold,False,22,False,216,121.95
4849,2023-03-01,2023,Outbound,Midlands,45-54,Silver,False,1,True,11,121.95
4850,2023-03-01,2023,Comparison Site,Midlands,55-64,Classic,False,14,True,121,39.79
4851,2023-03-01,2023,Broker/IFA,Midlands,18-24,Silver,False,22,False,132,199.2
4852,2023-03-01,2023,Referral,South East,35-44,Platinum,False,22,False,269,59.74
4853,2023-03-01,2023,Comparison Site,Scotland,55-64,Silver,True,6,True,0,39.79
4854,2023-03-01,2023,Comparison Site,Scotland,25-34,Silver,False,22,False,132,39.79
4855,2023-03-01,2023,Referral,London,35-44,Silver,False,22,False,132,59.74
4856,2023-03-01,2023,Broker/IFA,North,25-34,Platinum,False,19,True,316,199.2
4857,2023-03-01,2023,Online,South East,45-54,Silver,False,22,False,191,69.94
4858,2023-03-01,2023,Online,South East,65+,Silver,False,22,False,132,69.94
4859,2023-03-01,2023,Online,Scotland,35-44,Classic,True,21,True,66,69.94
4860,2023-03-01,2023,Online,London,65+,Silver,True,4,True,0,69.94
4861,2023-03-01,2023,Branch,South East,35-44,Gold,False,22,False,216,152.18
4862,2023-03-01,2023,Comparison Site,Midlands,35-44,Gold,True,22,False,158,39.79
4863,2023-03-01,2023,Referral,North,55-64,Platinum,True,22,False,168,59.74
4864,2023-03-01,2023,Online,London,45-54,Platinum,True,1,True,0,69.94
4865,2023-03-01,2023,Online,South East,35-44,Silver,True,22,False,66,69.94
4866,2023-03-01,2023,Branch,Midlands,55-64,Gold,False,22,False,216,152.18
4867,2023-03-01,2023,Comparison Site,North,55-64,Platinum,False,22,False,336,39.79
4868,2023-03-01,2023,Comparison Site,Scotland,25-34,Classic,True,1,True,0,39.79
4869,2023-03-01,2023,Referral,South East,65+,Gold,False,22,False,216,59.74
4870,2023-03-01,2023,Referral,London,55-64,Gold,True,1,True,0,59.74
4871,2023-03-01,2023,Comparison Site,South East,65+,Silver,True,22,False,66,39.79
4872,2023-03-01,2023,Broker/IFA,Midlands,35-44,Platinum,True,20,True,168,199.2
4873,2023-03-01,2023,Branch,South East,25-34,Gold,True,22,False,108,152.18
4874,2023-03-01,2023,Broker/IFA,South East,18-24,Silver,False,22,False,195,199.2
4875,2023-03-01,2023,Referral,London,35-44,Silver,True,22,False,66,59.74
4876,2023-03-01,2023,Online,North,35-44,Silver,False,22,False,132,69.94
4877,2023-03-01,2023,Referral,North,45-54,Silver,True,6,True,0,59.74
4878,2023-03-01,2023,Comparison Site,South East,35-44,Silver,True,22,False,66,39.79
4879,2023-03-01,2023,Referral,North,55-64,Platinum,True,22,False,168,59.74
4880,2023-03-01,2023,Comparison Site,Midlands,45-54,Silver,True,19,True,0,39.79
4881,2023-03-01,2023,Outbound,North,35-44,Silver,True,21,True,66,121.95
4882,2023-03-01,2023,Online,London,45-54,Classic,True,1,True,0,69.94
4883,2023-03-01,2023,Referral,South East,35-44,Gold,True,22,False,108,59.74
4884,2023-03-01,2023,Comparison Site,North,35-44,Classic,True,22,False,0,39.79
4885,2023-03-01,2023,Outbound,South East,35-44,Classic,False,2,True,0,121.95
4886,2023-03-01,2023,Broker/IFA,London,35-44,Silver,False,11,True,121,199.2
4887,2023-03-01,2023,Comparison Site,London,25-34,Gold,True,7,True,18,39.79
4888,2023-03-01,2023,Referral,Scotland,35-44,Silver,False,9,True,99,59.74
4889,2023-03-01,2023,Online,Wales & NI,25-34,Silver,False,13,True,132,69.94
4890,2023-03-01,2023,Branch,London,25-34,Platinum,False,22,False,336,152.18
4891,2023-03-01,2023,Branch,London,25-34,Silver,False,13,True,132,152.18
4892,2023-03-01,2023,Comparison Site,South East,65+,Silver,True,3,True,0,39.79
4893,2023-03-01,2023,Comparison Site,South East,35-44,Classic,False,2,True,0,39.79
4894,2023-03-01,2023,Online,North,35-44,Platinum,True,22,False,168,69.94
4895,2023-03-01,2023,Outbound,North,45-54,Silver,True,5,True,0,121.95
4896,2023-03-01,2023,Broker/IFA,London,35-44,Silver,False,22,False,174,199.2
4897,2023-03-01,2023,Comparison Site,South East,25-34,Silver,False,18,True,132,39.79
4898,2023-03-01,2023,Comparison Site,Scotland,25-34,Gold,False,22,False,195,39.79
4899,2023-03-01,2023,Online,London,35-44,Platinum,False,22,False,336,69.94
4900,2023-03-01,2023,Branch,London,35-44,Platinum,False,22,False,336,152.18
4901,2023-03-01,2023,Online,London,55-64,Silver,True,22,False,66,69.94
4902,2023-03-01,2023,Comparison Site,North,55-64,Classic,True,22,False,66,39.79
4903,2023-03-01,2023,Outbound,South East,25-34,Silver,True,7,True,11,121.95
4904,2023-03-01,2023,Branch,North,35-44,Silver,False,3,True,33,152.18
4905,2023-03-01,2023,Comparison Site,London,55-64,Silver,False,2,True,22,39.79
4906,2023-03-01,2023,Referral,London,35-44,Gold,False,8,True,144,59.74
4907,2023-03-01,2023,Branch,London,25-34,Platinum,False,1,True,28,152.18
4908,2023-03-01,2023,Outbound,London,18-24,Gold,False,22,False,216,121.95
4909,2023-03-01,2023,Outbound,Wales & NI,65+,Gold,True,22,False,168,121.95
4910,2023-03-01,2023,Online,South East,35-44,Classic,False,22,False,0,69.94
4911,2023-03-01,2023,Comparison Site,Midlands,25-34,Classic,True,4,True,0,39.79
4912,2023-03-01,2023,Branch,North,35-44,Silver,False,8,True,77,152.18
4913,2023-03-01,2023,Comparison Site,Scotland,25-34,Silver,False,15,True,88,39.79
4914,2023-03-01,2023,Online,North,25-34,Classic,False,4,True,0,69.94
4915,2023-03-01,2023,Online,London,18-24,Classic,True,5,True,0,69.94
4916,2023-03-01,2023,Outbound,Scotland,35-44,Gold,True,18,True,0,121.95
4917,2023-03-01,2023,Broker/IFA,London,45-54,Gold,False,22,False,181,199.2
4918,2023-03-01,2023,Referral,Scotland,25-34,Classic,True,9,True,11,59.74
4919,2023-03-01,2023,Comparison Site,North,35-44,Silver,True,22,False,108,39.79
4920,2023-03-01,2023,Online,South East,35-44,Classic,False,22,False,131,69.94
4921,2023-03-01,2023,Outbound,North,35-44,Classic,False,3,True,0,121.95
4922,2023-03-01,2023,Online,Midlands,45-54,Gold,False,21,True,226,69.94
4923,2023-03-01,2023,Comparison Site,Scotland,45-54,Silver,True,18,True,0,39.79
4924,2023-03-01,2023,Outbound,London,18-24,Silver,False,12,True,102,121.95
4925,2023-03-01,2023,Online,South East,45-54,Platinum,True,22,False,168,69.94
4926,2023-03-01,2023,Online,London,25-34,Platinum,False,22,False,336,69.94
4927,2023-03-01,2023,Branch,London,18-24,Silver,False,22,False,167,152.18
4928,2023-03-01,2023,Branch,North,25-34,Gold,False,22,False,316,152.18
4929,2023-03-01,2023,Branch,London,45-54,Gold,False,22,False,266,152.18
4930,2023-03-01,2023,Comparison Site,North,45-54,Classic,True,22,False,0,39.79
4931,2023-03-01,2023,Comparison Site,Midlands,25-34,Classic,True,22,False,55,39.79
4932,2023-03-01,2023,Online,South East,45-54,Classic,False,12,True,110,69.94
4933,2023-03-01,2023,Online,London,45-54,Silver,True,10,True,44,69.94
4934,2023-03-01,2023,Broker/IFA,North,65+,Platinum,False,22,False,336,199.2
4935,2023-03-01,2023,Branch,North,35-44,Gold,False,22,False,216,152.18
4936,2023-03-01,2023,Online,South East,45-54,Silver,False,9,True,66,69.94
4937,2023-03-01,2023,Branch,London,35-44,Gold,False,22,False,216,152.18
4938,2023-03-01,2023,Online,London,65+,Classic,False,22,False,66,69.94
4939,2023-03-01,2023,Broker/IFA,Scotland,35-44,Silver,False,4,True,65,199.2
4940,2023-03-01,2023,Comparison Site,Wales & NI,25-34,Classic,True,2,True,0,39.79
4941,2023-03-01,2023,Referral,Scotland,35-44,Silver,False,22,False,132,59.74
4942,2023-03-01,2023,Online,North,35-44,Silver,False,19,True,132,69.94
4943,2023-03-01,2023,Online,London,45-54,Silver,False,22,False,132,69.94
4944,2023-03-01,2023,Online,Midlands,45-54,Silver,True,21,True,66,69.94
4945,2023-03-01,2023,Comparison Site,Wales & NI,45-54,Classic,True,18,True,0,39.79
4946,2023-03-01,2023,Comparison Site,Midlands,35-44,Classic,True,13,True,55,39.79
4947,2023-03-01,2023,Branch,London,25-34,Gold,False,22,False,216,152.18
4948,2023-03-01,2023,Branch,Midlands,45-54,Silver,False,22,False,156,152.18
4949,2023-03-01,2023,Branch,London,25-34,Platinum,True,6,True,0,152.18
4950,2023-03-01,2023,Branch,South East,25-34,Silver,False,7,True,105,152.18
4951,2023-03-01,2023,Online,London,35-44,Silver,False,20,True,132,69.94
4952,2023-03-01,2023,Online,London,25-34,Classic,False,14,True,0,69.94
4953,2023-03-01,2023,Branch,Scotland,25-34,Gold,False,5,True,90,152.18
4954,2023-03-01,2023,Online,Midlands,18-24,Classic,True,17,True,66,69.94
4955,2023-03-01,2023,Online,Midlands,25-34,Classic,False,18,True,0,69.94
4956,2023-03-01,2023,Comparison Site,Wales & NI,25-34,Silver,True,22,False,66,39.79
4957,2023-03-01,2023,Online,Scotland,25-34,Platinum,False,22,False,336,69.94
4958,2023-03-01,2023,Online,Midlands,25-34,Platinum,True,6,True,0,69.94
4959,2023-03-01,2023,Online,South East,25-34,Gold,False,5,True,90,69.94
4960,2023-03-01,2023,Online,London,18-24,Classic,True,22,False,66,69.94
4961,2023-03-01,2023,Branch,North,25-34,Silver,False,22,False,132,152.18
4962,2023-03-01,2023,Referral,London,25-34,Silver,True,22,False,66,59.74
4963,2023-03-01,2023,Comparison Site,South East,35-44,Classic,False,17,True,0,39.79
4964,2023-03-01,2023,Outbound,North,35-44,Silver,False,22,False,174,121.95
4965,2023-03-01,2023,Branch,Midlands,35-44,Gold,False,22,False,216,152.18
4966,2023-03-01,2023,Online,South East,25-34,Silver,False,2,True,22,69.94
4967,2023-03-01,2023,Comparison Site,Scotland,55-64,Classic,True,3,True,0,39.79
4968,2023-03-01,2023,Online,South East,25-34,Gold,False,22,False,216,69.94
4969,2023-03-01,2023,Comparison Site,London,55-64,Silver,True,2,True,0,39.79
4970,2023-03-01,2023,Branch,North,25-34,Classic,False,11,True,0,152.18
4971,2023-03-01,2023,Online,North,35-44,Classic,True,15,True,66,69.94
4972,2023-03-01,2023,Branch,London,55-64,Classic,False,12,True,110,152.18
4973,2023-03-01,2023,Comparison Site,Wales & NI,45-54,Gold,True,22,False,108,39.79
4974,2023-03-01,2023,Branch,Scotland,55-64,Silver,False,22,False,160,152.18
4975,2023-03-01,2023,Online,Scotland,45-54,Gold,False,22,False,286,69.94
4976,2023-03-01,2023,Referral,North,35-44,Platinum,False,22,False,336,59.74
4977,2023-03-01,2023,Comparison Site,South East,25-34,Silver,False,22,False,132,39.79
4978,2023-03-01,2023,Comparison Site,North,35-44,Gold,True,22,False,108,39.79
4979,2023-03-01,2023,Branch,Wales & NI,35-44,Gold,False,22,False,216,152.18
4980,2023-03-01,2023,Online,Midlands,35-44,Classic,False,22,False,173,69.94
4981,2023-03-01,2023,Branch,Midlands,18-24,Platinum,False,22,False,336,152.18
4982,2023-03-01,2023,Broker/IFA,London,65+,Platinum,False,22,False,336,199.2
4983,2023-03-01,2023,Online,South East,25-34,Silver,True,1,True,0,69.94
4984,2023-03-01,2023,Outbound,London,35-44,Silver,True,22,False,66,121.95
4985,2023-03-01,2023,Online,Wales & NI,18-24,Platinum,False,22,False,336,69.94
4986,2023-03-01,2023,Branch,South East,25-34,Platinum,False,13,True,336,152.18
4987,2023-03-01,2023,Branch,Midlands,45-54,Gold,False,15,True,216,152.18
4988,2023-03-01,2023,Online,Scotland,25-34,Classic,False,11,True,0,69.94
4989,2023-03-01,2023,Referral,Wales & NI,18-24,Classic,True,7,True,0,59.74
4990,2023-03-01,2023,Broker/IFA,South East,18-24,Gold,False,22,False,276,199.2
4991,2023-03-01,2023,Online,London,65+,Gold,False,22,False,202,69.94
4992,2023-03-01,2023,Online,London,45-54,Platinum,False,22,False,336,69.94
4993,2023-03-01,2023,Online,Midlands,35-44,Silver,True,22,False,66,69.94
4994,2023-03-01,2023,Online,London,55-64,Platinum,True,22,False,168,69.94
4995,2023-03-01,2023,Referral,London,65+,Silver,False,1,True,11,59.74
4996,2023-03-01,2023,Online,Scotland,65+,Gold,True,22,False,108,69.94
4997,2023-03-01,2023,Outbound,London,45-54,Silver,False,22,False,132,121.95
4998,2023-03-01,2023,Referral,Midlands,35-44,Gold,False,22,False,216,59.74
4999,2023-03-01,2023,Comparison Site,London,55-64,Silver,False,5,True,55,39.79
5000,2023-03-01,2023,Online,London,35-44,Gold,False,1,True,18,69.94
5001,2023-03-01,2023,Broker/IFA,South East,25-34,Platinum,True,22,False,168,199.2
5002,2023-03-01,2023,Broker/IFA,South East,18-24,Gold,False,22,False,216,199.2
5003,2023-03-01,2023,Branch,North,45-54,Platinum,False,14,True,236,152.18
5004,2023-03-01,2023,Referral,London,35-44,Gold,False,22,False,216,59.74
5005,2023-03-01,2023,Comparison Site,North,55-64,Classic,True,8,True,22,39.79
5006,2023-03-01,2023,Broker/IFA,South East,45-54,Gold,False,1,True,18,199.2
5007,2023-03-01,2023,Comparison Site,North,25-34,Classic,False,22,False,0,39.79
5008,2023-03-01,2023,Online,Midlands,65+,Silver,False,22,False,160,69.94
5009,2023-03-01,2023,Outbound,North,45-54,Classic,True,22,False,44,121.95
5010,2023-03-01,2023,Online,North,35-44,Silver,True,22,False,66,69.94
5011,2023-03-01,2023,Comparison Site,South East,55-64,Silver,False,21,True,132,39.79
5012,2023-03-01,2023,Outbound,South East,45-54,Classic,False,22,False,138,121.95
5013,2023-03-01,2023,Outbound,Scotland,25-34,Classic,True,2,True,0,121.95
5014,2023-03-01,2023,Comparison Site,South East,55-64,Silver,False,22,False,132,39.79
5015,2023-03-01,2023,Branch,Midlands,65+,Silver,False,22,False,195,152.18
5016,2023-03-01,2023,Comparison Site,North,65+,Classic,False,13,True,0,39.79
5017,2023-03-01,2023,Online,South East,65+,Gold,True,22,False,108,69.94
5018,2023-03-01,2023,Outbound,South East,18-24,Classic,False,6,True,0,121.95
5019,2023-03-01,2023,Comparison Site,Midlands,35-44,Silver,False,22,False,132,39.79
5020,2023-03-01,2023,Referral,London,35-44,Gold,False,2,True,36,59.74
5021,2023-03-01,2023,Branch,London,35-44,Platinum,False,22,False,266,152.18
5022,2023-03-01,2023,Comparison Site,North,18-24,Silver,True,10,True,72,39.79
5023,2023-03-01,2023,Branch,London,25-34,Gold,False,9,True,232,152.18
5024,2023-03-01,2023,Referral,London,65+,Platinum,False,22,False,336,59.74
5025,2023-03-01,2023,Comparison Site,London,45-54,Silver,False,2,True,22,39.79
5026,2023-03-01,2023,Comparison Site,Wales & NI,25-34,Classic,True,2,True,0,39.79
5027,2023-03-01,2023,Comparison Site,North,25-34,Classic,True,5,True,0,39.79
5028,2023-03-01,2023,Comparison Site,South East,45-54,Platinum,True,14,True,118,39.79
5029,2023-03-01,2023,Branch,Scotland,45-54,Gold,False,22,False,146,152.18
5030,2023-03-01,2023,Broker/IFA,Midlands,25-34,Gold,False,22,False,216,199.2
5031,2023-03-01,2023,Online,Midlands,45-54,Classic,False,22,False,0,69.94
5032,2023-03-01,2023,Outbound,London,25-34,Silver,False,22,False,66,121.95
5033,2023-03-01,2023,Comparison Site,London,25-34,Classic,False,9,True,0,39.79
5034,2023-03-01,2023,Comparison Site,London,55-64,Silver,False,2,True,22,39.79
5035,2023-03-01,2023,Outbound,Scotland,25-34,Classic,False,2,True,0,121.95
5036,2023-03-01,2023,Referral,South East,25-34,Platinum,False,22,False,336,59.74
5037,2023-03-01,2023,Online,North,25-34,Platinum,False,22,False,336,69.94
5038,2023-03-01,2023,Branch,North,35-44,Gold,True,22,False,108,152.18
5039,2023-03-01,2023,Comparison Site,London,45-54,Silver,True,12,True,51,39.79
5040,2023-03-01,2023,Outbound,North,45-54,Gold,True,22,False,108,121.95
5041,2023-03-01,2023,Comparison Site,South East,65+,Silver,True,7,True,11,39.79
5042,2023-03-01,2023,Referral,London,25-34,Silver,False,22,False,160,59.74
5043,2023-03-01,2023,Comparison Site,London,35-44,Classic,False,2,True,0,39.79
5044,2023-03-01,2023,Referral,North,55-64,Gold,False,22,False,216,59.74
5045,2023-03-01,2023,Online,Midlands,25-34,Classic,True,4,True,0,69.94
5046,2023-03-01,2023,Comparison Site,Scotland,25-34,Silver,False,22,False,181,39.79
5047,2023-03-01,2023,Comparison Site,North,25-34,Classic,True,5,True,0,39.79
5048,2023-03-01,2023,Online,North,18-24,Silver,False,18,True,121,69.94
5049,2023-03-01,2023,Online,South East,65+,Gold,False,6,True,108,69.94
5050,2023-03-01,2023,Comparison Site,Midlands,25-34,Silver,True,11,True,0,39.79
5051,2023-03-01,2023,Online,Wales & NI,45-54,Silver,True,22,False,66,69.94
5052,2023-03-01,2023,Branch,Midlands,55-64,Silver,False,22,False,195,152.18
5053,2023-03-01,2023,Outbound,South East,35-44,Silver,False,21,True,209,121.95
5054,2023-03-01,2023,Online,London,18-24,Gold,True,8,True,36,69.94
5055,2023-03-01,2023,Comparison Site,South East,25-34,Silver,True,12,True,66,39.79
5056,2023-03-01,2023,Comparison Site,South East,25-34,Classic,True,4,True,0,39.79
5057,2023-03-01,2023,Referral,South East,35-44,Platinum,False,3,True,84,59.74
5058,2023-03-01,2023,Branch,Scotland,25-34,Silver,False,16,True,44,152.18
5059,2023-03-01,2023,Comparison Site,South East,25-34,Silver,True,2,True,0,39.79
5060,2023-03-01,2023,Comparison Site,London,35-44,Classic,True,1,True,0,39.79
5061,2023-03-01,2023,Broker/IFA,South East,45-54,Gold,False,22,False,316,199.2
5062,2023-03-01,2023,Online,South East,45-54,Classic,False,22,False,0,69.94
5063,2023-03-01,2023,Outbound,London,55-64,Silver,False,17,True,146,121.95
5064,2023-03-01,2023,Branch,Scotland,45-54,Platinum,True,22,False,168,152.18
5065,2023-03-01,2023,Outbound,Scotland,25-34,Gold,True,5,True,0,121.95
5066,2023-03-01,2023,Online,London,25-34,Classic,False,9,True,0,69.94
5067,2023-03-01,2023,Comparison Site,North,35-44,Silver,False,22,False,188,39.79
5068,2023-03-01,2023,Outbound,London,35-44,Classic,False,22,False,0,121.95
5069,2023-03-01,2023,Comparison Site,London,25-34,Silver,True,22,False,83,39.79
5070,2023-03-01,2023,Online,Scotland,35-44,Silver,True,22,False,66,69.94
5071,2023-03-01,2023,Online,Scotland,45-54,Silver,False,15,True,219,69.94
5072,2023-03-01,2023,Broker/IFA,North,65+,Silver,False,22,False,132,199.2
5073,2023-03-01,2023,Comparison Site,South East,25-34,Silver,True,2,True,0,39.79
5074,2023-03-01,2023,Comparison Site,Midlands,65+,Classic,False,3,True,0,39.79
5075,2023-03-01,2023,Online,North,45-54,Classic,False,1,True,0,69.94
5076,2023-03-01,2023,Outbound,Scotland,45-54,Silver,False,19,True,132,121.95
5077,2023-03-01,2023,Comparison Site,North,45-54,Classic,True,2,True,0,39.79
5078,2023-03-01,2023,Comparison Site,Midlands,18-24,Classic,True,1,True,0,39.79
5079,2023-03-01,2023,Outbound,South East,18-24,Silver,True,12,True,108,121.95
5080,2023-03-01,2023,Outbound,Midlands,18-24,Silver,True,14,True,66,121.95
5081,2023-03-01,2023,Referral,London,65+,Gold,False,22,False,306,59.74
5082,2023-03-01,2023,Branch,South East,25-34,Silver,False,22,False,132,152.18
5083,2023-03-01,2023,Broker/IFA,London,45-54,Gold,False,22,False,216,199.2
5084,2023-03-01,2023,Online,London,45-54,Silver,True,22,False,66,69.94
5085,2023-03-01,2023,Comparison Site,Scotland,25-34,Silver,True,7,True,11,39.79
5086,2023-03-01,2023,Branch,North,35-44,Gold,False,22,False,316,152.18
5087,2023-03-01,2023,Comparison Site,London,35-44,Classic,False,14,True,0,39.79
5088,2023-03-01,2023,Comparison Site,South East,25-34,Silver,True,22,False,66,39.79
5089,2023-03-01,2023,Referral,London,35-44,Silver,False,3,True,33,59.74
5090,2023-03-01,2023,Referral,Wales & NI,25-34,Gold,False,22,False,246,59.74
5091,2023-03-01,2023,Online,London,55-64,Silver,False,20,True,44,69.94
5092,2023-03-01,2023,Branch,South East,25-34,Platinum,False,22,False,336,152.18
5093,2023-03-01,2023,Referral,London,35-44,Classic,False,5,True,0,59.74
5094,2023-03-01,2023,Online,London,65+,Classic,True,2,True,0,69.94
5095,2023-03-01,2023,Online,North,45-54,Gold,False,22,False,216,69.94
5096,2023-03-01,2023,Referral,Midlands,25-34,Silver,False,22,False,242,59.74
5097,2023-03-01,2023,Referral,North,25-34,Classic,False,22,False,76,59.74
5098,2023-03-01,2023,Comparison Site,North,65+,Silver,True,11,True,55,39.79
5099,2023-03-01,2023,Referral,North,18-24,Classic,False,22,False,0,59.74
5100,2023-03-01,2023,Online,Wales & NI,25-34,Classic,True,22,False,0,69.94
5101,2023-03-01,2023,Online,London,25-34,Platinum,True,22,False,168,69.94
5102,2023-03-01,2023,Comparison Site,North,35-44,Silver,False,22,False,153,39.79
5103,2023-03-01,2023,Online,South East,25-34,Silver,True,5,True,0,69.94
5104,2023-03-01,2023,Online,South East,55-64,Silver,False,6,True,66,69.94
5105,2023-03-01,2023,Branch,Midlands,25-34,Platinum,False,22,False,266,152.18
5106,2023-03-01,2023,Online,Midlands,18-24,Silver,True,22,False,80,69.94
5107,2023-03-01,2023,Online,Midlands,65+,Silver,True,22,False,66,69.94
5108,2023-03-01,2023,Comparison Site,Midlands,18-24,Classic,False,12,True,0,39.79
5109,2023-03-01,2023,Comparison Site,North,25-34,Silver,False,3,True,40,39.79
5110,2023-03-01,2023,Comparison Site,North,25-34,Silver,True,9,True,33,39.79
5111,2023-03-01,2023,Referral,North,25-34,Classic,False,3,True,0,59.74
5112,2023-03-01,2023,Comparison Site,South East,65+,Gold,True,14,True,108,39.79
5113,2023-03-01,2023,Online,Wales & NI,45-54,Gold,True,22,False,108,69.94
5114,2023-03-01,2023,Comparison Site,Wales & NI,35-44,Gold,False,22,False,216,39.79
5115,2023-03-01,2023,Referral,South East,45-54,Gold,False,22,False,188,59.74
5116,2023-03-01,2023,Referral,London,25-34,Gold,False,22,False,216,59.74
5117,2023-03-01,2023,Comparison Site,North,45-54,Silver,True,6,True,0,39.79
5118,2023-03-01,2023,Online,Midlands,65+,Gold,False,22,False,216,69.94
5119,2023-03-01,2023,Outbound,South East,35-44,Silver,False,16,True,132,121.95
5120,2023-03-01,2023,Online,Wales & NI,65+,Classic,False,1,True,0,69.94
5121,2023-03-01,2023,Comparison Site,Midlands,45-54,Classic,True,7,True,0,39.79
5122,2023-03-01,2023,Outbound,South East,35-44,Classic,True,2,True,0,121.95
5123,2023-03-01,2023,Outbound,London,35-44,Gold,False,4,True,72,121.95
5124,2023-03-01,2023,Online,London,35-44,Platinum,False,22,False,336,69.94
5125,2023-03-01,2023,Comparison Site,Midlands,25-34,Silver,True,22,False,66,39.79
5126,2023-03-01,2023,Branch,London,25-34,Classic,False,1,True,0,152.18
5127,2023-03-01,2023,Comparison Site,North,65+,Gold,True,22,False,108,39.79
5128,2023-03-01,2023,Online,North,55-64,Classic,True,7,True,0,69.94
5129,2023-03-01,2023,Online,London,35-44,Silver,False,22,False,132,69.94
5130,2023-03-01,2023,Comparison Site,Midlands,25-34,Classic,True,8,True,0,39.79
5131,2023-03-01,2023,Branch,Wales & NI,18-24,Classic,False,2,True,0,152.18
5132,2023-03-01,2023,Referral,South East,45-54,Classic,False,13,True,0,59.74
5133,2023-03-01,2023,Comparison Site,South East,25-34,Classic,False,15,True,0,39.79
5134,2023-03-01,2023,Online,Scotland,18-24,Silver,False,3,True,33,69.94
5135,2023-03-01,2023,Comparison Site,South East,55-64,Gold,True,21,True,108,39.79
5136,2023-03-01,2023,Referral,Wales & NI,25-34,Gold,False,22,False,272,59.74
5137,2023-03-01,2023,Online,South East,35-44,Silver,True,2,True,0,69.94
5138,2023-03-01,2023,Referral,Wales & NI,35-44,Gold,False,22,False,139,59.74
5139,2023-03-01,2023,Online,South East,25-34,Silver,False,16,True,132,69.94
5140,2023-03-01,2023,Comparison Site,London,45-54,Classic,True,1,True,0,39.79
5141,2023-03-01,2023,Online,North,25-34,Platinum,True,22,False,168,69.94
5142,2023-03-01,2023,Online,North,45-54,Silver,False,17,True,132,69.94
5143,2023-03-01,2023,Online,London,55-64,Silver,True,16,True,22,69.94
5144,2023-03-01,2023,Branch,Wales & NI,35-44,Platinum,True,22,False,148,152.18
5145,2023-03-01,2023,Comparison Site,North,55-64,Gold,True,22,False,11,39.79
5146,2023-03-01,2023,Comparison Site,South East,65+,Classic,False,10,True,44,39.79
5147,2023-03-01,2023,Outbound,Wales & NI,25-34,Classic,False,1,True,0,121.95
5148,2023-03-01,2023,Comparison Site,South East,65+,Classic,False,9,True,0,39.79
5149,2023-03-01,2023,Comparison Site,London,65+,Classic,True,3,True,0,39.79
5150,2023-03-01,2023,Comparison Site,North,45-54,Classic,True,15,True,0,39.79
5151,2023-03-01,2023,Online,London,55-64,Gold,False,9,True,162,69.94
5152,2023-03-01,2023,Comparison Site,London,35-44,Classic,False,2,True,0,39.79
5153,2023-03-01,2023,Outbound,North,35-44,Classic,True,22,False,0,121.95
5154,2023-03-01,2023,Online,Midlands,35-44,Classic,False,1,True,0,69.94
5155,2023-03-01,2023,Online,London,25-34,Classic,False,16,True,0,69.94
5156,2023-03-01,2023,Branch,North,55-64,Gold,False,22,False,216,152.18
5157,2023-03-01,2023,Comparison Site,South East,25-34,Silver,True,4,True,0,39.79
5158,2023-03-01,2023,Comparison Site,Scotland,25-34,Silver,True,16,True,66,39.79
5159,2023-03-01,2023,Comparison Site,London,35-44,Classic,True,22,False,0,39.79
5160,2023-03-01,2023,Broker/IFA,North,35-44,Gold,False,22,False,216,199.2
5161,2023-03-01,2023,Online,North,35-44,Gold,False,22,False,216,69.94
5162,2023-03-01,2023,Comparison Site,South East,45-54,Silver,False,22,False,121,39.79
5163,2023-03-01,2023,Branch,London,25-34,Silver,True,22,False,108,152.18
5164,2023-03-01,2023,Branch,London,45-54,Gold,True,17,True,108,152.18
5165,2023-03-01,2023,Branch,Midlands,18-24,Silver,False,1,True,11,152.18
5166,2023-03-01,2023,Broker/IFA,North,35-44,Silver,False,22,False,174,199.2
5167,2023-03-01,2023,Online,London,25-34,Classic,False,22,False,88,69.94
5168,2023-03-01,2023,Comparison Site,North,35-44,Classic,True,20,True,0,39.79
5169,2023-03-01,2023,Comparison Site,London,35-44,Gold,False,10,True,180,39.79
5170,2023-03-01,2023,Branch,London,18-24,Gold,False,22,False,195,152.18
5171,2023-03-01,2023,Online,South East,45-54,Classic,False,22,False,0,69.94
5172,2023-03-01,2023,Referral,Midlands,45-54,Classic,False,7,True,0,59.74
5173,2023-03-01,2023,Referral,London,18-24,Silver,True,22,False,66,59.74
5174,2023-03-01,2023,Branch,South East,35-44,Classic,False,9,True,88,152.18
5175,2023-03-01,2023,Online,Midlands,25-34,Gold,True,22,False,108,69.94
5176,2023-03-01,2023,Outbound,London,35-44,Classic,True,1,True,0,121.95
5177,2023-03-01,2023,Comparison Site,London,25-34,Silver,True,16,True,108,39.79
5178,2023-03-01,2023,Online,Midlands,45-54,Classic,False,1,True,0,69.94
5179,2023-03-01,2023,Online,North,35-44,Gold,False,20,True,216,69.94
5180,2023-03-01,2023,Comparison Site,South East,45-54,Classic,True,7,True,0,39.79
5181,2023-04-01,2023,Broker/IFA,London,35-44,Platinum,False,21,False,296,199.2
5182,2023-04-01,2023,Online,Wales & NI,35-44,Classic,True,5,True,0,69.94
5183,2023-04-01,2023,Branch,London,65+,Gold,False,21,False,296,152.18
5184,2023-04-01,2023,Online,London,25-34,Classic,False,21,False,77,69.94
5185,2023-04-01,2023,Branch,Scotland,25-34,Gold,False,21,False,296,152.18
5186,2023-04-01,2023,Outbound,London,18-24,Classic,False,9,True,0,121.95
5187,2023-04-01,2023,Branch,North,25-34,Gold,False,21,False,216,152.18
5188,2023-04-01,2023,Comparison Site,South East,55-64,Silver,False,11,True,121,39.79
5189,2023-04-01,2023,Branch,Wales & NI,45-54,Gold,False,3,True,54,152.18
5190,2023-04-01,2023,Online,London,18-24,Platinum,False,21,False,336,69.94
5191,2023-04-01,2023,Online,North,25-34,Classic,False,21,False,11,69.94
5192,2023-04-01,2023,Online,North,35-44,Classic,True,6,True,0,69.94
5193,2023-04-01,2023,Comparison Site,Midlands,35-44,Classic,True,1,True,0,39.79
5194,2023-04-01,2023,Comparison Site,Midlands,25-34,Classic,True,21,False,0,39.79
5195,2023-04-01,2023,Outbound,North,35-44,Classic,True,8,True,0,121.95
5196,2023-04-01,2023,Branch,South East,45-54,Gold,True,21,False,168,152.18
5197,2023-04-01,2023,Comparison Site,Wales & NI,45-54,Classic,True,5,True,0,39.79
5198,2023-04-01,2023,Outbound,North,45-54,Classic,False,10,True,77,121.95
5199,2023-04-01,2023,Outbound,South East,35-44,Silver,True,21,False,66,121.95
5200,2023-04-01,2023,Outbound,Wales & NI,25-34,Silver,False,21,False,132,121.95
5201,2023-04-01,2023,Online,Midlands,25-34,Classic,True,21,False,0,69.94
5202,2023-04-01,2023,Branch,Midlands,18-24,Silver,False,21,False,188,152.18
5203,2023-04-01,2023,Broker/IFA,South East,55-64,Platinum,True,1,True,0,199.2
5204,2023-04-01,2023,Referral,London,55-64,Silver,False,21,False,181,59.74
5205,2023-04-01,2023,Online,North,25-34,Platinum,False,21,False,336,69.94
5206,2023-04-01,2023,Comparison Site,Midlands,55-64,Classic,True,6,True,0,39.79
5207,2023-04-01,2023,Referral,Midlands,35-44,Classic,False,21,False,58,59.74
5208,2023-04-01,2023,Outbound,South East,35-44,Silver,True,3,True,0,121.95
5209,2023-04-01,2023,Online,London,35-44,Silver,False,3,True,33,69.94
5210,2023-04-01,2023,Online,Wales & NI,65+,Classic,False,3,True,0,69.94
5211,2023-04-01,2023,Comparison Site,London,25-34,Silver,False,21,False,99,39.79
5212,2023-04-01,2023,Referral,Midlands,35-44,Platinum,False,21,False,336,59.74
5213,2023-04-01,2023,Online,North,35-44,Gold,True,21,False,108,69.94
5214,2023-04-01,2023,Online,South East,25-34,Gold,False,21,False,246,69.94
5215,2023-04-01,2023,Branch,London,55-64,Silver,False,21,False,132,152.18
5216,2023-04-01,2023,Referral,Midlands,25-34,Silver,False,21,False,132,59.74
5217,2023-04-01,2023,Referral,Midlands,35-44,Silver,True,7,True,11,59.74
5218,2023-04-01,2023,Outbound,Scotland,18-24,Classic,True,7,True,0,121.95
5219,2023-04-01,2023,Comparison Site,London,25-34,Silver,False,21,False,132,39.79
5220,2023-04-01,2023,Online,South East,45-54,Classic,False,18,True,0,69.94
5221,2023-04-01,2023,Online,South East,35-44,Classic,True,21,False,0,69.94
5222,2023-04-01,2023,Broker/IFA,Scotland,18-24,Gold,False,21,False,216,199.2
5223,2023-04-01,2023,Online,Midlands,45-54,Silver,False,21,False,209,69.94
5224,2023-04-01,2023,Branch,North,55-64,Silver,False,16,True,160,152.18
5225,2023-04-01,2023,Online,London,55-64,Silver,False,7,True,77,69.94
5226,2023-04-01,2023,Branch,London,45-54,Gold,False,21,False,202,152.18
5227,2023-04-01,2023,Outbound,North,35-44,Silver,False,21,False,132,121.95
5228,2023-04-01,2023,Comparison Site,London,35-44,Gold,False,21,False,216,39.79
5229,2023-04-01,2023,Comparison Site,North,55-64,Classic,True,7,True,0,39.79
5230,2023-04-01,2023,Comparison Site,South East,25-34,Classic,True,1,True,0,39.79
5231,2023-04-01,2023,Branch,Scotland,25-34,Platinum,False,21,False,336,152.18
5232,2023-04-01,2023,Comparison Site,North,35-44,Silver,True,21,False,66,39.79
5233,2023-04-01,2023,Branch,North,18-24,Silver,False,8,True,88,152.18
5234,2023-04-01,2023,Referral,South East,25-34,Gold,False,21,False,216,59.74
5235,2023-04-01,2023,Online,London,25-34,Classic,False,11,True,0,69.94
5236,2023-04-01,2023,Comparison Site,London,25-34,Silver,True,21,False,114,39.79
5237,2023-04-01,2023,Online,Midlands,35-44,Classic,False,1,True,0,69.94
5238,2023-04-01,2023,Outbound,London,65+,Silver,True,20,True,0,121.95
5239,2023-04-01,2023,Outbound,Scotland,55-64,Gold,False,21,False,216,121.95
5240,2023-04-01,2023,Comparison Site,London,45-54,Classic,True,21,False,0,39.79
5241,2023-04-01,2023,Comparison Site,North,35-44,Silver,True,21,False,66,39.79
5242,2023-04-01,2023,Outbound,South East,25-34,Classic,False,7,True,0,121.95
5243,2023-04-01,2023,Branch,Midlands,65+,Classic,False,7,True,11,152.18
5244,2023-04-01,2023,Referral,South East,25-34,Gold,False,21,False,226,59.74
5245,2023-04-01,2023,Referral,Wales & NI,18-24,Platinum,False,21,False,336,59.74
5246,2023-04-01,2023,Online,South East,55-64,Silver,False,21,False,198,69.94
5247,2023-04-01,2023,Comparison Site,London,35-44,Silver,False,21,False,174,39.79
5248,2023-04-01,2023,Comparison Site,South East,35-44,Silver,True,21,False,66,39.79
5249,2023-04-01,2023,Comparison Site,Scotland,55-64,Classic,False,14,True,0,39.79
5250,2023-04-01,2023,Comparison Site,South East,18-24,Silver,True,3,True,0,39.79
5251,2023-04-01,2023,Comparison Site,North,18-24,Silver,False,7,True,77,39.79
5252,2023-04-01,2023,Comparison Site,North,35-44,Classic,True,21,False,0,39.79
5253,2023-04-01,2023,Online,Wales & NI,35-44,Classic,True,8,True,0,69.94
5254,2023-04-01,2023,Online,North,55-64,Silver,True,5,True,0,69.94
5255,2023-04-01,2023,Branch,Scotland,35-44,Gold,False,21,False,216,152.18
5256,2023-04-01,2023,Outbound,London,25-34,Classic,True,18,True,0,121.95
5257,2023-04-01,2023,Outbound,London,25-34,Gold,False,8,True,144,121.95
5258,2023-04-01,2023,Outbound,London,18-24,Silver,False,1,True,11,121.95
5259,2023-04-01,2023,Online,North,35-44,Gold,False,21,False,216,69.94
5260,2023-04-01,2023,Branch,South East,25-34,Silver,False,18,True,167,152.18
5261,2023-04-01,2023,Branch,Midlands,25-34,Platinum,True,15,True,168,152.18
5262,2023-04-01,2023,Outbound,Midlands,35-44,Classic,True,21,False,0,121.95
5263,2023-04-01,2023,Online,North,35-44,Silver,True,13,True,66,69.94
5264,2023-04-01,2023,Referral,South East,25-34,Silver,False,16,True,146,59.74
5265,2023-04-01,2023,Comparison Site,South East,18-24,Classic,False,12,True,0,39.79
5266,2023-04-01,2023,Referral,Midlands,35-44,Gold,False,21,False,117,59.74
5267,2023-04-01,2023,Outbound,Midlands,35-44,Gold,False,13,True,188,121.95
5268,2023-04-01,2023,Referral,Wales & NI,45-54,Silver,True,1,True,0,59.74
5269,2023-04-01,2023,Broker/IFA,North,25-34,Silver,False,1,True,11,199.2
5270,2023-04-01,2023,Online,London,55-64,Silver,True,7,True,11,69.94
5271,2023-04-01,2023,Online,Midlands,45-54,Gold,False,6,True,118,69.94
5272,2023-04-01,2023,Comparison Site,North,35-44,Classic,True,15,True,0,39.79
5273,2023-04-01,2023,Online,Wales & NI,25-34,Gold,False,21,False,266,69.94
5274,2023-04-01,2023,Broker/IFA,London,25-34,Platinum,False,21,False,336,199.2
5275,2023-04-01,2023,Comparison Site,Midlands,35-44,Classic,True,21,False,0,39.79
5276,2023-04-01,2023,Online,North,45-54,Silver,True,21,False,66,69.94
5277,2023-04-01,2023,Comparison Site,North,25-34,Gold,False,7,True,126,39.79
5278,2023-04-01,2023,Online,Scotland,25-34,Gold,False,21,False,296,69.94
5279,2023-04-01,2023,Comparison Site,Scotland,25-34,Silver,False,21,False,132,39.79
5280,2023-04-01,2023,Comparison Site,North,18-24,Silver,False,3,True,33,39.79
5281,2023-04-01,2023,Outbound,South East,45-54,Classic,True,21,False,66,121.95
5282,2023-04-01,2023,Referral,London,18-24,Silver,False,21,False,77,59.74
5283,2023-04-01,2023,Comparison Site,Scotland,35-44,Classic,True,2,True,0,39.79
5284,2023-04-01,2023,Comparison Site,London,18-24,Silver,True,21,False,66,39.79
5285,2023-04-01,2023,Online,South East,35-44,Silver,False,21,False,167,69.94
5286,2023-04-01,2023,Branch,South East,55-64,Platinum,False,21,False,336,152.18
5287,2023-04-01,2023,Comparison Site,South East,18-24,Classic,True,21,False,33,39.79
5288,2023-04-01,2023,Outbound,South East,35-44,Silver,False,21,False,132,121.95
5289,2023-04-01,2023,Outbound,South East,55-64,Silver,False,2,True,22,121.95
5290,2023-04-01,2023,Comparison Site,North,25-34,Silver,True,3,True,0,39.79
5291,2023-04-01,2023,Referral,South East,25-34,Gold,False,21,False,216,59.74
5292,2023-04-01,2023,Comparison Site,Scotland,18-24,Silver,True,11,True,55,39.79
5293,2023-04-01,2023,Outbound,Scotland,35-44,Gold,False,21,False,202,121.95
5294,2023-04-01,2023,Comparison Site,North,35-44,Classic,True,2,True,0,39.79
5295,2023-04-01,2023,Online,South East,45-54,Classic,False,5,True,0,69.94
5296,2023-04-01,2023,Referral,South East,55-64,Gold,False,21,False,276,59.74
5297,2023-04-01,2023,Comparison Site,London,45-54,Classic,True,21,False,0,39.79
5298,2023-04-01,2023,Comparison Site,Scotland,25-34,Silver,True,1,True,0,39.79
5299,2023-04-01,2023,Branch,London,35-44,Silver,False,21,False,66,152.18
5300,2023-04-01,2023,Comparison Site,North,65+,Platinum,True,21,False,108,39.79
5301,2023-04-01,2023,Outbound,Scotland,18-24,Silver,True,21,False,168,121.95
5302,2023-04-01,2023,Comparison Site,London,18-24,Classic,False,2,True,0,39.79
5303,2023-04-01,2023,Comparison Site,Midlands,35-44,Silver,True,3,True,0,39.79
5304,2023-04-01,2023,Comparison Site,Wales & NI,25-34,Silver,True,21,False,66,39.79
5305,2023-04-01,2023,Comparison Site,Midlands,55-64,Silver,False,21,False,160,39.79
5306,2023-04-01,2023,Online,Scotland,35-44,Classic,True,7,True,0,69.94
5307,2023-04-01,2023,Online,London,55-64,Silver,True,21,False,66,69.94
5308,2023-04-01,2023,Broker/IFA,South East,55-64,Platinum,False,21,False,336,199.2
5309,2023-04-01,2023,Referral,North,35-44,Platinum,True,21,False,118,59.74
5310,2023-04-01,2023,Referral,Midlands,18-24,Platinum,True,6,True,0,59.74
5311,2023-04-01,2023,Branch,Midlands,25-34,Platinum,False,2,True,56,152.18
5312,2023-04-01,2023,Referral,Scotland,25-34,Silver,False,21,False,153,59.74
5313,2023-04-01,2023,Broker/IFA,Wales & NI,45-54,Gold,False,21,False,216,199.2
5314,2023-04-01,2023,Comparison Site,London,35-44,Classic,True,13,True,55,39.79
5315,2023-04-01,2023,Broker/IFA,Midlands,35-44,Gold,True,21,False,66,199.2
5316,2023-04-01,2023,Referral,South East,25-34,Platinum,False,21,False,246,59.74
5317,2023-04-01,2023,Branch,South East,35-44,Gold,False,21,False,174,152.18
5318,2023-04-01,2023,Comparison Site,London,25-34,Classic,False,10,True,0,39.79
5319,2023-04-01,2023,Branch,South East,45-54,Platinum,False,21,False,336,152.18
5320,2023-04-01,2023,Comparison Site,South East,45-54,Silver,True,19,True,0,39.79
5321,2023-04-01,2023,Outbound,South East,35-44,Classic,False,1,True,0,121.95
5322,2023-04-01,2023,Online,South East,25-34,Silver,False,20,True,11,69.94
5323,2023-04-01,2023,Branch,Wales & NI,18-24,Gold,False,21,False,306,152.18
5324,2023-04-01,2023,Referral,North,35-44,Silver,False,6,True,66,59.74
5325,2023-04-01,2023,Branch,Wales & NI,45-54,Gold,False,4,True,72,152.18
5326,2023-04-01,2023,Referral,North,25-34,Gold,False,21,False,216,59.74
5327,2023-04-01,2023,Referral,North,65+,Classic,True,21,False,47,59.74
5328,2023-04-01,2023,Branch,London,45-54,Platinum,True,21,False,128,152.18
5329,2023-04-01,2023,Comparison Site,London,55-64,Gold,True,4,True,0,39.79
5330,2023-04-01,2023,Referral,Midlands,35-44,Gold,False,21,False,216,59.74
5331,2023-04-01,2023,Referral,South East,55-64,Silver,False,1,True,11,59.74
5332,2023-04-01,2023,Branch,Midlands,55-64,Gold,False,21,False,216,152.18
5333,2023-04-01,2023,Comparison Site,North,25-34,Classic,True,21,False,0,39.79
5334,2023-04-01,2023,Outbound,Midlands,45-54,Classic,True,1,True,0,121.95
5335,2023-04-01,2023,Referral,North,25-34,Gold,True,21,False,108,59.74
5336,2023-04-01,2023,Online,Midlands,25-34,Gold,True,7,True,18,69.94
5337,2023-04-01,2023,Broker/IFA,Midlands,25-34,Gold,False,3,True,54,199.2
5338,2023-04-01,2023,Online,Scotland,55-64,Platinum,True,21,False,168,69.94
5339,2023-04-01,2023,Outbound,London,25-34,Silver,True,6,True,0,121.95
5340,2023-04-01,2023,Comparison Site,Midlands,45-54,Gold,False,21,False,246,39.79
5341,2023-04-01,2023,Outbound,Midlands,55-64,Classic,False,4,True,0,121.95
5342,2023-04-01,2023,Online,Midlands,18-24,Gold,False,7,True,186,69.94
5343,2023-04-01,2023,Comparison Site,Scotland,25-34,Classic,True,1,True,0,39.79
5344,2023-04-01,2023,Referral,North,25-34,Gold,False,14,True,153,59.74
5345,2023-04-01,2023,Branch,Midlands,35-44,Gold,False,21,False,216,152.18
5346,2023-04-01,2023,Online,Wales & NI,45-54,Gold,True,7,True,18,69.94
5347,2023-04-01,2023,Referral,Midlands,55-64,Gold,True,21,False,108,59.74
5348,2023-04-01,2023,Comparison Site,South East,25-34,Classic,False,21,False,44,39.79
5349,2023-04-01,2023,Comparison Site,Wales & NI,18-24,Silver,True,9,True,33,39.79
5350,2023-04-01,2023,Comparison Site,South East,18-24,Classic,True,4,True,0,39.79
5351,2023-04-01,2023,Comparison Site,South East,35-44,Classic,True,10,True,0,39.79
5352,2023-04-01,2023,Outbound,South East,35-44,Gold,False,11,True,156,121.95
5353,2023-04-01,2023,Comparison Site,London,55-64,Silver,True,21,False,0,39.79
5354,2023-04-01,2023,Comparison Site,Wales & NI,45-54,Silver,True,21,False,66,39.79
5355,2023-04-01,2023,Outbound,Wales & NI,25-34,Silver,True,15,True,66,121.95
5356,2023-04-01,2023,Comparison Site,North,45-54,Classic,True,9,True,0,39.79
5357,2023-04-01,2023,Comparison Site,Midlands,65+,Classic,True,6,True,0,39.79
5358,2023-04-01,2023,Outbound,South East,45-54,Classic,False,9,True,88,121.95
5359,2023-04-01,2023,Comparison Site,North,45-54,Classic,True,17,True,0,39.79
5360,2023-04-01,2023,Broker/IFA,Midlands,18-24,Gold,True,4,True,0,199.2
5361,2023-04-01,2023,Online,South East,45-54,Silver,False,9,True,99,69.94
5362,2023-04-01,2023,Outbound,North,35-44,Silver,True,8,True,22,121.95
5363,2023-04-01,2023,Comparison Site,Midlands,65+,Classic,True,21,False,0,39.79
5364,2023-04-01,2023,Comparison Site,London,35-44,Classic,True,16,True,66,39.79
5365,2023-04-01,2023,Comparison Site,Midlands,18-24,Classic,True,21,False,0,39.79
5366,2023-04-01,2023,Comparison Site,North,55-64,Classic,True,10,True,0,39.79
5367,2023-04-01,2023,Branch,London,35-44,Platinum,False,5,True,140,152.18
5368,2023-04-01,2023,Comparison Site,North,45-54,Silver,True,21,False,66,39.79
5369,2023-04-01,2023,Online,North,18-24,Silver,True,21,False,108,69.94
5370,2023-04-01,2023,Referral,North,55-64,Classic,False,21,False,0,59.74
5371,2023-04-01,2023,Comparison Site,South East,35-44,Classic,False,6,True,0,39.79
5372,2023-04-01,2023,Referral,London,25-34,Silver,False,21,False,209,59.74
5373,2023-04-01,2023,Comparison Site,Wales & NI,18-24,Silver,True,21,False,108,39.79
5374,2023-04-01,2023,Comparison Site,North,65+,Classic,True,12,True,0,39.79
5375,2023-04-01,2023,Comparison Site,North,35-44,Classic,True,3,True,0,39.79
5376,2023-04-01,2023,Comparison Site,Scotland,45-54,Silver,True,21,False,66,39.79
5377,2023-04-01,2023,Branch,Midlands,25-34,Gold,False,21,False,216,152.18
5378,2023-04-01,2023,Comparison Site,South East,25-34,Silver,True,7,True,0,39.79
5379,2023-04-01,2023,Online,North,35-44,Classic,False,15,True,0,69.94
5380,2023-04-01,2023,Comparison Site,South East,45-54,Silver,True,5,True,0,39.79
5381,2023-04-01,2023,Comparison Site,Wales & NI,35-44,Gold,True,21,False,108,39.79
5382,2023-04-01,2023,Branch,Midlands,25-34,Silver,False,21,False,132,152.18
5383,2023-04-01,2023,Outbound,Scotland,25-34,Silver,False,2,True,22,121.95
5384,2023-04-01,2023,Comparison Site,Midlands,18-24,Silver,True,3,True,0,39.79
5385,2023-04-01,2023,Outbound,Midlands,35-44,Silver,True,6,True,0,121.95
5386,2023-04-01,2023,Online,South East,25-34,Platinum,True,21,False,108,69.94
5387,2023-04-01,2023,Online,North,45-54,Silver,True,21,False,108,69.94
5388,2023-04-01,2023,Comparison Site,Wales & NI,25-34,Classic,True,21,False,0,39.79
5389,2023-04-01,2023,Online,North,25-34,Gold,True,1,True,0,69.94
5390,2023-04-01,2023,Referral,North,55-64,Gold,False,21,False,216,59.74
5391,2023-04-01,2023,Online,London,65+,Silver,False,8,True,88,69.94
5392,2023-04-01,2023,Online,Scotland,35-44,Silver,True,10,True,44,69.94
5393,2023-04-01,2023,Online,North,25-34,Gold,True,21,False,108,69.94
5394,2023-04-01,2023,Online,North,55-64,Gold,False,21,False,216,69.94
5395,2023-04-01,2023,Online,Midlands,55-64,Gold,False,13,True,216,69.94
5396,2023-04-01,2023,Comparison Site,London,35-44,Silver,False,21,False,132,39.79
5397,2023-04-01,2023,Branch,South East,25-34,Gold,False,21,False,236,152.18
5398,2023-04-01,2023,Comparison Site,Midlands,35-44,Silver,False,21,False,132,39.79
5399,2023-04-01,2023,Comparison Site,South East,35-44,Classic,True,7,True,0,39.79
5400,2023-04-01,2023,Online,London,45-54,Silver,True,7,True,18,69.94
5401,2023-04-01,2023,Comparison Site,London,35-44,Silver,True,3,True,0,39.79
5402,2023-04-01,2023,Comparison Site,London,18-24,Classic,True,21,False,55,39.79
5403,2023-04-01,2023,Comparison Site,London,18-24,Classic,True,17,True,0,39.79
5404,2023-04-01,2023,Online,South East,55-64,Classic,True,5,True,0,69.94
5405,2023-04-01,2023,Referral,London,25-34,Silver,False,21,False,132,59.74
5406,2023-04-01,2023,Comparison Site,Scotland,25-34,Silver,True,1,True,0,39.79
5407,2023-04-01,2023,Online,Midlands,25-34,Gold,False,21,False,216,69.94
5408,2023-04-01,2023,Branch,London,55-64,Platinum,False,21,False,336,152.18
5409,2023-04-01,2023,Referral,South East,65+,Silver,False,3,True,33,59.74
5410,2023-04-01,2023,Online,South East,45-54,Platinum,True,21,False,168,69.94
5411,2023-04-01,2023,Comparison Site,Midlands,45-54,Classic,True,11,True,44,39.79
5412,2023-04-01,2023,Branch,South East,25-34,Gold,False,21,False,216,152.18
5413,2023-04-01,2023,Comparison Site,South East,45-54,Classic,False,2,True,0,39.79
5414,2023-04-01,2023,Branch,Scotland,35-44,Platinum,False,21,False,336,152.18
5415,2023-04-01,2023,Online,South East,18-24,Gold,False,21,False,316,69.94
5416,2023-04-01,2023,Branch,Scotland,25-34,Gold,False,21,False,216,152.18
5417,2023-04-01,2023,Outbound,Midlands,35-44,Silver,True,5,True,0,121.95
5418,2023-04-01,2023,Referral,Midlands,65+,Gold,False,3,True,54,59.74
5419,2023-04-01,2023,Online,South East,35-44,Gold,False,21,False,216,69.94
5420,2023-04-01,2023,Comparison Site,Wales & NI,65+,Gold,True,21,False,87,39.79
5421,2023-04-01,2023,Referral,London,45-54,Silver,False,21,False,132,59.74
5422,2023-04-01,2023,Referral,South East,18-24,Gold,True,14,True,108,59.74
5423,2023-04-01,2023,Comparison Site,North,45-54,Classic,True,21,False,65,39.79
5424,2023-04-01,2023,Comparison Site,Midlands,35-44,Classic,False,3,True,0,39.79
5425,2023-04-01,2023,Branch,London,55-64,Gold,False,21,False,246,152.18
5426,2023-04-01,2023,Comparison Site,Wales & NI,45-54,Classic,True,12,True,0,39.79
5427,2023-04-01,2023,Broker/IFA,London,65+,Platinum,False,21,False,336,199.2
5428,2023-04-01,2023,Referral,London,25-34,Silver,False,21,False,132,59.74
5429,2023-04-01,2023,Comparison Site,South East,65+,Classic,True,12,True,0,39.79
5430,2023-04-01,2023,Online,Wales & NI,55-64,Gold,False,21,False,216,69.94
5431,2023-04-01,2023,Broker/IFA,Wales & NI,55-64,Platinum,False,21,False,336,199.2
5432,2023-04-01,2023,Comparison Site,Scotland,18-24,Silver,True,6,True,0,39.79
5433,2023-04-01,2023,Broker/IFA,Midlands,18-24,Gold,False,21,False,216,199.2
5434,2023-04-01,2023,Comparison Site,Midlands,25-34,Classic,False,21,False,55,39.79
5435,2023-04-01,2023,Online,North,55-64,Silver,True,21,False,66,69.94
5436,2023-04-01,2023,Comparison Site,North,25-34,Classic,False,6,True,0,39.79
5437,2023-04-01,2023,Comparison Site,Scotland,35-44,Classic,True,14,True,66,39.79
5438,2023-04-01,2023,Online,London,18-24,Silver,False,21,False,180,69.94
5439,2023-04-01,2023,Outbound,South East,35-44,Classic,False,21,False,44,121.95
5440,2023-04-01,2023,Online,Wales & NI,25-34,Silver,False,18,True,132,69.94
5441,2023-04-01,2023,Online,Scotland,45-54,Silver,True,21,False,66,69.94
5442,2023-04-01,2023,Comparison Site,North,25-34,Classic,True,1,True,0,39.79
5443,2023-04-01,2023,Comparison Site,Midlands,55-64,Gold,True,15,True,168,39.79
5444,2023-04-01,2023,Online,South East,25-34,Gold,False,15,True,216,69.94
5445,2023-04-01,2023,Branch,South East,45-54,Gold,False,21,False,188,152.18
5446,2023-04-01,2023,Comparison Site,Midlands,25-34,Classic,True,2,True,0,39.79
5447,2023-04-01,2023,Online,South East,35-44,Silver,False,21,False,167,69.94
5448,2023-04-01,2023,Online,London,45-54,Silver,True,4,True,0,69.94
5449,2023-04-01,2023,Branch,North,65+,Gold,False,21,False,216,152.18
5450,2023-04-01,2023,Comparison Site,Midlands,35-44,Classic,True,17,True,0,39.79
5451,2023-04-01,2023,Referral,South East,55-64,Classic,False,4,True,0,59.74
5452,2023-04-01,2023,Outbound,Midlands,25-34,Classic,True,13,True,0,121.95
5453,2023-04-01,2023,Online,Midlands,18-24,Silver,True,21,False,66,69.94
5454,2023-04-01,2023,Online,London,25-34,Silver,True,7,True,11,69.94
5455,2023-04-01,2023,Broker/IFA,Scotland,25-34,Platinum,True,21,False,168,199.2
5456,2023-04-01,2023,Referral,North,25-34,Gold,False,21,False,216,59.74
5457,2023-04-01,2023,Broker/IFA,London,45-54,Silver,False,21,False,139,199.2
5458,2023-04-01,2023,Branch,London,55-64,Gold,False,21,False,266,152.18
5459,2023-04-01,2023,Branch,Midlands,35-44,Platinum,True,21,False,108,152.18
5460,2023-04-01,2023,Broker/IFA,London,18-24,Platinum,False,7,True,196,199.2
5461,2023-04-01,2023,Online,Midlands,25-34,Gold,True,8,True,36,69.94
5462,2023-04-01,2023,Broker/IFA,Midlands,25-34,Platinum,False,21,False,316,199.2
5463,2023-04-01,2023,Comparison Site,North,35-44,Silver,True,2,True,0,39.79
5464,2023-04-01,2023,Broker/IFA,North,65+,Platinum,False,21,False,336,199.2
5465,2023-04-01,2023,Outbound,North,35-44,Classic,False,13,True,0,121.95
5466,2023-04-01,2023,Online,South East,25-34,Silver,False,10,True,110,69.94
5467,2023-04-01,2023,Online,London,55-64,Silver,False,21,False,174,69.94
5468,2023-04-01,2023,Online,London,25-34,Classic,False,21,False,0,69.94
5469,2023-04-01,2023,Branch,Midlands,55-64,Gold,False,21,False,216,152.18
5470,2023-04-01,2023,Branch,London,35-44,Silver,False,1,True,11,152.18
5471,2023-04-01,2023,Outbound,Wales & NI,25-34,Classic,False,2,True,0,121.95
5472,2023-04-01,2023,Referral,Midlands,45-54,Classic,False,8,True,0,59.74
5473,2023-04-01,2023,Comparison Site,London,25-34,Silver,True,14,True,66,39.79
5474,2023-04-01,2023,Online,Midlands,35-44,Gold,False,4,True,72,69.94
5475,2023-04-01,2023,Outbound,Midlands,18-24,Gold,True,21,False,108,121.95
5476,2023-04-01,2023,Referral,London,25-34,Gold,False,21,False,216,59.74
5477,2023-04-01,2023,Comparison Site,North,25-34,Classic,True,7,True,0,39.79
5478,2023-04-01,2023,Comparison Site,North,35-44,Silver,True,21,False,66,39.79
5479,2023-04-01,2023,Online,London,45-54,Silver,False,21,False,132,69.94
5480,2023-04-01,2023,Comparison Site,North,45-54,Silver,True,11,True,55,39.79
5481,2023-04-01,2023,Online,North,55-64,Gold,True,8,True,29,69.94
5482,2023-04-01,2023,Outbound,Wales & NI,25-34,Classic,False,1,True,0,121.95
5483,2023-04-01,2023,Outbound,North,18-24,Gold,True,21,False,108,121.95
5484,2023-04-01,2023,Comparison Site,Scotland,35-44,Silver,True,15,True,22,39.79
5485,2023-04-01,2023,Online,London,25-34,Silver,False,17,True,132,69.94
5486,2023-04-01,2023,Comparison Site,South East,55-64,Gold,True,14,True,108,39.79
5487,2023-04-01,2023,Branch,London,25-34,Gold,False,21,False,216,152.18
5488,2023-04-01,2023,Branch,South East,65+,Gold,True,21,False,108,152.18
5489,2023-04-01,2023,Online,South East,45-54,Classic,True,3,True,0,69.94
5490,2023-04-01,2023,Online,South East,45-54,Gold,False,21,False,216,69.94
5491,2023-04-01,2023,Online,South East,25-34,Classic,False,10,True,0,69.94
5492,2023-04-01,2023,Outbound,Scotland,25-34,Silver,True,21,False,66,121.95
5493,2023-04-01,2023,Comparison Site,Scotland,25-34,Classic,False,5,True,22,39.79
5494,2023-04-01,2023,Online,Scotland,65+,Classic,False,21,False,0,69.94
5495,2023-04-01,2023,Comparison Site,Midlands,55-64,Silver,True,17,True,66,39.79
5496,2023-04-01,2023,Branch,North,25-34,Silver,False,21,False,202,152.18
5497,2023-04-01,2023,Broker/IFA,Wales & NI,65+,Platinum,False,21,False,336,199.2
5498,2023-04-01,2023,Branch,London,65+,Classic,False,21,False,0,152.18
5499,2023-04-01,2023,Outbound,London,45-54,Gold,True,21,False,108,121.95
5500,2023-04-01,2023,Comparison Site,Midlands,35-44,Classic,False,5,True,0,39.79
5501,2023-04-01,2023,Online,London,45-54,Silver,False,21,False,209,69.94
5502,2023-04-01,2023,Referral,South East,25-34,Gold,False,21,False,306,59.74
5503,2023-04-01,2023,Referral,London,45-54,Silver,False,21,False,132,59.74
5504,2023-04-01,2023,Outbound,North,18-24,Gold,True,9,True,54,121.95
5505,2023-04-01,2023,Referral,North,25-34,Classic,True,21,False,0,59.74
5506,2023-04-01,2023,Outbound,South East,18-24,Gold,True,21,False,108,121.95
5507,2023-04-01,2023,Online,Wales & NI,55-64,Classic,True,12,True,0,69.94
5508,2023-04-01,2023,Online,Midlands,45-54,Silver,False,21,False,132,69.94
5509,2023-04-01,2023,Referral,Wales & NI,55-64,Gold,False,16,True,256,59.74
5510,2023-04-01,2023,Outbound,North,35-44,Silver,False,21,False,188,121.95
5511,2023-04-01,2023,Branch,North,25-34,Silver,False,8,True,44,152.18
5512,2023-04-01,2023,Online,North,65+,Silver,True,18,True,80,69.94
5513,2023-04-01,2023,Comparison Site,Midlands,25-34,Classic,True,7,True,0,39.79
5514,2023-04-01,2023,Comparison Site,North,35-44,Classic,False,6,True,0,39.79
5515,2023-04-01,2023,Comparison Site,South East,45-54,Classic,True,6,True,0,39.79
5516,2023-04-01,2023,Online,North,25-34,Gold,False,21,False,216,69.94
5517,2023-04-01,2023,Comparison Site,South East,45-54,Classic,False,10,True,0,39.79
5518,2023-04-01,2023,Online,South East,25-34,Silver,False,21,False,132,69.94
5519,2023-04-01,2023,Comparison Site,Midlands,45-54,Silver,True,20,True,66,39.79
5520,2023-04-01,2023,Outbound,South East,25-34,Gold,True,21,False,108,121.95
5521,2023-04-01,2023,Branch,London,55-64,Gold,False,21,False,326,152.18
5522,2023-04-01,2023,Comparison Site,Midlands,35-44,Silver,True,21,False,66,39.79
5523,2023-04-01,2023,Outbound,South East,35-44,Platinum,True,21,False,128,121.95
5524,2023-04-01,2023,Online,Midlands,35-44,Classic,False,3,True,22,69.94
5525,2023-04-01,2023,Comparison Site,Scotland,45-54,Silver,True,21,False,66,39.79
5526,2023-04-01,2023,Branch,Midlands,25-34,Silver,False,21,False,132,152.18
5527,2023-04-01,2023,Outbound,North,45-54,Platinum,False,14,True,336,121.95
5528,2023-04-01,2023,Online,Midlands,45-54,Silver,True,21,False,66,69.94
5529,2023-04-01,2023,Comparison Site,North,25-34,Silver,False,6,True,66,39.79
5530,2023-04-01,2023,Comparison Site,Midlands,35-44,Silver,False,2,True,22,39.79
5531,2023-04-01,2023,Branch,Scotland,55-64,Platinum,False,21,False,336,152.18
5532,2023-04-01,2023,Outbound,Midlands,18-24,Gold,True,21,False,108,121.95
5533,2023-04-01,2023,Online,South East,25-34,Silver,False,4,True,44,69.94
5534,2023-04-01,2023,Broker/IFA,Midlands,35-44,Platinum,False,10,True,280,199.2
5535,2023-04-01,2023,Comparison Site,Midlands,45-54,Gold,False,8,True,116,39.79
5536,2023-04-01,2023,Broker/IFA,Scotland,45-54,Gold,False,21,False,216,199.2
5537,2023-04-01,2023,Outbound,South East,18-24,Classic,False,1,True,0,121.95
5538,2023-04-01,2023,Branch,Midlands,18-24,Classic,False,3,True,0,152.18
5539,2023-04-01,2023,Online,Scotland,45-54,Gold,True,21,False,128,69.94
5540,2023-04-01,2023,Comparison Site,Midlands,35-44,Silver,True,7,True,11,39.79
5541,2023-04-01,2023,Branch,South East,18-24,Platinum,False,21,False,286,152.18
5542,2023-04-01,2023,Online,South East,65+,Classic,False,7,True,0,69.94
5543,2023-04-01,2023,Online,South East,25-34,Silver,False,10,True,22,69.94
5544,2023-04-01,2023,Online,Scotland,35-44,Classic,True,5,True,0,69.94
5545,2023-04-01,2023,Branch,Scotland,18-24,Gold,False,21,False,296,152.18
5546,2023-04-01,2023,Comparison Site,North,25-34,Classic,True,7,True,0,39.79
5547,2023-04-01,2023,Outbound,Scotland,25-34,Classic,True,1,True,0,121.95
5548,2023-04-01,2023,Branch,Scotland,55-64,Gold,False,21,False,296,152.18
5549,2023-04-01,2023,Online,North,45-54,Gold,True,21,False,101,69.94
5550,2023-04-01,2023,Branch,Midlands,18-24,Classic,False,21,False,121,152.18
5551,2023-04-01,2023,Referral,North,25-34,Gold,False,21,False,216,59.74
5552,2023-04-01,2023,Comparison Site,London,55-64,Silver,True,16,True,66,39.79
5553,2023-04-01,2023,Outbound,London,25-34,Classic,True,1,True,0,121.95
5554,2023-04-01,2023,Broker/IFA,North,35-44,Gold,False,21,False,216,199.2
5555,2023-04-01,2023,Comparison Site,South East,45-54,Classic,False,20,True,0,39.79
5556,2023-04-01,2023,Outbound,Scotland,45-54,Classic,True,12,True,44,121.95
5557,2023-04-01,2023,Referral,North,55-64,Gold,False,21,False,216,59.74
5558,2023-04-01,2023,Online,Midlands,35-44,Classic,False,21,False,22,69.94
5559,2023-04-01,2023,Broker/IFA,Scotland,65+,Gold,False,21,False,216,199.2
5560,2023-04-01,2023,Comparison Site,London,25-34,Gold,True,21,False,108,39.79
5561,2023-04-01,2023,Broker/IFA,North,35-44,Gold,False,21,False,266,199.2
5562,2023-04-01,2023,Branch,Midlands,65+,Gold,True,21,False,108,152.18
5563,2023-04-01,2023,Online,Midlands,25-34,Gold,False,8,True,144,69.94
5564,2023-04-01,2023,Comparison Site,Scotland,35-44,Silver,False,14,True,55,39.79
5565,2023-04-01,2023,Comparison Site,Wales & NI,25-34,Gold,True,21,False,168,39.79
5566,2023-04-01,2023,Referral,Scotland,55-64,Gold,False,21,False,216,59.74
5567,2023-04-01,2023,Outbound,South East,35-44,Classic,False,8,True,0,121.95
5568,2023-04-01,2023,Online,London,25-34,Silver,False,21,False,139,69.94
5569,2023-04-01,2023,Online,North,45-54,Silver,True,5,True,0,69.94
5570,2023-04-01,2023,Outbound,London,45-54,Silver,True,21,False,66,121.95
5571,2023-04-01,2023,Comparison Site,London,35-44,Silver,False,7,True,77,39.79
5572,2023-04-01,2023,Comparison Site,London,25-34,Classic,False,21,False,0,39.79
5573,2023-04-01,2023,Branch,Midlands,45-54,Silver,False,21,False,132,152.18
5574,2023-04-01,2023,Online,London,35-44,Silver,False,1,True,11,69.94
5575,2023-04-01,2023,Referral,London,25-34,Classic,False,2,True,0,59.74
5576,2023-04-01,2023,Broker/IFA,Wales & NI,55-64,Classic,False,21,False,0,199.2
5577,2023-04-01,2023,Comparison Site,London,65+,Classic,False,21,False,0,39.79
5578,2023-04-01,2023,Outbound,London,25-34,Classic,False,8,True,0,121.95
5579,2023-04-01,2023,Comparison Site,London,65+,Classic,True,5,True,0,39.79
5580,2023-04-01,2023,Online,London,45-54,Platinum,True,3,True,0,69.94
5581,2023-04-01,2023,Online,Scotland,45-54,Platinum,False,21,False,336,69.94
5582,2023-04-01,2023,Online,London,55-64,Gold,True,21,False,108,69.94
5583,2023-04-01,2023,Outbound,South East,65+,Silver,True,21,False,80,121.95
5584,2023-04-01,2023,Comparison Site,South East,25-34,Classic,False,13,True,0,39.79
5585,2023-04-01,2023,Online,Midlands,45-54,Silver,False,21,False,195,69.94
5586,2023-04-01,2023,Branch,London,25-34,Platinum,False,21,False,336,152.18
5587,2023-04-01,2023,Online,London,55-64,Classic,False,21,False,0,69.94
5588,2023-04-01,2023,Comparison Site,Midlands,55-64,Silver,False,21,False,188,39.79
5589,2023-04-01,2023,Online,London,25-34,Silver,True,21,False,108,69.94
5590,2023-04-01,2023,Comparison Site,London,18-24,Classic,True,21,False,0,39.79
5591,2023-04-01,2023,Comparison Site,North,35-44,Classic,True,10,True,0,39.79
5592,2023-04-01,2023,Broker/IFA,Midlands,35-44,Gold,False,21,False,181,199.2
5593,2023-04-01,2023,Online,London,25-34,Classic,True,19,True,0,69.94
5594,2023-04-01,2023,Referral,Midlands,18-24,Platinum,True,21,False,108,59.74
5595,2023-04-01,2023,Referral,North,45-54,Silver,False,21,False,132,59.74
5596,2023-04-01,2023,Branch,South East,65+,Platinum,False,10,True,220,152.18
5597,2023-04-01,2023,Comparison Site,Wales & NI,35-44,Classic,False,13,True,0,39.79
5598,2023-04-01,2023,Comparison Site,London,45-54,Silver,False,14,True,132,39.79
5599,2023-04-01,2023,Broker/IFA,Midlands,35-44,Gold,False,21,False,216,199.2
5600,2023-04-01,2023,Comparison Site,London,45-54,Silver,True,21,False,66,39.79
5601,2023-04-01,2023,Online,Midlands,25-34,Silver,False,14,True,121,69.94
5602,2023-04-01,2023,Comparison Site,Wales & NI,55-64,Classic,True,21,False,0,39.79
5603,2023-04-01,2023,Comparison Site,Wales & NI,35-44,Classic,True,1,True,0,39.79
5604,2023-04-01,2023,Branch,London,45-54,Gold,False,21,False,216,152.18
5605,2023-04-01,2023,Broker/IFA,Scotland,55-64,Gold,False,21,False,246,199.2
5606,2023-04-01,2023,Branch,South East,45-54,Gold,False,4,True,72,152.18
5607,2023-04-01,2023,Online,Wales & NI,25-34,Classic,False,21,False,110,69.94
5608,2023-04-01,2023,Branch,London,55-64,Silver,False,21,False,146,152.18
5609,2023-04-01,2023,Branch,London,45-54,Gold,False,21,False,216,152.18
5610,2023-04-01,2023,Referral,London,65+,Platinum,False,21,False,336,59.74
5611,2023-04-01,2023,Online,London,18-24,Classic,False,21,False,0,69.94
5612,2023-04-01,2023,Referral,Scotland,35-44,Silver,False,21,False,181,59.74
5613,2023-04-01,2023,Online,North,65+,Silver,True,2,True,0,69.94
5614,2023-04-01,2023,Referral,Midlands,35-44,Classic,True,2,True,0,59.74
5615,2023-04-01,2023,Comparison Site,Midlands,25-34,Classic,True,21,False,0,39.79
5616,2023-04-01,2023,Referral,North,35-44,Silver,False,12,True,132,59.74
5617,2023-04-01,2023,Comparison Site,North,65+,Silver,True,21,False,66,39.79
5618,2023-04-01,2023,Referral,South East,25-34,Platinum,False,21,False,336,59.74
5619,2023-04-01,2023,Branch,Midlands,55-64,Silver,False,21,False,132,152.18
5620,2023-04-01,2023,Online,London,35-44,Silver,True,6,True,0,69.94
5621,2023-04-01,2023,Comparison Site,London,45-54,Silver,False,4,True,44,39.79
5622,2023-04-01,2023,Online,Midlands,45-54,Platinum,False,4,True,112,69.94
5623,2023-04-01,2023,Outbound,London,55-64,Silver,True,21,False,66,121.95
5624,2023-05-01,2023,Online,London,25-34,Silver,True,4,True,0,69.94
5625,2023-05-01,2023,Online,Midlands,45-54,Gold,True,20,False,108,69.94
5626,2023-05-01,2023,Comparison Site,London,35-44,Silver,True,6,True,0,39.79
5627,2023-05-01,2023,Branch,Scotland,65+,Gold,False,20,False,216,152.18
5628,2023-05-01,2023,Comparison Site,South East,45-54,Silver,True,20,False,66,39.79
5629,2023-05-01,2023,Referral,Scotland,18-24,Platinum,False,16,True,316,59.74
5630,2023-05-01,2023,Comparison Site,South East,35-44,Classic,False,5,True,0,39.79
5631,2023-05-01,2023,Online,Wales & NI,25-34,Platinum,False,20,False,296,69.94
5632,2023-05-01,2023,Branch,Midlands,55-64,Silver,False,20,False,132,152.18
5633,2023-05-01,2023,Branch,London,45-54,Gold,False,20,False,256,152.18
5634,2023-05-01,2023,Online,South East,25-34,Platinum,True,20,False,128,69.94
5635,2023-05-01,2023,Comparison Site,Scotland,25-34,Classic,True,1,True,0,39.79
5636,2023-05-01,2023,Comparison Site,Scotland,45-54,Silver,True,1,True,0,39.79
5637,2023-05-01,2023,Referral,London,25-34,Silver,False,1,True,11,59.74
5638,2023-05-01,2023,Broker/IFA,London,35-44,Platinum,False,20,False,336,199.2
5639,2023-05-01,2023,Comparison Site,Midlands,35-44,Classic,True,6,True,0,39.79
5640,2023-05-01,2023,Comparison Site,North,25-34,Classic,True,7,True,0,39.79
5641,2023-05-01,2023,Comparison Site,Wales & NI,35-44,Classic,False,2,True,0,39.79
5642,2023-05-01,2023,Branch,North,55-64,Silver,False,20,False,139,152.18
5643,2023-05-01,2023,Comparison Site,North,35-44,Silver,True,4,True,0,39.79
5644,2023-05-01,2023,Comparison Site,North,35-44,Silver,True,10,True,44,39.79
5645,2023-05-01,2023,Online,Scotland,18-24,Classic,False,2,True,0,69.94
5646,2023-05-01,2023,Online,North,35-44,Silver,False,5,True,55,69.94
5647,2023-05-01,2023,Comparison Site,London,35-44,Silver,True,7,True,11,39.79
5648,2023-05-01,2023,Referral,Midlands,35-44,Platinum,False,20,False,336,59.74
5649,2023-05-01,2023,Online,North,55-64,Silver,True,20,False,66,69.94
5650,2023-05-01,2023,Outbound,Wales & NI,35-44,Gold,True,20,False,168,121.95
5651,2023-05-01,2023,Comparison Site,London,25-34,Silver,False,20,False,174,39.79
5652,2023-05-01,2023,Online,London,35-44,Silver,True,20,False,66,69.94
5653,2023-05-01,2023,Referral,London,55-64,Silver,False,3,True,33,59.74
5654,2023-05-01,2023,Referral,South East,35-44,Gold,False,20,False,216,59.74
5655,2023-05-01,2023,Outbound,South East,45-54,Silver,False,20,False,132,121.95
5656,2023-05-01,2023,Outbound,Midlands,35-44,Gold,False,20,False,216,121.95
5657,2023-05-01,2023,Online,South East,55-64,Silver,True,1,True,0,69.94
5658,2023-05-01,2023,Comparison Site,South East,25-34,Silver,False,6,True,66,39.79
5659,2023-05-01,2023,Online,Scotland,25-34,Classic,False,20,False,0,69.94
5660,2023-05-01,2023,Branch,Midlands,18-24,Silver,False,20,False,229,152.18
5661,2023-05-01,2023,Branch,Midlands,18-24,Classic,False,1,True,0,152.18
5662,2023-05-01,2023,Broker/IFA,Scotland,45-54,Silver,False,16,True,66,199.2
5663,2023-05-01,2023,Online,London,35-44,Silver,False,16,True,66,69.94
5664,2023-05-01,2023,Online,London,25-34,Classic,False,1,True,0,69.94
5665,2023-05-01,2023,Online,London,65+,Classic,True,11,True,55,69.94
5666,2023-05-01,2023,Referral,London,45-54,Platinum,False,20,False,336,59.74
5667,2023-05-01,2023,Comparison Site,London,18-24,Classic,True,14,True,0,39.79
5668,2023-05-01,2023,Branch,London,25-34,Silver,False,16,True,66,152.18
5669,2023-05-01,2023,Referral,London,35-44,Silver,False,20,False,153,59.74
5670,2023-05-01,2023,Branch,South East,35-44,Silver,False,20,False,139,152.18
5671,2023-05-01,2023,Broker/IFA,Midlands,18-24,Platinum,False,20,False,336,199.2
5672,2023-05-01,2023,Online,London,65+,Classic,False,13,True,0,69.94
5673,2023-05-01,2023,Branch,Midlands,25-34,Gold,False,12,True,316,152.18
5674,2023-05-01,2023,Comparison Site,Midlands,18-24,Classic,True,7,True,0,39.79
5675,2023-05-01,2023,Comparison Site,Midlands,45-54,Silver,False,20,False,132,39.79
5676,2023-05-01,2023,Branch,Midlands,18-24,Gold,False,17,True,216,152.18
5677,2023-05-01,2023,Online,Midlands,25-34,Classic,True,11,True,0,69.94
5678,2023-05-01,2023,Broker/IFA,Wales & NI,45-54,Silver,False,8,True,88,199.2
5679,2023-05-01,2023,Broker/IFA,North,45-54,Platinum,False,20,False,336,199.2
5680,2023-05-01,2023,Comparison Site,London,25-34,Silver,True,13,True,66,39.79
5681,2023-05-01,2023,Comparison Site,Wales & NI,25-34,Silver,True,8,True,22,39.79
5682,2023-05-01,2023,Referral,Midlands,18-24,Platinum,False,20,False,336,59.74
5683,2023-05-01,2023,Online,Midlands,65+,Platinum,True,20,False,168,69.94
5684,2023-05-01,2023,Branch,South East,45-54,Classic,False,1,True,0,152.18
5685,2023-05-01,2023,Outbound,South East,25-34,Classic,False,20,False,0,121.95
5686,2023-05-01,2023,Referral,London,25-34,Gold,False,20,False,216,59.74
5687,2023-05-01,2023,Online,Wales & NI,45-54,Gold,True,5,True,0,69.94
5688,2023-05-01,2023,Online,South East,35-44,Silver,False,20,False,132,69.94
5689,2023-05-01,2023,Comparison Site,North,55-64,Gold,True,6,True,0,39.79
5690,2023-05-01,2023,Online,Midlands,35-44,Classic,False,6,True,0,69.94
5691,2023-05-01,2023,Branch,North,45-54,Gold,True,20,False,108,152.18
5692,2023-05-01,2023,Comparison Site,North,35-44,Silver,False,20,False,132,39.79
5693,2023-05-01,2023,Branch,South East,25-34,Gold,False,5,True,65,152.18
5694,2023-05-01,2023,Referral,London,25-34,Classic,False,2,True,0,59.74
5695,2023-05-01,2023,Broker/IFA,London,25-34,Silver,False,20,False,146,199.2
5696,2023-05-01,2023,Online,London,45-54,Platinum,False,3,True,84,69.94
5697,2023-05-01,2023,Comparison Site,Wales & NI,55-64,Classic,True,6,True,0,39.79
5698,2023-05-01,2023,Online,North,18-24,Silver,False,4,True,51,69.94
5699,2023-05-01,2023,Comparison Site,North,55-64,Classic,False,16,True,0,39.79
5700,2023-05-01,2023,Comparison Site,Midlands,65+,Classic,True,15,True,0,39.79
5701,2023-05-01,2023,Branch,North,25-34,Gold,False,19,True,246,152.18
5702,2023-05-01,2023,Broker/IFA,London,65+,Platinum,False,20,False,286,199.2
5703,2023-05-01,2023,Comparison Site,South East,55-64,Classic,True,20,False,66,39.79
5704,2023-05-01,2023,Comparison Site,South East,25-34,Silver,True,20,False,66,39.79
5705,2023-05-01,2023,Online,South East,55-64,Gold,False,20,False,216,69.94
5706,2023-05-01,2023,Broker/IFA,London,55-64,Platinum,False,20,False,336,199.2
5707,2023-05-01,2023,Referral,London,18-24,Silver,False,19,True,132,59.74
5708,2023-05-01,2023,Online,North,18-24,Classic,True,20,False,0,69.94
5709,2023-05-01,2023,Broker/IFA,North,25-34,Silver,False,20,False,11,199.2
5710,2023-05-01,2023,Online,London,55-64,Classic,False,19,True,119,69.94
5711,2023-05-01,2023,Branch,Wales & NI,45-54,Gold,False,20,False,326,152.18
5712,2023-05-01,2023,Comparison Site,North,55-64,Classic,True,20,False,66,39.79
5713,2023-05-01,2023,Broker/IFA,North,35-44,Platinum,False,20,False,336,199.2
5714,2023-05-01,2023,Comparison Site,London,25-34,Gold,True,20,False,108,39.79
5715,2023-05-01,2023,Online,London,45-54,Gold,True,20,False,148,69.94
5716,2023-05-01,2023,Comparison Site,South East,55-64,Gold,True,14,True,108,39.79
5717,2023-05-01,2023,Referral,Midlands,35-44,Platinum,True,20,False,148,59.74
5718,2023-05-01,2023,Outbound,Midlands,45-54,Classic,False,1,True,0,121.95
5719,2023-05-01,2023,Comparison Site,South East,35-44,Classic,True,3,True,0,39.79
5720,2023-05-01,2023,Branch,South East,25-34,Gold,False,20,False,216,152.18
5721,2023-05-01,2023,Branch,Midlands,25-34,Gold,True,20,False,108,152.18
5722,2023-05-01,2023,Comparison Site,Midlands,45-54,Gold,True,20,False,108,39.79
5723,2023-05-01,2023,Broker/IFA,North,55-64,Platinum,False,20,False,336,199.2
5724,2023-05-01,2023,Outbound,Wales & NI,35-44,Silver,True,17,True,66,121.95
5725,2023-05-01,2023,Online,North,18-24,Silver,False,12,True,132,69.94
5726,2023-05-01,2023,Broker/IFA,London,18-24,Platinum,False,20,False,286,199.2
5727,2023-05-01,2023,Branch,North,35-44,Gold,False,20,False,216,152.18
5728,2023-05-01,2023,Comparison Site,South East,35-44,Classic,True,6,True,0,39.79
5729,2023-05-01,2023,Branch,Scotland,55-64,Silver,False,20,False,132,152.18
5730,2023-05-01,2023,Comparison Site,North,25-34,Silver,True,6,True,0,39.79
5731,2023-05-01,2023,Referral,Midlands,25-34,Platinum,False,4,True,112,59.74
5732,2023-05-01,2023,Broker/IFA,North,55-64,Silver,True,20,False,66,199.2
5733,2023-05-01,2023,Comparison Site,North,35-44,Silver,False,4,True,44,39.79
5734,2023-05-01,2023,Outbound,North,25-34,Classic,False,5,True,0,121.95
5735,2023-05-01,2023,Comparison Site,Wales & NI,35-44,Classic,True,7,True,11,39.79
5736,2023-05-01,2023,Comparison Site,North,55-64,Classic,False,7,True,0,39.79
5737,2023-05-01,2023,Branch,Scotland,35-44,Gold,False,20,False,174,152.18
5738,2023-05-01,2023,Online,Midlands,18-24,Silver,False,1,True,11,69.94
5739,2023-05-01,2023,Comparison Site,North,35-44,Silver,True,7,True,11,39.79
5740,2023-05-01,2023,Referral,Wales & NI,35-44,Gold,True,20,False,108,59.74
5741,2023-05-01,2023,Online,London,45-54,Platinum,True,20,False,168,69.94
5742,2023-05-01,2023,Broker/IFA,South East,25-34,Classic,False,20,False,0,199.2
5743,2023-05-01,2023,Broker/IFA,South East,35-44,Gold,False,20,False,326,199.2
5744,2023-05-01,2023,Comparison Site,South East,25-34,Silver,True,20,False,66,39.79
5745,2023-05-01,2023,Comparison Site,North,65+,Classic,True,8,True,0,39.79
5746,2023-05-01,2023,Comparison Site,South East,35-44,Classic,True,8,True,0,39.79
5747,2023-05-01,2023,Branch,London,18-24,Gold,False,20,False,216,152.18
5748,2023-05-01,2023,Comparison Site,London,55-64,Classic,False,15,True,0,39.79
5749,2023-05-01,2023,Comparison Site,Wales & NI,35-44,Classic,True,1,True,0,39.79
5750,2023-05-01,2023,Online,Midlands,25-34,Silver,False,20,False,132,69.94
5751,2023-05-01,2023,Online,Midlands,18-24,Gold,False,20,False,216,69.94
5752,2023-05-01,2023,Comparison Site,Midlands,18-24,Classic,True,2,True,0,39.79
5753,2023-05-01,2023,Broker/IFA,North,45-54,Silver,False,20,False,132,199.2
5754,2023-05-01,2023,Outbound,Wales & NI,45-54,Silver,False,6,True,66,121.95
5755,2023-05-01,2023,Online,South East,35-44,Gold,False,20,False,216,69.94
5756,2023-05-01,2023,Online,North,55-64,Gold,False,20,False,216,69.94
5757,2023-05-01,2023,Outbound,North,35-44,Gold,True,7,True,11,121.95
5758,2023-05-01,2023,Comparison Site,London,18-24,Classic,False,2,True,0,39.79
5759,2023-05-01,2023,Outbound,North,35-44,Platinum,True,17,True,168,121.95
5760,2023-05-01,2023,Online,London,25-34,Gold,False,20,False,216,69.94
5761,2023-05-01,2023,Comparison Site,Midlands,65+,Classic,True,14,True,0,39.79
5762,2023-05-01,2023,Online,London,35-44,Gold,False,20,False,216,69.94
5763,2023-05-01,2023,Comparison Site,North,25-34,Silver,True,4,True,0,39.79
5764,2023-05-01,2023,Outbound,South East,25-34,Silver,True,7,True,11,121.95
5765,2023-05-01,2023,Outbound,London,45-54,Silver,False,9,True,66,121.95
5766,2023-05-01,2023,Comparison Site,London,25-34,Gold,True,20,False,108,39.79
5767,2023-05-01,2023,Comparison Site,South East,25-34,Gold,True,20,False,108,39.79
5768,2023-05-01,2023,Comparison Site,Midlands,55-64,Classic,True,5,True,0,39.79
5769,2023-05-01,2023,Branch,Scotland,25-34,Classic,False,20,False,22,152.18
5770,2023-05-01,2023,Branch,North,18-24,Classic,False,20,False,0,152.18
5771,2023-05-01,2023,Comparison Site,Midlands,18-24,Classic,True,20,False,0,39.79
5772,2023-05-01,2023,Referral,South East,45-54,Platinum,True,20,False,168,59.74
5773,2023-05-01,2023,Comparison Site,South East,45-54,Gold,True,20,False,108,39.79
5774,2023-05-01,2023,Comparison Site,London,55-64,Silver,False,1,True,11,39.79
5775,2023-05-01,2023,Referral,South East,25-34,Silver,False,20,False,132,59.74
5776,2023-05-01,2023,Outbound,London,25-34,Silver,False,14,True,132,121.95
5777,2023-05-01,2023,Online,London,45-54,Classic,False,15,True,0,69.94
5778,2023-05-01,2023,Comparison Site,London,45-54,Silver,False,16,True,132,39.79
5779,2023-05-01,2023,Referral,Midlands,45-54,Silver,True,20,False,108,59.74
5780,2023-05-01,2023,Comparison Site,Scotland,35-44,Silver,True,5,True,0,39.79
5781,2023-05-01,2023,Outbound,Midlands,25-34,Silver,False,15,True,132,121.95
5782,2023-05-01,2023,Online,Midlands,55-64,Classic,True,2,True,0,69.94
5783,2023-05-01,2023,Branch,South East,35-44,Gold,False,20,False,216,152.18
5784,2023-05-01,2023,Comparison Site,Wales & NI,35-44,Platinum,False,10,True,280,39.79
5785,2023-05-01,2023,Comparison Site,North,65+,Silver,True,20,False,108,39.79
5786,2023-05-01,2023,Branch,Scotland,35-44,Gold,False,20,False,216,152.18
5787,2023-05-01,2023,Broker/IFA,South East,35-44,Silver,False,20,False,77,199.2
5788,2023-05-01,2023,Online,London,25-34,Platinum,False,14,True,336,69.94
5789,2023-05-01,2023,Branch,London,45-54,Gold,False,20,False,216,152.18
5790,2023-05-01,2023,Branch,London,25-34,Gold,False,20,False,216,152.18
5791,2023-05-01,2023,Comparison Site,North,45-54,Classic,True,8,True,0,39.79
5792,2023-05-01,2023,Branch,London,35-44,Gold,False,20,False,216,152.18
5793,2023-05-01,2023,Referral,Scotland,25-34,Gold,False,10,True,173,59.74
5794,2023-05-01,2023,Branch,South East,55-64,Platinum,False,20,False,306,152.18
5795,2023-05-01,2023,Comparison Site,London,25-34,Silver,True,11,True,44,39.79
5796,2023-05-01,2023,Comparison Site,South East,18-24,Classic,False,3,True,0,39.79
5797,2023-05-01,2023,Referral,Midlands,35-44,Silver,True,20,False,108,59.74
5798,2023-05-01,2023,Comparison Site,Wales & NI,25-34,Classic,True,11,True,0,39.79
5799,2023-05-01,2023,Branch,North,45-54,Gold,True,20,False,108,152.18
5800,2023-05-01,2023,Comparison Site,South East,55-64,Classic,True,20,False,0,39.79
5801,2023-05-01,2023,Branch,Scotland,25-34,Platinum,False,20,False,336,152.18
5802,2023-05-01,2023,Comparison Site,South East,18-24,Silver,True,3,True,0,39.79
5803,2023-05-01,2023,Broker/IFA,London,55-64,Platinum,False,20,False,316,199.2
5804,2023-05-01,2023,Outbound,London,25-34,Classic,False,7,True,0,121.95
5805,2023-05-01,2023,Outbound,London,25-34,Classic,True,20,False,0,121.95
5806,2023-05-01,2023,Comparison Site,Midlands,55-64,Silver,True,1,True,0,39.79
5807,2023-05-01,2023,Online,North,25-34,Gold,False,20,False,216,69.94
5808,2023-05-01,2023,Branch,Scotland,45-54,Silver,False,12,True,209,152.18
5809,2023-05-01,2023,Outbound,South East,25-34,Classic,False,6,True,0,121.95
5810,2023-05-01,2023,Online,South East,35-44,Gold,True,20,False,108,69.94
5811,2023-05-01,2023,Broker/IFA,London,55-64,Platinum,False,20,False,336,199.2
5812,2023-05-01,2023,Online,Midlands,55-64,Gold,True,7,True,18,69.94
5813,2023-05-01,2023,Comparison Site,South East,65+,Classic,True,16,True,0,39.79
5814,2023-05-01,2023,Online,London,45-54,Gold,True,1,True,0,69.94
5815,2023-05-01,2023,Online,Midlands,45-54,Classic,False,4,True,0,69.94
5816,2023-05-01,2023,Referral,North,65+,Classic,False,2,True,0,59.74
5817,2023-05-01,2023,Comparison Site,South East,25-34,Silver,True,7,True,11,39.79
5818,2023-05-01,2023,Outbound,London,55-64,Silver,True,20,False,66,121.95
5819,2023-05-01,2023,Online,North,25-34,Silver,False,1,True,11,69.94
5820,2023-05-01,2023,Online,North,18-24,Gold,False,20,False,209,69.94
5821,2023-05-01,2023,Online,London,18-24,Silver,True,1,True,0,69.94
5822,2023-05-01,2023,Referral,London,45-54,Silver,True,20,False,66,59.74
5823,2023-05-01,2023,Online,London,65+,Silver,True,6,True,0,69.94
5824,2023-05-01,2023,Comparison Site,South East,18-24,Gold,False,20,False,216,39.79
5825,2023-05-01,2023,Comparison Site,Scotland,65+,Silver,True,14,True,66,39.79
5826,2023-05-01,2023,Comparison Site,South East,25-34,Silver,True,20,False,66,39.79
5827,2023-05-01,2023,Online,South East,25-34,Classic,False,20,False,55,69.94
5828,2023-05-01,2023,Online,South East,35-44,Gold,False,20,False,195,69.94
5829,2023-05-01,2023,Comparison Site,London,18-24,Silver,True,2,True,0,39.79
5830,2023-05-01,2023,Comparison Site,South East,25-34,Classic,True,1,True,0,39.79
5831,2023-05-01,2023,Branch,South East,55-64,Gold,False,20,False,181,152.18
5832,2023-05-01,2023,Broker/IFA,London,25-34,Platinum,False,20,False,336,199.2
5833,2023-05-01,2023,Outbound,Scotland,18-24,Classic,False,20,False,0,121.95
5834,2023-05-01,2023,Outbound,North,18-24,Classic,False,13,True,0,121.95
5835,2023-05-01,2023,Comparison Site,London,45-54,Silver,True,20,False,66,39.79
5836,2023-05-01,2023,Online,Wales & NI,25-34,Platinum,False,20,False,336,69.94
5837,2023-05-01,2023,Outbound,North,35-44,Silver,False,20,False,132,121.95
5838,2023-05-01,2023,Broker/IFA,South East,45-54,Platinum,False,20,False,336,199.2
5839,2023-05-01,2023,Online,Scotland,55-64,Silver,True,20,False,66,69.94
5840,2023-05-01,2023,Outbound,London,55-64,Silver,False,20,False,110,121.95
5841,2023-05-01,2023,Referral,Midlands,35-44,Gold,False,20,False,286,59.74
5842,2023-05-01,2023,Branch,London,55-64,Classic,True,3,True,0,152.18
5843,2023-05-01,2023,Comparison Site,Wales & NI,45-54,Platinum,True,19,True,168,39.79
5844,2023-05-01,2023,Comparison Site,Midlands,18-24,Classic,True,3,True,0,39.79
5845,2023-05-01,2023,Comparison Site,North,55-64,Silver,True,20,False,108,39.79
5846,2023-05-01,2023,Outbound,South East,25-34,Silver,False,20,False,181,121.95
5847,2023-05-01,2023,Branch,North,25-34,Classic,False,20,False,0,152.18
5848,2023-05-01,2023,Referral,South East,25-34,Silver,False,6,True,55,59.74
5849,2023-05-01,2023,Online,North,55-64,Silver,True,7,True,11,69.94
5850,2023-05-01,2023,Online,South East,55-64,Silver,False,7,True,77,69.94
5851,2023-05-01,2023,Comparison Site,Midlands,35-44,Classic,False,1,True,0,39.79
5852,2023-05-01,2023,Branch,North,45-54,Platinum,False,20,False,336,152.18
5853,2023-05-01,2023,Referral,Midlands,25-34,Gold,False,20,False,131,59.74
5854,2023-05-01,2023,Outbound,South East,35-44,Classic,False,20,False,0,121.95
5855,2023-05-01,2023,Comparison Site,London,65+,Silver,True,20,False,66,39.79
5856,2023-05-01,2023,Online,North,35-44,Classic,False,19,True,99,69.94
5857,2023-05-01,2023,Online,Midlands,55-64,Silver,False,14,True,132,69.94
5858,2023-05-01,2023,Online,London,55-64,Classic,False,17,True,11,69.94
5859,2023-05-01,2023,Comparison Site,North,45-54,Silver,True,5,True,0,39.79
5860,2023-05-01,2023,Branch,South East,35-44,Gold,True,20,False,66,152.18
5861,2023-05-01,2023,Branch,South East,35-44,Classic,False,1,True,0,152.18
5862,2023-05-01,2023,Comparison Site,Midlands,45-54,Classic,True,7,True,11,39.79
5863,2023-05-01,2023,Online,Scotland,25-34,Classic,True,9,True,33,69.94
5864,2023-05-01,2023,Broker/IFA,Midlands,45-54,Gold,True,20,False,108,199.2
5865,2023-05-01,2023,Branch,Scotland,18-24,Silver,False,20,False,191,152.18
5866,2023-05-01,2023,Branch,Midlands,35-44,Silver,False,6,True,66,152.18
5867,2023-05-01,2023,Comparison Site,London,45-54,Classic,True,7,True,0,39.79
5868,2023-05-01,2023,Branch,North,18-24,Platinum,False,17,True,336,152.18
5869,2023-05-01,2023,Comparison Site,Midlands,45-54,Silver,True,20,False,66,39.79
5870,2023-05-01,2023,Branch,London,45-54,Gold,False,12,True,216,152.18
5871,2023-05-01,2023,Comparison Site,Scotland,55-64,Classic,False,9,True,0,39.79
5872,2023-05-01,2023,Branch,Wales & NI,35-44,Gold,False,20,False,216,152.18
5873,2023-05-01,2023,Comparison Site,London,35-44,Gold,True,7,True,18,39.79
5874,2023-05-01,2023,Branch,Midlands,25-34,Gold,True,20,False,108,152.18
5875,2023-05-01,2023,Outbound,North,25-34,Silver,False,9,True,33,121.95
5876,2023-05-01,2023,Referral,London,45-54,Classic,False,20,False,0,59.74
5877,2023-05-01,2023,Branch,London,45-54,Classic,False,12,True,11,152.18
5878,2023-05-01,2023,Online,London,25-34,Classic,True,2,True,0,69.94
5879,2023-05-01,2023,Outbound,London,35-44,Classic,True,6,True,0,121.95
5880,2023-05-01,2023,Online,London,25-34,Platinum,False,7,True,196,69.94
5881,2023-05-01,2023,Referral,South East,55-64,Gold,True,13,True,80,59.74
5882,2023-05-01,2023,Comparison Site,South East,35-44,Silver,True,20,False,66,39.79
5883,2023-05-01,2023,Broker/IFA,North,45-54,Silver,False,14,True,181,199.2
5884,2023-05-01,2023,Comparison Site,North,55-64,Classic,True,2,True,0,39.79
5885,2023-05-01,2023,Outbound,South East,25-34,Gold,False,7,True,126,121.95
5886,2023-05-01,2023,Comparison Site,Midlands,35-44,Silver,True,16,True,66,39.79
5887,2023-05-01,2023,Broker/IFA,London,45-54,Platinum,False,20,False,336,199.2
5888,2023-05-01,2023,Branch,South East,65+,Platinum,False,20,False,336,152.18
5889,2023-05-01,2023,Broker/IFA,Midlands,18-24,Silver,False,18,True,146,199.2
5890,2023-05-01,2023,Outbound,London,25-34,Silver,True,20,False,108,121.95
5891,2023-05-01,2023,Online,South East,18-24,Classic,False,20,False,33,69.94
5892,2023-05-01,2023,Outbound,South East,45-54,Classic,True,20,False,0,121.95
5893,2023-05-01,2023,Online,North,18-24,Gold,False,20,False,195,69.94
5894,2023-05-01,2023,Online,Wales & NI,25-34,Classic,False,10,True,55,69.94
5895,2023-05-01,2023,Branch,London,25-34,Gold,False,20,False,216,152.18
5896,2023-05-01,2023,Branch,Midlands,65+,Silver,False,20,False,132,152.18
5897,2023-05-01,2023,Comparison Site,Midlands,25-34,Classic,False,2,True,0,39.79
5898,2023-05-01,2023,Branch,North,25-34,Platinum,False,20,False,336,152.18
5899,2023-05-01,2023,Branch,South East,35-44,Platinum,False,5,True,140,152.18
5900,2023-05-01,2023,Online,Scotland,35-44,Silver,False,20,False,132,69.94
5901,2023-05-01,2023,Referral,London,45-54,Gold,False,12,True,146,59.74
5902,2023-05-01,2023,Comparison Site,South East,18-24,Silver,True,20,False,66,39.79
5903,2023-05-01,2023,Outbound,Midlands,35-44,Classic,True,19,True,66,121.95
5904,2023-05-01,2023,Outbound,North,65+,Classic,False,9,True,0,121.95
5905,2023-05-01,2023,Comparison Site,London,25-34,Silver,True,5,True,0,39.79
5906,2023-05-01,2023,Comparison Site,North,18-24,Classic,True,3,True,0,39.79
5907,2023-05-01,2023,Online,London,35-44,Classic,False,2,True,0,69.94
5908,2023-05-01,2023,Online,South East,45-54,Gold,False,6,True,108,69.94
5909,2023-05-01,2023,Online,Scotland,65+,Gold,True,12,True,108,69.94
5910,2023-05-01,2023,Comparison Site,Midlands,18-24,Classic,True,20,False,66,39.79
5911,2023-05-01,2023,Referral,North,55-64,Silver,False,20,False,132,59.74
5912,2023-05-01,2023,Outbound,South East,55-64,Silver,False,20,False,181,121.95
5913,2023-05-01,2023,Outbound,Scotland,65+,Silver,True,20,False,66,121.95
5914,2023-05-01,2023,Comparison Site,London,25-34,Silver,False,3,True,33,39.79
5915,2023-05-01,2023,Branch,Midlands,35-44,Platinum,False,20,False,336,152.18
5916,2023-05-01,2023,Comparison Site,South East,25-34,Silver,False,19,True,132,39.79
5917,2023-05-01,2023,Online,Midlands,35-44,Classic,False,20,False,44,69.94
5918,2023-05-01,2023,Broker/IFA,North,35-44,Gold,False,20,False,226,199.2
5919,2023-05-01,2023,Online,London,18-24,Classic,True,11,True,11,69.94
5920,2023-05-01,2023,Broker/IFA,North,25-34,Gold,False,20,False,246,199.2
5921,2023-05-01,2023,Online,South East,35-44,Classic,True,20,False,66,69.94
5922,2023-05-01,2023,Branch,Wales & NI,55-64,Gold,False,20,False,216,152.18
5923,2023-05-01,2023,Online,South East,45-54,Silver,False,20,False,181,69.94
5924,2023-05-01,2023,Comparison Site,Midlands,35-44,Silver,False,10,True,159,39.79
5925,2023-05-01,2023,Online,North,35-44,Gold,False,20,False,174,69.94
5926,2023-05-01,2023,Online,South East,65+,Gold,False,20,False,216,69.94
5927,2023-05-01,2023,Online,London,45-54,Silver,True,7,True,0,69.94
5928,2023-05-01,2023,Comparison Site,London,45-54,Silver,False,20,False,202,39.79
5929,2023-05-01,2023,Comparison Site,South East,45-54,Classic,False,14,True,0,39.79
5930,2023-05-01,2023,Online,Wales & NI,18-24,Gold,True,20,False,108,69.94
5931,2023-05-01,2023,Online,London,65+,Platinum,True,20,False,168,69.94
5932,2023-05-01,2023,Comparison Site,Midlands,35-44,Silver,True,20,False,66,39.79
5933,2023-05-01,2023,Referral,Midlands,55-64,Platinum,False,20,False,256,59.74
5934,2023-05-01,2023,Online,London,55-64,Classic,True,14,True,0,69.94
5935,2023-05-01,2023,Branch,Midlands,55-64,Gold,True,20,False,108,152.18
5936,2023-05-01,2023,Outbound,South East,25-34,Silver,True,20,False,66,121.95
5937,2023-05-01,2023,Comparison Site,South East,18-24,Silver,True,4,True,0,39.79
5938,2023-05-01,2023,Broker/IFA,London,18-24,Platinum,False,17,True,326,199.2
5939,2023-05-01,2023,Broker/IFA,North,35-44,Gold,False,20,False,146,199.2
5940,2023-05-01,2023,Comparison Site,North,35-44,Classic,False,5,True,0,39.79
5941,2023-05-01,2023,Online,Midlands,45-54,Classic,False,1,True,0,69.94
5942,2023-05-01,2023,Comparison Site,Midlands,35-44,Gold,True,19,True,168,39.79
5943,2023-05-01,2023,Online,London,18-24,Classic,False,20,False,11,69.94
5944,2023-05-01,2023,Branch,London,45-54,Silver,False,11,True,121,152.18
5945,2023-05-01,2023,Online,Midlands,45-54,Classic,True,20,False,66,69.94
5946,2023-05-01,2023,Branch,London,55-64,Silver,False,1,True,11,152.18
5947,2023-05-01,2023,Online,South East,35-44,Classic,False,15,True,88,69.94
5948,2023-05-01,2023,Outbound,South East,25-34,Silver,True,20,False,11,121.95
5949,2023-05-01,2023,Branch,London,25-34,Gold,False,20,False,306,152.18
5950,2023-05-01,2023,Branch,North,35-44,Classic,False,20,False,196,152.18
5951,2023-05-01,2023,Comparison Site,London,35-44,Platinum,False,20,False,336,39.79
5952,2023-05-01,2023,Comparison Site,South East,18-24,Silver,False,2,True,22,39.79
5953,2023-05-01,2023,Outbound,North,65+,Silver,True,20,False,66,121.95
5954,2023-05-01,2023,Comparison Site,London,35-44,Silver,False,20,False,132,39.79
5955,2023-05-01,2023,Comparison Site,Midlands,65+,Classic,True,2,True,0,39.79
5956,2023-05-01,2023,Online,London,65+,Gold,True,15,True,108,69.94
5957,2023-05-01,2023,Online,North,55-64,Gold,False,20,False,195,69.94
5958,2023-05-01,2023,Outbound,Midlands,18-24,Classic,True,20,False,0,121.95
5959,2023-05-01,2023,Online,North,65+,Classic,False,20,False,0,69.94
5960,2023-05-01,2023,Online,Scotland,18-24,Classic,True,8,True,0,69.94
5961,2023-05-01,2023,Branch,Midlands,18-24,Gold,True,20,False,73,152.18
5962,2023-05-01,2023,Broker/IFA,Wales & NI,55-64,Gold,False,20,False,216,199.2
5963,2023-05-01,2023,Comparison Site,London,35-44,Silver,False,11,True,121,39.79
5964,2023-05-01,2023,Comparison Site,London,25-34,Classic,False,13,True,0,39.79
5965,2023-05-01,2023,Comparison Site,Scotland,25-34,Silver,True,7,True,11,39.79
5966,2023-05-01,2023,Online,London,25-34,Classic,False,5,True,0,69.94
5967,2023-05-01,2023,Referral,North,55-64,Silver,False,20,False,209,59.74
5968,2023-05-01,2023,Comparison Site,Midlands,55-64,Gold,True,20,False,108,39.79
5969,2023-05-01,2023,Branch,London,35-44,Silver,True,20,False,80,152.18
5970,2023-05-01,2023,Outbound,Midlands,35-44,Silver,True,5,True,0,121.95
5971,2023-05-01,2023,Online,North,45-54,Silver,True,20,False,66,69.94
5972,2023-05-01,2023,Branch,South East,18-24,Gold,True,20,False,118,152.18
5973,2023-05-01,2023,Comparison Site,South East,18-24,Silver,False,2,True,22,39.79
5974,2023-05-01,2023,Online,Midlands,25-34,Silver,False,2,True,22,69.94
5975,2023-05-01,2023,Referral,Scotland,45-54,Silver,False,20,False,239,59.74
5976,2023-05-01,2023,Outbound,London,18-24,Silver,True,7,True,0,121.95
5977,2023-05-01,2023,Comparison Site,London,18-24,Gold,True,20,False,108,39.79
5978,2023-05-01,2023,Branch,Midlands,25-34,Silver,False,20,False,132,152.18
5979,2023-05-01,2023,Online,Wales & NI,35-44,Gold,True,7,True,18,69.94
5980,2023-05-01,2023,Online,North,25-34,Platinum,False,20,False,336,69.94
5981,2023-05-01,2023,Online,London,25-34,Silver,False,5,True,55,69.94
5982,2023-05-01,2023,Online,Midlands,18-24,Silver,True,20,False,108,69.94
5983,2023-05-01,2023,Online,North,35-44,Platinum,False,20,False,336,69.94
5984,2023-05-01,2023,Comparison Site,North,55-64,Classic,True,7,True,0,39.79
5985,2023-05-01,2023,Referral,Scotland,35-44,Gold,False,20,False,226,59.74
5986,2023-05-01,2023,Online,North,45-54,Silver,False,4,True,44,69.94
5987,2023-05-01,2023,Referral,Scotland,45-54,Platinum,False,20,False,336,59.74
5988,2023-05-01,2023,Online,Midlands,25-34,Gold,True,20,False,108,69.94
5989,2023-05-01,2023,Branch,London,35-44,Platinum,False,20,False,336,152.18
5990,2023-05-01,2023,Branch,Midlands,35-44,Platinum,False,1,True,28,152.18
5991,2023-05-01,2023,Referral,South East,25-34,Classic,True,20,False,66,59.74
5992,2023-05-01,2023,Outbound,South East,25-34,Classic,False,10,True,0,121.95
5993,2023-05-01,2023,Comparison Site,North,55-64,Classic,True,20,False,66,39.79
5994,2023-05-01,2023,Online,Wales & NI,18-24,Silver,True,18,True,66,69.94
5995,2023-05-01,2023,Online,North,45-54,Gold,True,13,True,108,69.94
5996,2023-05-01,2023,Online,North,35-44,Classic,True,20,False,0,69.94
5997,2023-05-01,2023,Outbound,Scotland,65+,Gold,False,20,False,216,121.95
5998,2023-05-01,2023,Referral,North,18-24,Platinum,False,20,False,336,59.74
5999,2023-05-01,2023,Comparison Site,Midlands,25-34,Gold,False,20,False,216,39.79
6000,2023-05-01,2023,Online,London,35-44,Classic,True,1,True,0,69.94
6001,2023-05-01,2023,Online,Wales & NI,55-64,Classic,False,1,True,0,69.94
6002,2023-05-01,2023,Branch,South East,25-34,Gold,False,20,False,188,152.18
6003,2023-05-01,2023,Referral,Scotland,35-44,Platinum,False,20,False,336,59.74
6004,2023-05-01,2023,Comparison Site,London,35-44,Classic,False,3,True,0,39.79
6005,2023-05-01,2023,Online,London,55-64,Silver,False,12,True,88,69.94
6006,2023-05-01,2023,Online,Scotland,25-34,Gold,True,19,True,108,69.94
6007,2023-05-01,2023,Comparison Site,South East,35-44,Silver,True,7,True,0,39.79
6008,2023-05-01,2023,Broker/IFA,Midlands,35-44,Gold,False,20,False,306,199.2
6009,2023-05-01,2023,Comparison Site,North,25-34,Classic,False,1,True,0,39.79
6010,2023-05-01,2023,Comparison Site,South East,35-44,Classic,True,1,True,0,39.79
6011,2023-05-01,2023,Branch,London,35-44,Silver,False,20,False,132,152.18
6012,2023-05-01,2023,Online,Midlands,45-54,Gold,False,18,True,174,69.94
6013,2023-05-01,2023,Referral,Wales & NI,25-34,Platinum,False,20,False,336,59.74
6014,2023-05-01,2023,Online,London,18-24,Gold,True,1,True,0,69.94
6015,2023-05-01,2023,Online,South East,35-44,Silver,True,16,True,11,69.94
6016,2023-05-01,2023,Online,South East,25-34,Gold,False,20,False,216,69.94
6017,2023-05-01,2023,Branch,London,18-24,Platinum,False,20,False,226,152.18
6018,2023-05-01,2023,Comparison Site,London,65+,Gold,True,20,False,66,39.79
6019,2023-05-01,2023,Referral,Midlands,25-34,Silver,False,8,True,88,59.74
6020,2023-05-01,2023,Online,North,35-44,Classic,False,20,False,0,69.94
6021,2023-05-01,2023,Outbound,South East,35-44,Classic,False,1,True,0,121.95
6022,2023-05-01,2023,Referral,North,55-64,Gold,False,1,True,18,59.74
6023,2023-05-01,2023,Referral,London,45-54,Platinum,False,20,False,226,59.74
6024,2023-06-01,2023,Branch,London,55-64,Gold,False,19,False,226,152.18
6025,2023-06-01,2023,Comparison Site,Scotland,25-34,Classic,True,3,True,0,39.79
6026,2023-06-01,2023,Broker/IFA,Wales & NI,18-24,Gold,False,4,True,72,199.2
6027,2023-06-01,2023,Comparison Site,Scotland,25-34,Classic,False,18,True,0,39.79
6028,2023-06-01,2023,Branch,North,35-44,Gold,False,19,False,236,152.18
6029,2023-06-01,2023,Referral,Wales & NI,45-54,Classic,True,19,False,0,59.74
6030,2023-06-01,2023,Branch,London,65+,Silver,False,19,False,132,152.18
6031,2023-06-01,2023,Branch,South East,35-44,Gold,False,19,False,286,152.18
6032,2023-06-01,2023,Comparison Site,London,25-34,Classic,True,2,True,0,39.79
6033,2023-06-01,2023,Comparison Site,Midlands,25-34,Classic,False,15,True,0,39.79
6034,2023-06-01,2023,Broker/IFA,Scotland,55-64,Platinum,False,19,False,276,199.2
6035,2023-06-01,2023,Comparison Site,London,35-44,Silver,False,2,True,22,39.79
6036,2023-06-01,2023,Branch,South East,45-54,Silver,False,19,False,202,152.18
6037,2023-06-01,2023,Broker/IFA,Midlands,45-54,Platinum,False,19,False,336,199.2
6038,2023-06-01,2023,Outbound,South East,35-44,Classic,False,10,True,99,121.95
6039,2023-06-01,2023,Online,North,55-64,Platinum,True,5,True,0,69.94
6040,2023-06-01,2023,Online,Wales & NI,65+,Silver,False,18,True,132,69.94
6041,2023-06-01,2023,Branch,South East,45-54,Gold,False,4,True,72,152.18
6042,2023-06-01,2023,Referral,Midlands,25-34,Gold,True,19,False,108,59.74
6043,2023-06-01,2023,Broker/IFA,North,55-64,Platinum,False,19,False,336,199.2
6044,2023-06-01,2023,Referral,London,45-54,Silver,False,5,True,55,59.74
6045,2023-06-01,2023,Online,North,25-34,Classic,False,2,True,0,69.94
6046,2023-06-01,2023,Online,North,18-24,Silver,False,3,True,33,69.94
6047,2023-06-01,2023,Online,South East,25-34,Silver,False,6,True,66,69.94
6048,2023-06-01,2023,Online,South East,45-54,Silver,False,8,True,88,69.94
6049,2023-06-01,2023,Comparison Site,Scotland,25-34,Classic,True,7,True,0,39.79
6050,2023-06-01,2023,Branch,North,45-54,Gold,False,19,False,226,152.18
6051,2023-06-01,2023,Referral,Midlands,35-44,Platinum,False,19,False,336,59.74
6052,2023-06-01,2023,Comparison Site,South East,35-44,Silver,True,19,False,66,39.79
6053,2023-06-01,2023,Referral,London,45-54,Platinum,False,9,True,178,59.74
6054,2023-06-01,2023,Outbound,Midlands,45-54,Silver,True,19,False,101,121.95
6055,2023-06-01,2023,Broker/IFA,Midlands,25-34,Platinum,False,19,False,336,199.2
6056,2023-06-01,2023,Outbound,Scotland,35-44,Classic,False,19,False,66,121.95
6057,2023-06-01,2023,Comparison Site,Scotland,25-34,Classic,True,6,True,0,39.79
6058,2023-06-01,2023,Comparison Site,South East,25-34,Silver,False,19,False,132,39.79
6059,2023-06-01,2023,Outbound,Wales & NI,45-54,Gold,False,19,False,216,121.95
6060,2023-06-01,2023,Referral,South East,18-24,Gold,False,19,False,173,59.74
6061,2023-06-01,2023,Online,London,35-44,Gold,False,19,False,216,69.94
6062,2023-06-01,2023,Referral,London,35-44,Gold,False,19,False,266,59.74
6063,2023-06-01,2023,Online,South East,25-34,Gold,False,16,True,174,69.94
6064,2023-06-01,2023,Online,Midlands,25-34,Silver,False,19,False,132,69.94
6065,2023-06-01,2023,Branch,Wales & NI,18-24,Silver,False,19,False,202,152.18
6066,2023-06-01,2023,Online,South East,65+,Classic,False,19,False,22,69.94
6067,2023-06-01,2023,Online,North,65+,Gold,False,3,True,54,69.94
6068,2023-06-01,2023,Online,Midlands,25-34,Gold,False,19,False,225,69.94
6069,2023-06-01,2023,Referral,Midlands,45-54,Gold,False,19,False,216,59.74
6070,2023-06-01,2023,Branch,Scotland,35-44,Platinum,False,19,False,336,152.18
6071,2023-06-01,2023,Comparison Site,North,55-64,Gold,True,19,False,108,39.79
6072,2023-06-01,2023,Outbound,Midlands,25-34,Gold,False,19,False,216,121.95
6073,2023-06-01,2023,Comparison Site,South East,65+,Classic,False,1,True,0,39.79
6074,2023-06-01,2023,Online,North,25-34,Gold,False,3,True,54,69.94
6075,2023-06-01,2023,Outbound,Midlands,45-54,Silver,False,19,False,132,121.95
6076,2023-06-01,2023,Branch,London,35-44,Silver,False,19,False,153,152.18
6077,2023-06-01,2023,Branch,North,55-64,Silver,False,19,False,132,152.18
6078,2023-06-01,2023,Online,South East,25-34,Classic,False,11,True,0,69.94
6079,2023-06-01,2023,Branch,Scotland,18-24,Silver,False,7,True,77,152.18
6080,2023-06-01,2023,Online,South East,18-24,Classic,False,16,True,0,69.94
6081,2023-06-01,2023,Branch,Midlands,35-44,Platinum,False,19,False,336,152.18
6082,2023-06-01,2023,Branch,Midlands,55-64,Silver,False,15,True,132,152.18
6083,2023-06-01,2023,Outbound,Midlands,35-44,Classic,False,19,False,11,121.95
6084,2023-06-01,2023,Online,Midlands,55-64,Silver,False,2,True,22,69.94
6085,2023-06-01,2023,Broker/IFA,South East,35-44,Gold,False,19,False,226,199.2
6086,2023-06-01,2023,Broker/IFA,Scotland,18-24,Gold,False,6,True,138,199.2
6087,2023-06-01,2023,Outbound,London,55-64,Silver,True,19,False,108,121.95
6088,2023-06-01,2023,Referral,North,18-24,Gold,False,16,True,188,59.74
6089,2023-06-01,2023,Broker/IFA,North,25-34,Silver,False,19,False,132,199.2
6090,2023-06-01,2023,Outbound,North,45-54,Gold,False,12,True,216,121.95
6091,2023-06-01,2023,Outbound,Wales & NI,45-54,Platinum,True,19,False,168,121.95
6092,2023-06-01,2023,Online,North,55-64,Silver,False,19,False,88,69.94
6093,2023-06-01,2023,Outbound,North,18-24,Silver,False,2,True,22,121.95
6094,2023-06-01,2023,Broker/IFA,South East,45-54,Platinum,False,12,True,336,199.2
6095,2023-06-01,2023,Comparison Site,North,45-54,Classic,False,11,True,0,39.79
6096,2023-06-01,2023,Broker/IFA,London,55-64,Platinum,False,19,False,316,199.2
6097,2023-06-01,2023,Branch,South East,65+,Silver,False,19,False,139,152.18
6098,2023-06-01,2023,Referral,North,35-44,Platinum,True,19,False,168,59.74
6099,2023-06-01,2023,Referral,London,55-64,Silver,False,19,False,146,59.74
6100,2023-06-01,2023,Broker/IFA,North,18-24,Gold,False,19,False,216,199.2
6101,2023-06-01,2023,Referral,Midlands,25-34,Gold,True,5,True,0,59.74
6102,2023-06-01,2023,Comparison Site,North,55-64,Classic,False,2,True,0,39.79
6103,2023-06-01,2023,Comparison Site,Scotland,25-34,Silver,False,4,True,44,39.79
6104,2023-06-01,2023,Branch,North,18-24,Silver,False,19,False,181,152.18
6105,2023-06-01,2023,Online,South East,25-34,Classic,True,4,True,0,69.94
6106,2023-06-01,2023,Broker/IFA,South East,35-44,Platinum,False,19,False,336,199.2
6107,2023-06-01,2023,Comparison Site,South East,25-34,Silver,True,4,True,0,39.79
6108,2023-06-01,2023,Branch,South East,35-44,Platinum,False,19,False,336,152.18
6109,2023-06-01,2023,Branch,Midlands,45-54,Gold,False,19,False,216,152.18
6110,2023-06-01,2023,Broker/IFA,London,25-34,Gold,False,19,False,276,199.2
6111,2023-06-01,2023,Online,London,45-54,Platinum,False,19,False,316,69.94
6112,2023-06-01,2023,Referral,North,65+,Platinum,False,19,False,336,59.74
6113,2023-06-01,2023,Outbound,South East,45-54,Gold,True,19,False,108,121.95
6114,2023-06-01,2023,Branch,Midlands,25-34,Gold,False,1,True,18,152.18
6115,2023-06-01,2023,Comparison Site,London,55-64,Silver,True,19,False,33,39.79
6116,2023-06-01,2023,Comparison Site,Midlands,25-34,Silver,True,19,False,66,39.79
6117,2023-06-01,2023,Comparison Site,North,25-34,Gold,False,19,False,216,39.79
6118,2023-06-01,2023,Online,Midlands,25-34,Gold,True,19,False,108,69.94
6119,2023-06-01,2023,Comparison Site,North,45-54,Classic,True,19,False,22,39.79
6120,2023-06-01,2023,Comparison Site,South East,18-24,Classic,True,4,True,0,39.79
6121,2023-06-01,2023,Comparison Site,London,45-54,Silver,True,10,True,58,39.79
6122,2023-06-01,2023,Referral,North,25-34,Classic,False,10,True,0,59.74
6123,2023-06-01,2023,Outbound,London,35-44,Silver,True,19,False,108,121.95
6124,2023-06-01,2023,Outbound,Midlands,35-44,Gold,False,19,False,216,121.95
6125,2023-06-01,2023,Comparison Site,North,55-64,Silver,True,19,False,44,39.79
6126,2023-06-01,2023,Referral,North,18-24,Gold,False,19,False,216,59.74
6127,2023-06-01,2023,Outbound,South East,35-44,Gold,False,3,True,54,121.95
6128,2023-06-01,2023,Branch,London,45-54,Gold,False,19,False,216,152.18
6129,2023-06-01,2023,Broker/IFA,Scotland,35-44,Gold,False,19,False,216,199.2
6130,2023-06-01,2023,Comparison Site,Scotland,45-54,Classic,True,3,True,0,39.79
6131,2023-06-01,2023,Referral,London,45-54,Gold,False,19,False,326,59.74
6132,2023-06-01,2023,Outbound,London,35-44,Platinum,True,11,True,140,121.95
6133,2023-06-01,2023,Comparison Site,Scotland,55-64,Silver,False,19,False,55,39.79
6134,2023-06-01,2023,Outbound,North,35-44,Classic,True,4,True,0,121.95
6135,2023-06-01,2023,Branch,North,25-34,Silver,False,19,False,132,152.18
6136,2023-06-01,2023,Online,North,35-44,Gold,True,7,True,18,69.94
6137,2023-06-01,2023,Online,Midlands,18-24,Classic,True,7,True,0,69.94
6138,2023-06-01,2023,Outbound,South East,65+,Platinum,True,19,False,168,121.95
6139,2023-06-01,2023,Referral,South East,55-64,Silver,True,19,False,66,59.74
6140,2023-06-01,2023,Branch,North,25-34,Silver,False,12,True,163,152.18
6141,2023-06-01,2023,Comparison Site,North,25-34,Silver,True,6,True,0,39.79
6142,2023-06-01,2023,Comparison Site,South East,45-54,Silver,True,19,False,108,39.79
6143,2023-06-01,2023,Comparison Site,South East,55-64,Classic,False,2,True,0,39.79
6144,2023-06-01,2023,Outbound,London,35-44,Silver,False,18,True,132,121.95
6145,2023-06-01,2023,Branch,Midlands,45-54,Platinum,False,19,False,336,152.18
6146,2023-06-01,2023,Online,London,55-64,Silver,False,2,True,22,69.94
6147,2023-06-01,2023,Online,London,25-34,Platinum,True,19,False,138,69.94
6148,2023-06-01,2023,Online,South East,25-34,Silver,True,17,True,66,69.94
6149,2023-06-01,2023,Comparison Site,London,45-54,Silver,False,19,False,132,39.79
6150,2023-06-01,2023,Branch,South East,25-34,Gold,False,18,True,120,152.18
6151,2023-06-01,2023,Outbound,Scotland,45-54,Silver,False,17,True,132,121.95
6152,2023-06-01,2023,Comparison Site,North,35-44,Classic,True,8,True,0,39.79
6153,2023-06-01,2023,Outbound,North,35-44,Gold,False,8,True,194,121.95
6154,2023-06-01,2023,Comparison Site,Midlands,35-44,Platinum,False,19,False,316,39.79
6155,2023-06-01,2023,Online,Midlands,35-44,Silver,True,1,True,0,69.94
6156,2023-06-01,2023,Online,Wales & NI,35-44,Gold,False,19,False,216,69.94
6157,2023-06-01,2023,Branch,Scotland,45-54,Gold,False,19,False,316,152.18
6158,2023-06-01,2023,Comparison Site,South East,25-34,Classic,True,6,True,0,39.79
6159,2023-06-01,2023,Online,North,45-54,Classic,False,16,True,0,69.94
6160,2023-06-01,2023,Broker/IFA,South East,25-34,Classic,False,1,True,0,199.2
6161,2023-06-01,2023,Referral,North,55-64,Classic,False,19,False,98,59.74
6162,2023-06-01,2023,Outbound,Scotland,65+,Classic,False,2,True,0,121.95
6163,2023-06-01,2023,Comparison Site,North,45-54,Classic,True,19,False,66,39.79
6164,2023-06-01,2023,Comparison Site,South East,25-34,Silver,True,2,True,0,39.79
6165,2023-06-01,2023,Referral,London,25-34,Platinum,False,10,True,230,59.74
6166,2023-06-01,2023,Online,South East,35-44,Platinum,True,7,True,28,69.94
6167,2023-06-01,2023,Broker/IFA,Midlands,18-24,Platinum,False,19,False,336,199.2
6168,2023-06-01,2023,Referral,South East,65+,Platinum,False,13,True,336,59.74
6169,2023-06-01,2023,Broker/IFA,South East,18-24,Silver,False,19,False,132,199.2
6170,2023-06-01,2023,Comparison Site,South East,25-34,Gold,True,7,True,18,39.79
6171,2023-06-01,2023,Referral,London,25-34,Gold,False,19,False,216,59.74
6172,2023-06-01,2023,Outbound,Midlands,25-34,Classic,False,7,True,0,121.95
6173,2023-06-01,2023,Comparison Site,North,25-34,Silver,False,1,True,11,39.79
6174,2023-06-01,2023,Comparison Site,North,35-44,Classic,False,19,False,0,39.79
6175,2023-06-01,2023,Online,Midlands,65+,Silver,False,19,False,132,69.94
6176,2023-06-01,2023,Outbound,Wales & NI,25-34,Silver,True,19,False,73,121.95
6177,2023-06-01,2023,Comparison Site,London,25-34,Classic,True,19,False,0,39.79
6178,2023-06-01,2023,Online,London,18-24,Classic,False,19,False,0,69.94
6179,2023-06-01,2023,Comparison Site,Midlands,55-64,Classic,True,2,True,0,39.79
6180,2023-06-01,2023,Outbound,Scotland,35-44,Classic,False,18,True,0,121.95
6181,2023-06-01,2023,Online,Scotland,45-54,Classic,False,5,True,0,69.94
6182,2023-06-01,2023,Branch,North,35-44,Gold,False,19,False,326,152.18
6183,2023-06-01,2023,Online,South East,55-64,Classic,True,7,True,0,69.94
6184,2023-06-01,2023,Referral,North,65+,Classic,False,5,True,0,59.74
6185,2023-06-01,2023,Outbound,London,25-34,Classic,False,2,True,0,121.95
6186,2023-06-01,2023,Comparison Site,Midlands,35-44,Silver,True,19,False,108,39.79
6187,2023-06-01,2023,Outbound,North,35-44,Classic,False,18,True,22,121.95
6188,2023-06-01,2023,Branch,London,45-54,Classic,False,13,True,44,152.18
6189,2023-06-01,2023,Comparison Site,North,25-34,Classic,True,3,True,0,39.79
6190,2023-06-01,2023,Comparison Site,North,45-54,Gold,False,10,True,180,39.79
6191,2023-06-01,2023,Branch,Midlands,35-44,Silver,False,19,False,55,152.18
6192,2023-06-01,2023,Referral,North,35-44,Gold,False,19,False,216,59.74
6193,2023-06-01,2023,Comparison Site,North,55-64,Silver,True,19,False,66,39.79
6194,2023-06-01,2023,Online,North,25-34,Gold,True,11,True,90,69.94
6195,2023-06-01,2023,Online,North,45-54,Classic,False,1,True,0,69.94
6196,2023-06-01,2023,Comparison Site,Scotland,18-24,Platinum,False,19,False,316,39.79
6197,2023-06-01,2023,Branch,Midlands,45-54,Gold,False,19,False,195,152.18
6198,2023-06-01,2023,Branch,London,25-34,Platinum,False,4,True,112,152.18
6199,2023-06-01,2023,Comparison Site,Wales & NI,35-44,Silver,False,19,False,132,39.79
6200,2023-06-01,2023,Referral,North,35-44,Classic,False,9,True,0,59.74
6201,2023-06-01,2023,Comparison Site,South East,65+,Silver,True,19,False,66,39.79
6202,2023-06-01,2023,Online,London,18-24,Gold,True,16,True,108,69.94
6203,2023-06-01,2023,Online,South East,55-64,Silver,False,4,True,44,69.94
6204,2023-06-01,2023,Comparison Site,South East,25-34,Silver,True,3,True,0,39.79
6205,2023-06-01,2023,Referral,Midlands,25-34,Silver,False,18,True,132,59.74
6206,2023-06-01,2023,Online,Scotland,25-34,Gold,True,5,True,0,69.94
6207,2023-06-01,2023,Comparison Site,London,18-24,Silver,True,14,True,66,39.79
6208,2023-06-01,2023,Comparison Site,Midlands,45-54,Classic,False,5,True,0,39.79
6209,2023-06-01,2023,Comparison Site,North,18-24,Silver,True,19,False,66,39.79
6210,2023-06-01,2023,Broker/IFA,Midlands,55-64,Platinum,False,19,False,226,199.2
6211,2023-06-01,2023,Comparison Site,South East,65+,Silver,False,19,False,139,39.79
6212,2023-06-01,2023,Online,London,35-44,Gold,False,19,False,216,69.94
6213,2023-06-01,2023,Branch,London,18-24,Gold,True,19,False,158,152.18
6214,2023-06-01,2023,Comparison Site,North,45-54,Classic,False,7,True,0,39.79
6215,2023-06-01,2023,Comparison Site,Midlands,45-54,Silver,True,7,True,18,39.79
6216,2023-06-01,2023,Comparison Site,North,55-64,Classic,False,12,True,0,39.79
6217,2023-06-01,2023,Comparison Site,Midlands,35-44,Classic,True,1,True,0,39.79
6218,2023-06-01,2023,Online,South East,25-34,Platinum,True,8,True,46,69.94
6219,2023-06-01,2023,Comparison Site,Scotland,35-44,Classic,False,4,True,0,39.79
6220,2023-06-01,2023,Outbound,Wales & NI,65+,Silver,True,19,False,108,121.95
6221,2023-06-01,2023,Comparison Site,South East,25-34,Silver,True,16,True,66,39.79
6222,2023-06-01,2023,Online,London,18-24,Classic,False,19,False,0,69.94
6223,2023-06-01,2023,Online,London,25-34,Classic,False,11,True,44,69.94
6224,2023-06-01,2023,Referral,North,25-34,Classic,False,19,False,0,59.74
6225,2023-06-01,2023,Referral,North,25-34,Silver,True,2,True,0,59.74
6226,2023-06-01,2023,Branch,North,25-34,Gold,False,19,False,216,152.18
6227,2023-06-01,2023,Online,Wales & NI,45-54,Gold,False,19,False,276,69.94
6228,2023-06-01,2023,Online,South East,25-34,Classic,False,19,False,0,69.94
6229,2023-06-01,2023,Referral,London,55-64,Silver,False,19,False,146,59.74
6230,2023-06-01,2023,Referral,South East,25-34,Silver,True,1,True,0,59.74
6231,2023-06-01,2023,Outbound,North,35-44,Silver,True,19,False,66,121.95
6232,2023-06-01,2023,Comparison Site,London,45-54,Classic,False,17,True,0,39.79
6233,2023-06-01,2023,Online,London,18-24,Gold,False,1,True,18,69.94
6234,2023-06-01,2023,Referral,North,25-34,Silver,True,19,False,118,59.74
6235,2023-06-01,2023,Online,London,25-34,Classic,False,19,False,0,69.94
6236,2023-06-01,2023,Branch,South East,55-64,Gold,True,19,False,168,152.18
6237,2023-06-01,2023,Branch,South East,35-44,Silver,False,11,True,121,152.18
6238,2023-06-01,2023,Comparison Site,North,35-44,Silver,True,7,True,11,39.79
6239,2023-06-01,2023,Comparison Site,London,35-44,Silver,True,19,False,66,39.79
6240,2023-06-01,2023,Branch,South East,55-64,Silver,False,19,False,121,152.18
6241,2023-06-01,2023,Comparison Site,Midlands,35-44,Gold,True,14,True,94,39.79
6242,2023-06-01,2023,Online,London,18-24,Silver,False,1,True,11,69.94
6243,2023-06-01,2023,Referral,London,25-34,Platinum,False,10,True,280,59.74
6244,2023-06-01,2023,Comparison Site,Midlands,35-44,Classic,False,1,True,0,39.79
6245,2023-06-01,2023,Comparison Site,Midlands,18-24,Classic,False,19,False,0,39.79
6246,2023-06-01,2023,Comparison Site,South East,25-34,Silver,False,2,True,22,39.79
6247,2023-06-01,2023,Comparison Site,North,25-34,Classic,False,19,False,0,39.79
6248,2023-06-01,2023,Online,London,25-34,Gold,True,19,False,108,69.94
6249,2023-06-01,2023,Branch,North,45-54,Gold,False,19,False,216,152.18
6250,2023-06-01,2023,Branch,London,25-34,Platinum,False,13,True,336,152.18
6251,2023-06-01,2023,Comparison Site,South East,45-54,Silver,False,19,False,132,39.79
6252,2023-06-01,2023,Broker/IFA,Scotland,25-34,Gold,False,19,False,146,199.2
6253,2023-06-01,2023,Online,Wales & NI,35-44,Silver,False,19,False,132,69.94
6254,2023-06-01,2023,Comparison Site,Midlands,18-24,Classic,True,2,True,0,39.79
6255,2023-06-01,2023,Online,North,25-34,Gold,False,18,True,216,69.94
6256,2023-06-01,2023,Online,Scotland,35-44,Gold,True,19,False,108,69.94
6257,2023-06-01,2023,Outbound,London,35-44,Gold,False,19,False,153,121.95
6258,2023-06-01,2023,Outbound,South East,25-34,Gold,False,19,False,216,121.95
6259,2023-06-01,2023,Online,Scotland,55-64,Silver,False,19,False,132,69.94
6260,2023-06-01,2023,Referral,London,25-34,Silver,False,4,True,44,59.74
6261,2023-06-01,2023,Comparison Site,North,55-64,Silver,True,19,False,108,39.79
6262,2023-06-01,2023,Referral,South East,55-64,Platinum,False,19,False,336,59.74
6263,2023-06-01,2023,Branch,North,18-24,Gold,True,19,False,138,152.18
6264,2023-06-01,2023,Online,South East,25-34,Silver,True,12,True,66,69.94
6265,2023-06-01,2023,Comparison Site,Midlands,18-24,Silver,False,1,True,11,39.79
6266,2023-06-01,2023,Online,Scotland,55-64,Silver,False,19,False,132,69.94
6267,2023-06-01,2023,Comparison Site,South East,25-34,Silver,True,19,False,108,39.79
6268,2023-06-01,2023,Comparison Site,Scotland,25-34,Classic,False,19,False,0,39.79
6269,2023-06-01,2023,Referral,London,55-64,Gold,False,6,True,108,59.74
6270,2023-06-01,2023,Online,Midlands,35-44,Platinum,False,7,True,196,69.94
6271,2023-06-01,2023,Online,Wales & NI,45-54,Silver,False,15,True,132,69.94
6272,2023-06-01,2023,Branch,North,25-34,Classic,False,19,False,40,152.18
6273,2023-06-01,2023,Online,Midlands,25-34,Silver,False,19,False,132,69.94
6274,2023-06-01,2023,Comparison Site,London,18-24,Silver,True,7,True,11,39.79
6275,2023-06-01,2023,Online,Midlands,35-44,Silver,False,19,False,132,69.94
6276,2023-06-01,2023,Comparison Site,Midlands,45-54,Classic,True,12,True,0,39.79
6277,2023-06-01,2023,Comparison Site,Scotland,55-64,Gold,True,7,True,18,39.79
6278,2023-06-01,2023,Referral,South East,35-44,Platinum,False,19,False,336,59.74
6279,2023-06-01,2023,Outbound,Midlands,18-24,Gold,True,19,False,108,121.95
6280,2023-06-01,2023,Online,South East,25-34,Classic,False,19,False,0,69.94
6281,2023-06-01,2023,Branch,Midlands,18-24,Gold,True,19,False,108,152.18
6282,2023-06-01,2023,Online,London,45-54,Silver,False,9,True,99,69.94
6283,2023-06-01,2023,Broker/IFA,Scotland,25-34,Silver,False,19,False,132,199.2
6284,2023-06-01,2023,Online,Midlands,35-44,Platinum,True,19,False,168,69.94
6285,2023-06-01,2023,Online,North,55-64,Platinum,False,19,False,336,69.94
6286,2023-06-01,2023,Online,Scotland,45-54,Gold,False,19,False,146,69.94
6287,2023-06-01,2023,Online,London,18-24,Classic,False,16,True,0,69.94
6288,2023-06-01,2023,Referral,London,35-44,Gold,True,19,False,108,59.74
6289,2023-06-01,2023,Branch,Midlands,25-34,Classic,False,2,True,0,152.18
6290,2023-06-01,2023,Comparison Site,Midlands,25-34,Classic,True,13,True,0,39.79
6291,2023-06-01,2023,Outbound,Midlands,25-34,Classic,True,5,True,0,121.95
6292,2023-06-01,2023,Referral,North,35-44,Silver,True,19,False,66,59.74
6293,2023-06-01,2023,Online,Midlands,35-44,Platinum,False,19,False,336,69.94
6294,2023-06-01,2023,Online,Wales & NI,25-34,Classic,True,1,True,0,69.94
6295,2023-06-01,2023,Online,London,45-54,Gold,True,19,False,108,69.94
6296,2023-06-01,2023,Comparison Site,North,25-34,Classic,False,4,True,0,39.79
6297,2023-06-01,2023,Online,South East,55-64,Silver,True,19,False,94,69.94
6298,2023-06-01,2023,Branch,London,35-44,Classic,False,19,False,11,152.18
6299,2023-06-01,2023,Online,London,18-24,Silver,True,14,True,101,69.94
6300,2023-06-01,2023,Online,Midlands,55-64,Classic,False,19,False,0,69.94
6301,2023-06-01,2023,Online,Midlands,25-34,Silver,False,19,False,132,69.94
6302,2023-06-01,2023,Online,South East,65+,Silver,False,3,True,33,69.94
6303,2023-06-01,2023,Outbound,North,65+,Silver,True,17,True,33,121.95
6304,2023-06-01,2023,Online,North,25-34,Classic,True,19,False,0,69.94
6305,2023-06-01,2023,Online,London,55-64,Gold,False,9,True,162,69.94
6306,2023-06-01,2023,Referral,Midlands,35-44,Silver,False,9,True,106,59.74
6307,2023-06-01,2023,Online,South East,35-44,Silver,False,19,False,132,69.94
6308,2023-06-01,2023,Branch,London,65+,Platinum,False,19,False,336,152.18
6309,2023-06-01,2023,Referral,North,55-64,Silver,False,19,False,167,59.74
6310,2023-06-01,2023,Comparison Site,North,45-54,Gold,True,17,True,66,39.79
6311,2023-06-01,2023,Online,London,35-44,Classic,True,1,True,0,69.94
6312,2023-06-01,2023,Comparison Site,South East,25-34,Classic,False,19,False,66,39.79
6313,2023-06-01,2023,Outbound,Midlands,25-34,Platinum,False,19,False,316,121.95
6314,2023-06-01,2023,Broker/IFA,Midlands,35-44,Gold,False,1,True,18,199.2
6315,2023-06-01,2023,Branch,London,25-34,Silver,False,19,False,132,152.18
6316,2023-06-01,2023,Branch,Scotland,45-54,Silver,False,19,False,22,152.18
6317,2023-06-01,2023,Broker/IFA,South East,45-54,Platinum,False,19,False,336,199.2
6318,2023-06-01,2023,Referral,South East,25-34,Classic,False,19,False,99,59.74
6319,2023-06-01,2023,Online,South East,18-24,Classic,False,10,True,0,69.94
6320,2023-06-01,2023,Online,South East,45-54,Silver,False,5,True,55,69.94
6321,2023-06-01,2023,Online,South East,45-54,Classic,True,4,True,0,69.94
6322,2023-06-01,2023,Broker/IFA,South East,35-44,Gold,False,19,False,216,199.2
6323,2023-06-01,2023,Online,South East,45-54,Gold,False,19,False,202,69.94
6324,2023-06-01,2023,Online,Scotland,45-54,Gold,False,8,True,144,69.94
6325,2023-06-01,2023,Broker/IFA,London,18-24,Platinum,False,19,False,336,199.2
6326,2023-06-01,2023,Referral,Midlands,55-64,Platinum,False,19,False,336,59.74
6327,2023-06-01,2023,Outbound,North,18-24,Silver,False,10,True,110,121.95
6328,2023-06-01,2023,Online,Scotland,25-34,Classic,False,19,False,0,69.94
6329,2023-06-01,2023,Comparison Site,North,65+,Classic,True,5,True,0,39.79
6330,2023-06-01,2023,Online,Midlands,25-34,Silver,False,19,False,121,69.94
6331,2023-06-01,2023,Online,London,35-44,Gold,False,19,False,216,69.94
6332,2023-06-01,2023,Comparison Site,Scotland,65+,Gold,False,19,False,216,39.79
6333,2023-06-01,2023,Branch,South East,35-44,Classic,False,14,True,101,152.18
6334,2023-06-01,2023,Online,London,18-24,Silver,True,5,True,0,69.94
6335,2023-06-01,2023,Online,London,35-44,Classic,True,7,True,11,69.94
6336,2023-06-01,2023,Outbound,London,55-64,Gold,True,1,True,0,121.95
6337,2023-06-01,2023,Online,South East,45-54,Silver,False,19,False,174,69.94
6338,2023-06-01,2023,Comparison Site,London,45-54,Classic,False,5,True,0,39.79
6339,2023-06-01,2023,Online,North,35-44,Classic,True,7,True,0,69.94
6340,2023-06-01,2023,Online,North,35-44,Silver,False,6,True,66,69.94
6341,2023-06-01,2023,Online,Midlands,65+,Classic,False,8,True,0,69.94
6342,2023-06-01,2023,Outbound,South East,45-54,Silver,True,19,False,33,121.95
6343,2023-06-01,2023,Comparison Site,North,25-34,Silver,False,13,True,66,39.79
6344,2023-06-01,2023,Online,London,55-64,Classic,True,19,False,0,69.94
6345,2023-06-01,2023,Comparison Site,South East,35-44,Platinum,False,9,True,252,39.79
6346,2023-06-01,2023,Online,London,35-44,Gold,True,19,False,108,69.94
6347,2023-06-01,2023,Online,Scotland,18-24,Classic,False,19,False,22,69.94
6348,2023-06-01,2023,Online,London,65+,Gold,False,19,False,216,69.94
6349,2023-06-01,2023,Branch,South East,45-54,Classic,False,19,False,0,152.18
6350,2023-06-01,2023,Comparison Site,South East,25-34,Silver,True,10,True,44,39.79
6351,2023-06-01,2023,Outbound,Scotland,25-34,Silver,True,6,True,0,121.95
6352,2023-06-01,2023,Online,North,35-44,Gold,True,4,True,0,69.94
6353,2023-06-01,2023,Comparison Site,South East,35-44,Classic,True,1,True,0,39.79
6354,2023-06-01,2023,Comparison Site,Wales & NI,18-24,Classic,False,19,False,0,39.79
6355,2023-06-01,2023,Online,London,18-24,Gold,False,16,True,216,69.94
6356,2023-06-01,2023,Broker/IFA,Scotland,25-34,Gold,True,19,False,108,199.2
6357,2023-06-01,2023,Comparison Site,Midlands,65+,Silver,True,5,True,0,39.79
6358,2023-06-01,2023,Comparison Site,Midlands,55-64,Silver,True,14,True,66,39.79
6359,2023-06-01,2023,Branch,South East,35-44,Platinum,False,19,False,316,152.18
6360,2023-06-01,2023,Online,Midlands,35-44,Gold,False,19,False,216,69.94
6361,2023-06-01,2023,Referral,London,45-54,Silver,False,15,True,132,59.74
6362,2023-06-01,2023,Online,London,18-24,Classic,False,13,True,0,69.94
6363,2023-06-01,2023,Online,London,45-54,Gold,False,10,True,180,69.94
6364,2023-06-01,2023,Comparison Site,London,55-64,Silver,False,10,True,88,39.79
6365,2023-06-01,2023,Branch,Scotland,55-64,Classic,False,2,True,0,152.18
6366,2023-06-01,2023,Comparison Site,South East,25-34,Silver,False,19,False,132,39.79
6367,2023-06-01,2023,Comparison Site,Scotland,18-24,Classic,True,19,False,0,39.79
6368,2023-06-01,2023,Broker/IFA,London,35-44,Platinum,False,19,False,336,199.2
6369,2023-06-01,2023,Online,Midlands,45-54,Silver,True,14,True,73,69.94
6370,2023-06-01,2023,Comparison Site,North,25-34,Gold,True,19,False,66,39.79
6371,2023-06-01,2023,Referral,South East,35-44,Gold,False,19,False,216,59.74
6372,2023-06-01,2023,Referral,Wales & NI,25-34,Gold,False,19,False,216,59.74
6373,2023-06-01,2023,Broker/IFA,North,45-54,Silver,False,19,False,181,199.2
6374,2023-06-01,2023,Comparison Site,London,18-24,Silver,True,1,True,0,39.79
6375,2023-06-01,2023,Comparison Site,London,18-24,Silver,False,19,False,146,39.79
6376,2023-06-01,2023,Comparison Site,London,35-44,Silver,False,19,False,132,39.79
6377,2023-06-01,2023,Branch,Wales & NI,35-44,Classic,False,8,True,0,152.18
6378,2023-06-01,2023,Online,South East,35-44,Gold,True,15,True,108,69.94
6379,2023-06-01,2023,Comparison Site,London,45-54,Classic,False,2,True,0,39.79
6380,2023-06-01,2023,Broker/IFA,Scotland,55-64,Gold,False,19,False,216,199.2
6381,2023-06-01,2023,Online,North,35-44,Classic,True,19,False,0,69.94
6382,2023-06-01,2023,Comparison Site,London,35-44,Classic,False,7,True,0,39.79
6383,2023-06-01,2023,Comparison Site,South East,55-64,Classic,True,6,True,0,39.79
6384,2023-06-01,2023,Online,South East,35-44,Silver,False,19,False,188,69.94
6385,2023-06-01,2023,Online,Wales & NI,18-24,Silver,False,14,True,132,69.94
6386,2023-06-01,2023,Comparison Site,North,55-64,Classic,True,1,True,0,39.79
6387,2023-06-01,2023,Outbound,Midlands,25-34,Classic,False,1,True,0,121.95
6388,2023-06-01,2023,Broker/IFA,Wales & NI,25-34,Platinum,False,10,True,220,199.2
6389,2023-06-01,2023,Referral,North,65+,Platinum,False,19,False,336,59.74
6390,2023-06-01,2023,Branch,London,65+,Silver,False,6,True,66,152.18
6391,2023-06-01,2023,Outbound,North,35-44,Classic,True,13,True,0,121.95
6392,2023-06-01,2023,Referral,Midlands,35-44,Platinum,False,19,False,286,59.74
6393,2023-06-01,2023,Comparison Site,Wales & NI,45-54,Silver,True,3,True,0,39.79
6394,2023-06-01,2023,Online,Midlands,45-54,Silver,False,19,False,132,69.94
6395,2023-06-01,2023,Online,North,55-64,Silver,True,2,True,0,69.94
6396,2023-06-01,2023,Referral,North,25-34,Gold,True,1,True,0,59.74
6397,2023-06-01,2023,Comparison Site,London,55-64,Classic,True,13,True,0,39.79
6398,2023-06-01,2023,Outbound,North,25-34,Silver,True,2,True,0,121.95
6399,2023-06-01,2023,Comparison Site,Midlands,65+,Silver,True,8,True,11,39.79
6400,2023-06-01,2023,Online,Wales & NI,45-54,Classic,False,6,True,0,69.94
6401,2023-06-01,2023,Comparison Site,Midlands,35-44,Platinum,False,19,False,336,39.79
6402,2023-06-01,2023,Comparison Site,North,55-64,Classic,True,1,True,0,39.79
6403,2023-06-01,2023,Referral,Midlands,18-24,Silver,False,19,False,139,59.74
6404,2023-06-01,2023,Outbound,London,35-44,Silver,False,15,True,132,121.95
6405,2023-06-01,2023,Branch,Wales & NI,25-34,Platinum,False,19,False,336,152.18
6406,2023-06-01,2023,Comparison Site,North,25-34,Silver,False,19,False,132,39.79
6407,2023-06-01,2023,Outbound,Scotland,45-54,Silver,True,14,True,108,121.95
6408,2023-06-01,2023,Online,Wales & NI,25-34,Gold,False,19,False,216,69.94
6409,2023-06-01,2023,Online,London,35-44,Silver,True,19,False,0,69.94
6410,2023-06-01,2023,Comparison Site,North,18-24,Silver,False,1,True,11,39.79
6411,2023-06-01,2023,Online,Midlands,25-34,Classic,False,13,True,0,69.94
6412,2023-06-01,2023,Referral,London,45-54,Silver,False,1,True,11,59.74
6413,2023-06-01,2023,Branch,South East,18-24,Gold,False,19,False,216,152.18
6414,2023-06-01,2023,Comparison Site,South East,18-24,Silver,True,5,True,0,39.79
6415,2023-06-01,2023,Comparison Site,Midlands,25-34,Silver,True,13,True,66,39.79
6416,2023-06-01,2023,Online,London,35-44,Silver,False,19,False,132,69.94
6417,2023-06-01,2023,Outbound,North,25-34,Silver,False,12,True,132,121.95
6418,2023-06-01,2023,Comparison Site,Midlands,25-34,Classic,True,12,True,0,39.79
6419,2023-06-01,2023,Referral,London,18-24,Classic,True,12,True,0,59.74
6420,2023-06-01,2023,Outbound,London,25-34,Classic,True,19,False,0,121.95
6421,2023-06-01,2023,Referral,Midlands,25-34,Gold,False,19,False,216,59.74
6422,2023-06-01,2023,Branch,South East,25-34,Silver,False,19,False,132,152.18
6423,2023-06-01,2023,Comparison Site,London,35-44,Classic,True,3,True,0,39.79
6424,2023-06-01,2023,Branch,London,25-34,Platinum,False,19,False,336,152.18
6425,2023-06-01,2023,Broker/IFA,London,25-34,Platinum,False,19,False,296,199.2
6426,2023-06-01,2023,Online,London,45-54,Gold,True,19,False,108,69.94
6427,2023-06-01,2023,Comparison Site,South East,25-34,Silver,False,5,True,55,39.79
6428,2023-06-01,2023,Comparison Site,Scotland,18-24,Classic,False,3,True,0,39.79
6429,2023-06-01,2023,Broker/IFA,Scotland,25-34,Silver,False,19,False,238,199.2
6430,2023-06-01,2023,Referral,South East,35-44,Gold,False,19,False,216,59.74
6431,2023-06-01,2023,Broker/IFA,South East,25-34,Platinum,False,19,False,336,199.2
6432,2023-06-01,2023,Branch,London,18-24,Silver,False,19,False,195,152.18
6433,2023-06-01,2023,Comparison Site,North,65+,Classic,True,7,True,0,39.79
6434,2023-06-01,2023,Outbound,Scotland,45-54,Silver,True,15,True,66,121.95
6435,2023-06-01,2023,Referral,Midlands,45-54,Gold,False,19,False,276,59.74
6436,2023-06-01,2023,Online,London,25-34,Silver,False,5,True,55,69.94
6437,2023-06-01,2023,Online,London,45-54,Gold,True,19,False,108,69.94
6438,2023-06-01,2023,Online,Midlands,25-34,Silver,True,19,False,66,69.94
6439,2023-06-01,2023,Comparison Site,South East,35-44,Silver,False,2,True,22,39.79
6440,2023-06-01,2023,Referral,Wales & NI,35-44,Platinum,False,17,True,256,59.74
6441,2023-06-01,2023,Branch,South East,25-34,Classic,False,19,False,0,152.18
6442,2023-06-01,2023,Branch,London,65+,Classic,False,19,False,236,152.18
6443,2023-06-01,2023,Branch,Midlands,25-34,Classic,True,19,False,87,152.18
6444,2023-06-01,2023,Online,North,35-44,Silver,True,19,False,108,69.94
6445,2023-06-01,2023,Outbound,South East,18-24,Silver,False,19,False,202,121.95
6446,2023-06-01,2023,Online,North,25-34,Silver,False,10,True,88,69.94
6447,2023-06-01,2023,Online,South East,55-64,Silver,False,19,False,132,69.94
6448,2023-06-01,2023,Branch,South East,25-34,Gold,False,19,False,236,152.18
6449,2023-06-01,2023,Branch,London,25-34,Gold,False,2,True,36,152.18
6450,2023-06-01,2023,Referral,London,25-34,Classic,False,19,False,110,59.74
6451,2023-06-01,2023,Comparison Site,North,25-34,Silver,True,19,False,66,39.79
6452,2023-06-01,2023,Online,South East,35-44,Gold,False,19,False,216,69.94
6453,2023-06-01,2023,Referral,South East,35-44,Gold,False,19,False,316,59.74
6454,2023-06-01,2023,Comparison Site,South East,55-64,Silver,True,19,False,108,39.79
6455,2023-06-01,2023,Outbound,South East,25-34,Classic,True,19,False,0,121.95
6456,2023-06-01,2023,Referral,Midlands,25-34,Platinum,False,15,True,336,59.74
6457,2023-07-01,2023,Online,South East,35-44,Silver,False,6,True,66,69.94
6458,2023-07-01,2023,Comparison Site,London,45-54,Silver,True,18,False,66,39.79
6459,2023-07-01,2023,Branch,Midlands,25-34,Platinum,True,18,False,148,152.18
6460,2023-07-01,2023,Online,Scotland,25-34,Classic,False,11,True,0,69.94
6461,2023-07-01,2023,Comparison Site,London,65+,Silver,True,10,True,11,39.79
6462,2023-07-01,2023,Outbound,North,35-44,Silver,True,3,True,0,121.95
6463,2023-07-01,2023,Online,North,45-54,Silver,True,18,False,66,69.94
6464,2023-07-01,2023,Online,Wales & NI,35-44,Silver,False,18,False,132,69.94
6465,2023-07-01,2023,Comparison Site,London,45-54,Classic,True,6,True,0,39.79
6466,2023-07-01,2023,Referral,South East,55-64,Silver,False,18,False,153,59.74
6467,2023-07-01,2023,Comparison Site,North,35-44,Classic,True,18,False,66,39.79
6468,2023-07-01,2023,Outbound,South East,45-54,Silver,False,13,True,289,121.95
6469,2023-07-01,2023,Branch,Midlands,65+,Silver,False,18,False,146,152.18
6470,2023-07-01,2023,Comparison Site,North,35-44,Classic,True,2,True,0,39.79
6471,2023-07-01,2023,Online,Midlands,18-24,Classic,False,18,False,0,69.94
6472,2023-07-01,2023,Comparison Site,South East,18-24,Gold,True,7,True,18,39.79
6473,2023-07-01,2023,Comparison Site,London,35-44,Gold,True,18,False,108,39.79
6474,2023-07-01,2023,Branch,Midlands,45-54,Classic,True,18,False,66,152.18
6475,2023-07-01,2023,Broker/IFA,Midlands,35-44,Platinum,False,18,False,336,199.2
6476,2023-07-01,2023,Comparison Site,Midlands,35-44,Classic,False,3,True,0,39.79
6477,2023-07-01,2023,Comparison Site,Wales & NI,35-44,Classic,True,5,True,0,39.79
6478,2023-07-01,2023,Branch,Midlands,18-24,Classic,False,1,True,0,152.18
6479,2023-07-01,2023,Online,London,25-34,Silver,True,18,False,66,69.94
6480,2023-07-01,2023,Comparison Site,North,25-34,Classic,True,18,False,0,39.79
6481,2023-07-01,2023,Comparison Site,Scotland,25-34,Silver,False,16,True,132,39.79
6482,2023-07-01,2023,Broker/IFA,Midlands,35-44,Silver,False,14,True,132,199.2
6483,2023-07-01,2023,Online,Wales & NI,18-24,Classic,True,2,True,0,69.94
6484,2023-07-01,2023,Broker/IFA,Wales & NI,65+,Platinum,False,18,False,336,199.2
6485,2023-07-01,2023,Online,Wales & NI,65+,Classic,False,14,True,0,69.94
6486,2023-07-01,2023,Online,North,65+,Classic,False,16,True,0,69.94
6487,2023-07-01,2023,Broker/IFA,North,35-44,Silver,False,5,True,55,199.2
6488,2023-07-01,2023,Comparison Site,Midlands,18-24,Classic,True,18,False,55,39.79
6489,2023-07-01,2023,Comparison Site,North,18-24,Classic,True,10,True,0,39.79
6490,2023-07-01,2023,Online,Midlands,35-44,Silver,True,5,True,0,69.94
6491,2023-07-01,2023,Broker/IFA,North,25-34,Gold,False,10,True,270,199.2
6492,2023-07-01,2023,Branch,South East,25-34,Classic,True,18,False,55,152.18
6493,2023-07-01,2023,Online,Midlands,25-34,Silver,True,18,False,108,69.94
6494,2023-07-01,2023,Outbound,Scotland,18-24,Gold,True,18,False,108,121.95
6495,2023-07-01,2023,Broker/IFA,Midlands,65+,Platinum,False,18,False,336,199.2
6496,2023-07-01,2023,Comparison Site,London,25-34,Silver,True,7,True,11,39.79
6497,2023-07-01,2023,Comparison Site,Midlands,45-54,Classic,False,2,True,0,39.79
6498,2023-07-01,2023,Online,Midlands,18-24,Classic,False,12,True,0,69.94
6499,2023-07-01,2023,Comparison Site,London,35-44,Silver,False,1,True,11,39.79
6500,2023-07-01,2023,Referral,North,35-44,Gold,False,12,True,216,59.74
6501,2023-07-01,2023,Comparison Site,North,18-24,Classic,True,4,True,0,39.79
6502,2023-07-01,2023,Branch,Wales & NI,25-34,Classic,False,18,False,0,152.18
6503,2023-07-01,2023,Branch,South East,35-44,Platinum,False,18,False,336,152.18
6504,2023-07-01,2023,Branch,Wales & NI,45-54,Classic,False,7,True,0,152.18
6505,2023-07-01,2023,Branch,Wales & NI,25-34,Classic,False,18,False,58,152.18
6506,2023-07-01,2023,Comparison Site,Scotland,25-34,Classic,True,18,False,0,39.79
6507,2023-07-01,2023,Outbound,North,25-34,Classic,True,12,True,0,121.95
6508,2023-07-01,2023,Online,North,35-44,Classic,False,10,True,0,69.94
6509,2023-07-01,2023,Comparison Site,South East,55-64,Classic,False,9,True,0,39.79
6510,2023-07-01,2023,Branch,Midlands,65+,Gold,False,10,True,159,152.18
6511,2023-07-01,2023,Online,London,35-44,Gold,False,18,False,216,69.94
6512,2023-07-01,2023,Comparison Site,London,18-24,Gold,True,18,False,108,39.79
6513,2023-07-01,2023,Comparison Site,Midlands,55-64,Classic,False,1,True,0,39.79
6514,2023-07-01,2023,Referral,Scotland,55-64,Platinum,False,18,False,306,59.74
6515,2023-07-01,2023,Outbound,London,35-44,Classic,True,18,False,0,121.95
6516,2023-07-01,2023,Broker/IFA,London,65+,Classic,False,5,True,33,199.2
6517,2023-07-01,2023,Branch,London,55-64,Silver,False,3,True,33,152.18
6518,2023-07-01,2023,Broker/IFA,London,65+,Platinum,False,18,False,336,199.2
6519,2023-07-01,2023,Outbound,London,65+,Silver,False,17,True,33,121.95
6520,2023-07-01,2023,Referral,North,35-44,Gold,False,15,True,246,59.74
6521,2023-07-01,2023,Outbound,South East,65+,Silver,False,2,True,22,121.95
6522,2023-07-01,2023,Online,Midlands,25-34,Gold,True,15,True,168,69.94
6523,2023-07-01,2023,Referral,Scotland,55-64,Silver,False,18,False,282,59.74
6524,2023-07-01,2023,Branch,South East,45-54,Silver,True,18,False,76,152.18
6525,2023-07-01,2023,Online,Midlands,18-24,Platinum,False,18,False,336,69.94
6526,2023-07-01,2023,Online,Midlands,45-54,Silver,True,18,False,11,69.94
6527,2023-07-01,2023,Referral,North,55-64,Gold,False,18,False,216,59.74
6528,2023-07-01,2023,Comparison Site,North,18-24,Silver,True,18,False,73,39.79
6529,2023-07-01,2023,Online,North,35-44,Gold,False,6,True,118,69.94
6530,2023-07-01,2023,Online,Wales & NI,25-34,Silver,False,18,False,225,69.94
6531,2023-07-01,2023,Outbound,Wales & NI,55-64,Silver,False,18,False,132,121.95
6532,2023-07-01,2023,Referral,South East,25-34,Silver,True,18,False,108,59.74
6533,2023-07-01,2023,Branch,Midlands,35-44,Gold,False,18,False,181,152.18
6534,2023-07-01,2023,Comparison Site,Midlands,65+,Silver,False,18,False,146,39.79
6535,2023-07-01,2023,Comparison Site,Wales & NI,25-34,Silver,True,18,False,66,39.79
6536,2023-07-01,2023,Branch,London,55-64,Platinum,False,18,False,336,152.18
6537,2023-07-01,2023,Branch,Wales & NI,45-54,Platinum,False,15,True,286,152.18
6538,2023-07-01,2023,Branch,Midlands,65+,Gold,False,18,False,127,152.18
6539,2023-07-01,2023,Online,London,45-54,Silver,True,18,False,128,69.94
6540,2023-07-01,2023,Comparison Site,South East,55-64,Classic,True,3,True,0,39.79
6541,2023-07-01,2023,Branch,London,35-44,Gold,False,18,False,256,152.18
6542,2023-07-01,2023,Online,London,45-54,Silver,False,18,False,58,69.94
6543,2023-07-01,2023,Referral,North,35-44,Platinum,False,18,False,276,59.74
6544,2023-07-01,2023,Comparison Site,Scotland,25-34,Classic,True,1,True,0,39.79
6545,2023-07-01,2023,Comparison Site,North,18-24,Classic,False,8,True,0,39.79
6546,2023-07-01,2023,Referral,Midlands,35-44,Silver,True,18,False,0,59.74
6547,2023-07-01,2023,Outbound,Scotland,25-34,Platinum,True,5,True,0,121.95
6548,2023-07-01,2023,Outbound,Wales & NI,18-24,Silver,True,8,True,22,121.95
6549,2023-07-01,2023,Online,North,18-24,Silver,False,18,False,132,69.94
6550,2023-07-01,2023,Comparison Site,London,35-44,Silver,True,2,True,0,39.79
6551,2023-07-01,2023,Online,South East,35-44,Silver,False,18,False,99,69.94
6552,2023-07-01,2023,Referral,North,45-54,Gold,False,18,False,216,59.74
6553,2023-07-01,2023,Online,London,55-64,Classic,False,18,False,33,69.94
6554,2023-07-01,2023,Broker/IFA,Midlands,45-54,Gold,False,4,True,72,199.2
6555,2023-07-01,2023,Online,London,45-54,Classic,True,18,False,58,69.94
6556,2023-07-01,2023,Comparison Site,Midlands,25-34,Classic,True,7,True,0,39.79
6557,2023-07-01,2023,Broker/IFA,London,18-24,Gold,False,14,True,216,199.2
6558,2023-07-01,2023,Broker/IFA,South East,45-54,Gold,False,4,True,102,199.2
6559,2023-07-01,2023,Comparison Site,North,45-54,Silver,True,18,False,80,39.79
6560,2023-07-01,2023,Comparison Site,North,55-64,Classic,True,2,True,0,39.79
6561,2023-07-01,2023,Online,North,25-34,Silver,True,18,False,0,69.94
6562,2023-07-01,2023,Broker/IFA,Scotland,45-54,Silver,False,18,False,152,199.2
6563,2023-07-01,2023,Comparison Site,London,45-54,Classic,True,13,True,33,39.79
6564,2023-07-01,2023,Comparison Site,North,18-24,Silver,True,11,True,55,39.79
6565,2023-07-01,2023,Comparison Site,London,35-44,Silver,True,18,False,66,39.79
6566,2023-07-01,2023,Comparison Site,London,55-64,Silver,True,7,True,0,39.79
6567,2023-07-01,2023,Online,London,65+,Classic,False,4,True,0,69.94
6568,2023-07-01,2023,Outbound,Wales & NI,25-34,Platinum,False,18,False,336,121.95
6569,2023-07-01,2023,Broker/IFA,Midlands,45-54,Silver,False,2,True,22,199.2
6570,2023-07-01,2023,Branch,South East,35-44,Classic,False,4,True,0,152.18
6571,2023-07-01,2023,Comparison Site,London,18-24,Silver,True,6,True,0,39.79
6572,2023-07-01,2023,Online,Midlands,45-54,Classic,False,10,True,0,69.94
6573,2023-07-01,2023,Outbound,Wales & NI,35-44,Gold,True,16,True,168,121.95
6574,2023-07-01,2023,Outbound,Midlands,25-34,Silver,False,2,True,22,121.95
6575,2023-07-01,2023,Comparison Site,North,18-24,Classic,True,4,True,0,39.79
6576,2023-07-01,2023,Referral,London,18-24,Platinum,False,18,False,316,59.74
6577,2023-07-01,2023,Online,North,55-64,Silver,True,18,False,33,69.94
6578,2023-07-01,2023,Branch,South East,25-34,Silver,True,18,False,66,152.18
6579,2023-07-01,2023,Online,Wales & NI,35-44,Gold,False,18,False,216,69.94
6580,2023-07-01,2023,Outbound,Midlands,35-44,Gold,False,8,True,184,121.95
6581,2023-07-01,2023,Outbound,Scotland,25-34,Gold,True,18,False,80,121.95
6582,2023-07-01,2023,Branch,Midlands,25-34,Silver,False,13,True,121,152.18
6583,2023-07-01,2023,Outbound,Scotland,25-34,Classic,True,11,True,0,121.95
6584,2023-07-01,2023,Online,London,45-54,Silver,False,18,False,132,69.94
6585,2023-07-01,2023,Comparison Site,South East,25-34,Silver,True,16,True,66,39.79
6586,2023-07-01,2023,Online,Midlands,35-44,Classic,False,18,False,130,69.94
6587,2023-07-01,2023,Online,Midlands,45-54,Classic,False,18,False,22,69.94
6588,2023-07-01,2023,Broker/IFA,Wales & NI,65+,Gold,False,18,False,266,199.2
6589,2023-07-01,2023,Comparison Site,South East,18-24,Classic,False,1,True,0,39.79
6590,2023-07-01,2023,Comparison Site,Midlands,45-54,Classic,True,18,False,66,39.79
6591,2023-07-01,2023,Branch,London,25-34,Gold,False,18,False,216,152.18
6592,2023-07-01,2023,Outbound,South East,25-34,Silver,False,17,True,110,121.95
6593,2023-07-01,2023,Branch,Wales & NI,25-34,Platinum,False,7,True,196,152.18
6594,2023-07-01,2023,Referral,London,25-34,Platinum,True,18,False,108,59.74
6595,2023-07-01,2023,Branch,Midlands,25-34,Silver,False,18,False,212,152.18
6596,2023-07-01,2023,Online,Scotland,18-24,Silver,True,18,False,66,69.94
6597,2023-07-01,2023,Outbound,South East,45-54,Gold,True,18,False,108,121.95
6598,2023-07-01,2023,Broker/IFA,South East,55-64,Platinum,False,18,False,336,199.2
6599,2023-07-01,2023,Outbound,Midlands,18-24,Classic,False,2,True,0,121.95
6600,2023-07-01,2023,Referral,South East,25-34,Silver,False,8,True,66,59.74
6601,2023-07-01,2023,Online,London,35-44,Classic,True,4,True,0,69.94
6602,2023-07-01,2023,Outbound,North,18-24,Classic,True,18,False,55,121.95
6603,2023-07-01,2023,Branch,Midlands,65+,Silver,False,18,False,132,152.18
6604,2023-07-01,2023,Online,South East,25-34,Classic,True,18,False,0,69.94
6605,2023-07-01,2023,Referral,Midlands,35-44,Silver,False,18,False,232,59.74
6606,2023-07-01,2023,Outbound,London,35-44,Gold,False,18,False,266,121.95
6607,2023-07-01,2023,Online,South East,45-54,Silver,True,18,False,73,69.94
6608,2023-07-01,2023,Online,Wales & NI,55-64,Silver,False,18,False,139,69.94
6609,2023-07-01,2023,Branch,South East,35-44,Gold,False,18,False,216,152.18
6610,2023-07-01,2023,Branch,North,18-24,Silver,False,18,False,132,152.18
6611,2023-07-01,2023,Broker/IFA,South East,55-64,Gold,True,18,False,108,199.2
6612,2023-07-01,2023,Outbound,Midlands,35-44,Classic,False,18,False,11,121.95
6613,2023-07-01,2023,Outbound,London,18-24,Platinum,False,8,True,154,121.95
6614,2023-07-01,2023,Referral,London,65+,Platinum,False,18,False,191,59.74
6615,2023-07-01,2023,Online,North,25-34,Classic,True,18,False,66,69.94
6616,2023-07-01,2023,Comparison Site,South East,35-44,Classic,False,1,True,0,39.79
6617,2023-07-01,2023,Comparison Site,South East,65+,Classic,True,1,True,0,39.79
6618,2023-07-01,2023,Online,Midlands,35-44,Classic,False,18,False,0,69.94
6619,2023-07-01,2023,Branch,Scotland,35-44,Silver,False,18,False,282,152.18
6620,2023-07-01,2023,Branch,North,55-64,Gold,False,18,False,216,152.18
6621,2023-07-01,2023,Referral,Midlands,55-64,Silver,False,18,False,132,59.74
6622,2023-07-01,2023,Online,London,55-64,Classic,False,5,True,0,69.94
6623,2023-07-01,2023,Online,South East,25-34,Classic,True,7,True,0,69.94
6624,2023-07-01,2023,Referral,Wales & NI,25-34,Classic,False,2,True,0,59.74
6625,2023-07-01,2023,Outbound,Scotland,65+,Silver,False,2,True,22,121.95
6626,2023-07-01,2023,Branch,Midlands,25-34,Gold,False,7,True,126,152.18
6627,2023-07-01,2023,Comparison Site,London,35-44,Gold,True,18,False,108,39.79
6628,2023-07-01,2023,Online,London,35-44,Silver,False,13,True,44,69.94
6629,2023-07-01,2023,Referral,Scotland,18-24,Silver,False,1,True,11,59.74
6630,2023-07-01,2023,Comparison Site,London,25-34,Classic,True,2,True,0,39.79
6631,2023-07-01,2023,Comparison Site,Midlands,35-44,Silver,True,4,True,0,39.79
6632,2023-07-01,2023,Online,North,18-24,Classic,False,18,False,66,69.94
6633,2023-07-01,2023,Online,North,25-34,Silver,False,15,True,132,69.94
6634,2023-07-01,2023,Outbound,London,25-34,Classic,False,1,True,0,121.95
6635,2023-07-01,2023,Comparison Site,North,18-24,Platinum,False,8,True,174,39.79
6636,2023-07-01,2023,Broker/IFA,Midlands,35-44,Gold,False,10,True,180,199.2
6637,2023-07-01,2023,Online,North,18-24,Silver,False,18,False,132,69.94
6638,2023-07-01,2023,Broker/IFA,London,65+,Gold,False,18,False,316,199.2
6639,2023-07-01,2023,Comparison Site,London,45-54,Classic,False,18,False,0,39.79
6640,2023-07-01,2023,Online,South East,18-24,Silver,False,1,True,11,69.94
6641,2023-07-01,2023,Referral,Midlands,25-34,Gold,False,18,False,276,59.74
6642,2023-07-01,2023,Online,London,65+,Silver,False,18,False,132,69.94
6643,2023-07-01,2023,Branch,Midlands,25-34,Classic,False,18,False,33,152.18
6644,2023-07-01,2023,Outbound,London,18-24,Silver,False,11,True,121,121.95
6645,2023-07-01,2023,Referral,South East,65+,Platinum,True,18,False,168,59.74
6646,2023-07-01,2023,Online,Midlands,25-34,Gold,False,1,True,18,69.94
6647,2023-07-01,2023,Online,North,35-44,Platinum,True,18,False,168,69.94
6648,2023-07-01,2023,Comparison Site,Midlands,35-44,Silver,True,18,False,66,39.79
6649,2023-07-01,2023,Online,London,55-64,Platinum,False,18,False,336,69.94
6650,2023-07-01,2023,Referral,South East,35-44,Classic,True,18,False,66,59.74
6651,2023-07-01,2023,Comparison Site,Midlands,25-34,Classic,True,1,True,0,39.79
6652,2023-07-01,2023,Branch,Midlands,35-44,Platinum,True,18,False,168,152.18
6653,2023-07-01,2023,Comparison Site,South East,35-44,Silver,False,18,False,202,39.79
6654,2023-07-01,2023,Online,Midlands,45-54,Silver,False,18,False,132,69.94
6655,2023-07-01,2023,Outbound,North,65+,Gold,False,6,True,108,121.95
6656,2023-07-01,2023,Comparison Site,London,45-54,Silver,False,12,True,132,39.79
6657,2023-07-01,2023,Comparison Site,London,35-44,Classic,False,2,True,0,39.79
6658,2023-07-01,2023,Outbound,North,65+,Silver,False,15,True,146,121.95
6659,2023-07-01,2023,Online,London,35-44,Silver,False,18,False,132,69.94
6660,2023-07-01,2023,Branch,North,35-44,Classic,False,18,False,0,152.18
6661,2023-07-01,2023,Branch,North,35-44,Silver,True,7,True,11,152.18
6662,2023-07-01,2023,Branch,North,35-44,Classic,False,18,False,121,152.18
6663,2023-07-01,2023,Comparison Site,North,35-44,Silver,True,18,False,108,39.79
6664,2023-07-01,2023,Branch,North,18-24,Classic,True,14,True,0,152.18
6665,2023-07-01,2023,Referral,London,35-44,Gold,False,18,False,216,59.74
6666,2023-07-01,2023,Outbound,Midlands,55-64,Silver,False,7,True,22,121.95
6667,2023-07-01,2023,Online,Wales & NI,45-54,Silver,True,1,True,0,69.94
6668,2023-07-01,2023,Outbound,Midlands,18-24,Classic,False,7,True,0,121.95
6669,2023-07-01,2023,Online,North,25-34,Classic,False,18,False,44,69.94
6670,2023-07-01,2023,Comparison Site,London,25-34,Silver,False,18,False,222,39.79
6671,2023-07-01,2023,Comparison Site,North,45-54,Classic,False,1,True,0,39.79
6672,2023-07-01,2023,Outbound,South East,55-64,Classic,False,18,False,0,121.95
6673,2023-07-01,2023,Outbound,London,55-64,Classic,False,18,False,0,121.95
6674,2023-07-01,2023,Comparison Site,South East,25-34,Classic,True,9,True,0,39.79
6675,2023-07-01,2023,Comparison Site,Wales & NI,25-34,Classic,True,7,True,0,39.79
6676,2023-07-01,2023,Branch,North,65+,Classic,False,18,False,55,152.18
6677,2023-07-01,2023,Online,Midlands,55-64,Gold,False,13,True,51,69.94
6678,2023-07-01,2023,Comparison Site,South East,25-34,Gold,True,18,False,108,39.79
6679,2023-07-01,2023,Referral,North,55-64,Silver,False,18,False,99,59.74
6680,2023-07-01,2023,Outbound,North,25-34,Classic,False,18,False,0,121.95
6681,2023-07-01,2023,Broker/IFA,South East,35-44,Gold,False,11,True,198,199.2
6682,2023-07-01,2023,Branch,Midlands,55-64,Platinum,False,18,False,336,152.18
6683,2023-07-01,2023,Comparison Site,Midlands,25-34,Silver,False,9,True,99,39.79
6684,2023-07-01,2023,Comparison Site,North,18-24,Classic,True,14,True,0,39.79
6685,2023-07-01,2023,Referral,North,45-54,Silver,True,18,False,66,59.74
6686,2023-07-01,2023,Outbound,London,45-54,Silver,True,7,True,11,121.95
6687,2023-07-01,2023,Referral,Scotland,45-54,Classic,False,18,False,106,59.74
6688,2023-07-01,2023,Referral,Midlands,25-34,Silver,False,18,False,174,59.74
6689,2023-07-01,2023,Comparison Site,London,18-24,Classic,True,2,True,0,39.79
6690,2023-07-01,2023,Comparison Site,South East,35-44,Classic,False,1,True,0,39.79
6691,2023-07-01,2023,Outbound,South East,25-34,Classic,True,18,False,11,121.95
6692,2023-07-01,2023,Online,Wales & NI,55-64,Silver,True,18,False,66,69.94
6693,2023-07-01,2023,Branch,London,55-64,Classic,True,18,False,0,152.18
6694,2023-07-01,2023,Comparison Site,Scotland,25-34,Silver,True,18,False,168,39.79
6695,2023-07-01,2023,Outbound,North,55-64,Classic,False,18,False,0,121.95
6696,2023-07-01,2023,Broker/IFA,South East,35-44,Gold,False,18,False,51,199.2
6697,2023-07-01,2023,Online,Scotland,55-64,Silver,True,4,True,0,69.94
6698,2023-07-01,2023,Outbound,London,55-64,Classic,False,8,True,0,121.95
6699,2023-07-01,2023,Comparison Site,South East,45-54,Classic,True,4,True,0,39.79
6700,2023-07-01,2023,Broker/IFA,North,35-44,Platinum,False,18,False,246,199.2
6701,2023-07-01,2023,Referral,Midlands,45-54,Gold,False,18,False,216,59.74
6702,2023-07-01,2023,Referral,South East,25-34,Classic,True,18,False,66,59.74
6703,2023-07-01,2023,Branch,South East,45-54,Classic,False,3,True,0,152.18
6704,2023-07-01,2023,Branch,South East,25-34,Gold,False,18,False,306,152.18
6705,2023-07-01,2023,Comparison Site,Midlands,18-24,Classic,True,2,True,0,39.79
6706,2023-07-01,2023,Branch,North,55-64,Platinum,False,18,False,286,152.18
6707,2023-07-01,2023,Online,North,25-34,Gold,True,17,True,108,69.94
6708,2023-07-01,2023,Comparison Site,South East,18-24,Classic,True,1,True,0,39.79
6709,2023-07-01,2023,Referral,London,35-44,Gold,True,18,False,108,59.74
6710,2023-07-01,2023,Comparison Site,Scotland,55-64,Silver,True,18,False,66,39.79
6711,2023-07-01,2023,Comparison Site,Midlands,55-64,Gold,True,18,False,108,39.79
6712,2023-07-01,2023,Comparison Site,London,35-44,Silver,True,10,True,51,39.79
6713,2023-07-01,2023,Referral,Midlands,55-64,Classic,False,18,False,110,59.74
6714,2023-07-01,2023,Online,North,45-54,Silver,False,18,False,265,69.94
6715,2023-07-01,2023,Comparison Site,Midlands,18-24,Silver,True,7,True,11,39.79
6716,2023-07-01,2023,Comparison Site,North,25-34,Gold,True,13,True,108,39.79
6717,2023-07-01,2023,Online,North,25-34,Classic,False,15,True,110,69.94
6718,2023-07-01,2023,Comparison Site,Midlands,55-64,Gold,False,18,False,216,39.79
6719,2023-07-01,2023,Online,Midlands,35-44,Classic,False,10,True,99,69.94
6720,2023-07-01,2023,Outbound,London,35-44,Silver,False,18,False,44,121.95
6721,2023-07-01,2023,Online,North,35-44,Classic,False,18,False,0,69.94
6722,2023-07-01,2023,Online,North,45-54,Platinum,False,18,False,336,69.94
6723,2023-07-01,2023,Comparison Site,Midlands,35-44,Classic,True,12,True,66,39.79
6724,2023-07-01,2023,Branch,London,18-24,Platinum,True,18,False,158,152.18
6725,2023-07-01,2023,Online,North,25-34,Silver,False,18,False,132,69.94
6726,2023-07-01,2023,Branch,South East,45-54,Gold,False,18,False,276,152.18
6727,2023-07-01,2023,Referral,South East,45-54,Silver,False,18,False,146,59.74
6728,2023-07-01,2023,Branch,North,25-34,Silver,False,1,True,11,152.18
6729,2023-07-01,2023,Online,London,65+,Gold,True,18,False,108,69.94
6730,2023-07-01,2023,Comparison Site,Scotland,35-44,Silver,False,18,False,66,39.79
6731,2023-07-01,2023,Online,Midlands,25-34,Classic,False,5,True,0,69.94
6732,2023-07-01,2023,Comparison Site,South East,25-34,Silver,False,9,True,99,39.79
6733,2023-07-01,2023,Referral,London,25-34,Classic,False,2,True,11,59.74
6734,2023-07-01,2023,Referral,South East,55-64,Gold,False,18,False,226,59.74
6735,2023-07-01,2023,Comparison Site,London,45-54,Classic,False,1,True,0,39.79
6736,2023-07-01,2023,Online,South East,45-54,Gold,False,8,True,144,69.94
6737,2023-07-01,2023,Broker/IFA,Midlands,25-34,Silver,False,18,False,106,199.2
6738,2023-07-01,2023,Online,Midlands,45-54,Classic,True,3,True,0,69.94
6739,2023-07-01,2023,Comparison Site,Scotland,18-24,Silver,False,12,True,202,39.79
6740,2023-07-01,2023,Comparison Site,Wales & NI,35-44,Silver,True,18,False,108,39.79
6741,2023-07-01,2023,Branch,Midlands,35-44,Gold,False,18,False,174,152.18
6742,2023-07-01,2023,Comparison Site,Scotland,18-24,Classic,True,3,True,0,39.79
6743,2023-07-01,2023,Comparison Site,London,35-44,Classic,True,3,True,0,39.79
6744,2023-07-01,2023,Comparison Site,North,35-44,Classic,False,18,False,0,39.79
6745,2023-07-01,2023,Referral,Midlands,35-44,Gold,True,18,False,108,59.74
6746,2023-07-01,2023,Comparison Site,Midlands,25-34,Silver,True,18,False,66,39.79
6747,2023-07-01,2023,Comparison Site,North,45-54,Silver,True,6,True,0,39.79
6748,2023-07-01,2023,Referral,Scotland,45-54,Classic,True,7,True,11,59.74
6749,2023-07-01,2023,Broker/IFA,North,25-34,Platinum,True,5,True,0,199.2
6750,2023-07-01,2023,Comparison Site,London,45-54,Silver,False,10,True,110,39.79
6751,2023-07-01,2023,Online,London,25-34,Classic,False,18,False,0,69.94
6752,2023-07-01,2023,Broker/IFA,Scotland,65+,Silver,False,18,False,132,199.2
6753,2023-07-01,2023,Branch,Midlands,35-44,Platinum,False,18,False,336,152.18
6754,2023-07-01,2023,Comparison Site,Scotland,55-64,Classic,False,14,True,0,39.79
6755,2023-07-01,2023,Comparison Site,London,45-54,Classic,True,7,True,11,39.79
6756,2023-07-01,2023,Online,Scotland,55-64,Classic,True,2,True,0,69.94
6757,2023-07-01,2023,Broker/IFA,London,25-34,Gold,False,18,False,216,199.2
6758,2023-07-01,2023,Branch,London,65+,Silver,False,18,False,174,152.18
6759,2023-07-01,2023,Comparison Site,South East,35-44,Gold,True,18,False,66,39.79
6760,2023-07-01,2023,Referral,Scotland,35-44,Silver,True,10,True,22,59.74
6761,2023-07-01,2023,Online,North,45-54,Classic,False,5,True,0,69.94
6762,2023-07-01,2023,Online,London,25-34,Silver,False,14,True,181,69.94
6763,2023-07-01,2023,Comparison Site,South East,25-34,Silver,True,7,True,11,39.79
6764,2023-07-01,2023,Comparison Site,Scotland,35-44,Classic,False,2,True,0,39.79
6765,2023-07-01,2023,Branch,London,55-64,Silver,True,18,False,101,152.18
6766,2023-07-01,2023,Online,London,18-24,Silver,False,2,True,22,69.94
6767,2023-07-01,2023,Comparison Site,Wales & NI,25-34,Classic,False,7,True,0,39.79
6768,2023-07-01,2023,Comparison Site,Scotland,65+,Gold,True,18,False,168,39.79
6769,2023-07-01,2023,Branch,Wales & NI,35-44,Gold,False,18,False,216,152.18
6770,2023-07-01,2023,Online,North,25-34,Classic,False,18,False,0,69.94
6771,2023-07-01,2023,Outbound,North,18-24,Gold,False,18,False,181,121.95
6772,2023-07-01,2023,Branch,London,18-24,Gold,False,18,False,226,152.18
6773,2023-07-01,2023,Comparison Site,Scotland,45-54,Platinum,False,18,False,336,39.79
6774,2023-07-01,2023,Comparison Site,Wales & NI,25-34,Classic,True,18,False,0,39.79
6775,2023-07-01,2023,Comparison Site,North,35-44,Classic,False,12,True,0,39.79
6776,2023-07-01,2023,Referral,Wales & NI,55-64,Gold,False,18,False,316,59.74
6777,2023-07-01,2023,Branch,Midlands,45-54,Platinum,False,18,False,336,152.18
6778,2023-07-01,2023,Referral,Midlands,45-54,Gold,False,18,False,306,59.74
6779,2023-07-01,2023,Online,North,35-44,Silver,False,18,False,153,69.94
6780,2023-07-01,2023,Broker/IFA,London,25-34,Gold,False,2,True,29,199.2
6781,2023-07-01,2023,Comparison Site,North,35-44,Classic,True,9,True,0,39.79
6782,2023-07-01,2023,Branch,Midlands,18-24,Platinum,False,18,False,336,152.18
6783,2023-07-01,2023,Online,Midlands,35-44,Silver,True,4,True,0,69.94
6784,2023-07-01,2023,Online,Midlands,35-44,Classic,False,18,False,0,69.94
6785,2023-07-01,2023,Branch,South East,25-34,Silver,False,18,False,202,152.18
6786,2023-07-01,2023,Online,South East,25-34,Classic,False,1,True,0,69.94
6787,2023-07-01,2023,Comparison Site,London,65+,Platinum,False,18,False,336,39.79
6788,2023-07-01,2023,Comparison Site,South East,55-64,Silver,True,18,False,66,39.79
6789,2023-07-01,2023,Online,South East,18-24,Classic,False,18,False,0,69.94
6790,2023-07-01,2023,Outbound,Scotland,25-34,Gold,False,18,False,216,121.95
6791,2023-07-01,2023,Outbound,London,25-34,Classic,False,4,True,0,121.95
6792,2023-07-01,2023,Online,Midlands,65+,Gold,False,2,True,46,69.94
6793,2023-07-01,2023,Branch,South East,35-44,Platinum,True,18,False,128,152.18
6794,2023-07-01,2023,Branch,Midlands,18-24,Gold,False,1,True,18,152.18
6795,2023-07-01,2023,Branch,Midlands,45-54,Gold,False,18,False,216,152.18
6796,2023-07-01,2023,Branch,London,55-64,Platinum,False,18,False,336,152.18
6797,2023-07-01,2023,Comparison Site,North,55-64,Silver,False,10,True,66,39.79
6798,2023-07-01,2023,Online,Wales & NI,65+,Classic,False,16,True,66,69.94
6799,2023-07-01,2023,Online,Midlands,55-64,Silver,True,18,False,66,69.94
6800,2023-07-01,2023,Comparison Site,South East,25-34,Classic,False,15,True,0,39.79
6801,2023-07-01,2023,Online,South East,35-44,Silver,False,18,False,174,69.94
6802,2023-07-01,2023,Referral,London,45-54,Gold,False,18,False,195,59.74
6803,2023-07-01,2023,Outbound,South East,55-64,Silver,True,2,True,0,121.95
6804,2023-07-01,2023,Outbound,Scotland,35-44,Classic,True,18,False,108,121.95
6805,2023-07-01,2023,Online,Midlands,25-34,Classic,True,7,True,11,69.94
6806,2023-07-01,2023,Outbound,London,45-54,Silver,True,9,True,22,121.95
6807,2023-07-01,2023,Comparison Site,South East,45-54,Gold,False,10,True,180,39.79
6808,2023-07-01,2023,Referral,Scotland,35-44,Silver,False,1,True,11,59.74
6809,2023-07-01,2023,Comparison Site,South East,25-34,Classic,True,17,True,0,39.79
6810,2023-07-01,2023,Outbound,London,35-44,Silver,False,5,True,55,121.95
6811,2023-07-01,2023,Comparison Site,North,25-34,Silver,True,1,True,0,39.79
6812,2023-07-01,2023,Comparison Site,North,45-54,Gold,True,7,True,11,39.79
6813,2023-07-01,2023,Outbound,North,25-34,Gold,True,18,False,108,121.95
6814,2023-07-01,2023,Branch,North,35-44,Silver,False,2,True,22,152.18
6815,2023-07-01,2023,Online,North,35-44,Gold,True,18,False,108,69.94
6816,2023-07-01,2023,Outbound,North,55-64,Gold,False,5,True,90,121.95
6817,2023-07-01,2023,Online,Scotland,55-64,Classic,True,10,True,0,69.94
6818,2023-07-01,2023,Online,South East,35-44,Classic,True,7,True,0,69.94
6819,2023-07-01,2023,Online,Midlands,55-64,Platinum,False,18,False,296,69.94
6820,2023-07-01,2023,Online,Midlands,65+,Silver,True,11,True,55,69.94
6821,2023-07-01,2023,Outbound,Wales & NI,35-44,Classic,False,15,True,0,121.95
6822,2023-07-01,2023,Branch,Midlands,45-54,Classic,False,15,True,77,152.18
6823,2023-07-01,2023,Online,London,35-44,Silver,False,18,False,242,69.94
6824,2023-07-01,2023,Comparison Site,South East,45-54,Classic,True,12,True,0,39.79
6825,2023-07-01,2023,Comparison Site,Scotland,35-44,Classic,True,3,True,0,39.79
6826,2023-07-01,2023,Online,London,55-64,Classic,False,1,True,0,69.94
6827,2023-07-01,2023,Online,Midlands,45-54,Silver,True,18,False,0,69.94
6828,2023-07-01,2023,Comparison Site,South East,25-34,Gold,True,9,True,54,39.79
6829,2023-07-01,2023,Branch,London,65+,Gold,True,18,False,108,152.18
6830,2023-07-01,2023,Branch,Wales & NI,55-64,Gold,False,18,False,216,152.18
6831,2023-07-01,2023,Comparison Site,North,55-64,Gold,True,18,False,108,39.79
6832,2023-07-01,2023,Comparison Site,North,45-54,Silver,True,18,False,66,39.79
6833,2023-07-01,2023,Online,South East,55-64,Gold,False,13,True,139,69.94
6834,2023-07-01,2023,Branch,London,55-64,Gold,False,15,True,153,152.18
6835,2023-07-01,2023,Outbound,North,18-24,Silver,False,12,True,209,121.95
6836,2023-07-01,2023,Outbound,Midlands,25-34,Silver,True,18,False,66,121.95
6837,2023-07-01,2023,Comparison Site,London,35-44,Classic,True,7,True,0,39.79
6838,2023-07-01,2023,Comparison Site,London,35-44,Classic,True,1,True,0,39.79
6839,2023-07-01,2023,Comparison Site,North,65+,Classic,True,18,False,22,39.79
6840,2023-07-01,2023,Outbound,Midlands,45-54,Silver,False,18,False,132,121.95
6841,2023-07-01,2023,Branch,Midlands,18-24,Platinum,False,18,False,336,152.18
6842,2023-07-01,2023,Broker/IFA,South East,35-44,Platinum,False,18,False,336,199.2
6843,2023-07-01,2023,Comparison Site,London,55-64,Classic,True,18,False,11,39.79
6844,2023-07-01,2023,Comparison Site,Midlands,45-54,Classic,True,4,True,0,39.79
6845,2023-07-01,2023,Comparison Site,South East,25-34,Classic,False,1,True,0,39.79
6846,2023-07-01,2023,Branch,Midlands,25-34,Silver,True,1,True,0,152.18
6847,2023-07-01,2023,Branch,Wales & NI,25-34,Gold,False,18,False,216,152.18
6848,2023-07-01,2023,Outbound,North,18-24,Silver,True,3,True,0,121.95
6849,2023-07-01,2023,Comparison Site,South East,18-24,Classic,False,15,True,0,39.79
6850,2023-07-01,2023,Comparison Site,London,35-44,Silver,True,1,True,0,39.79
6851,2023-07-01,2023,Comparison Site,North,25-34,Silver,True,18,False,66,39.79
6852,2023-07-01,2023,Referral,South East,25-34,Platinum,False,10,True,270,59.74
6853,2023-07-01,2023,Branch,South East,25-34,Gold,False,18,False,276,152.18
6854,2023-07-01,2023,Online,Scotland,25-34,Silver,True,18,False,22,69.94
6855,2023-07-01,2023,Online,Scotland,45-54,Classic,False,2,True,0,69.94
6856,2023-07-01,2023,Online,London,25-34,Classic,True,18,False,0,69.94
6857,2023-07-01,2023,Comparison Site,South East,18-24,Silver,False,18,False,202,39.79
6858,2023-07-01,2023,Comparison Site,London,35-44,Classic,False,4,True,0,39.79
6859,2023-07-01,2023,Comparison Site,North,25-34,Silver,False,1,True,11,39.79
6860,2023-08-01,2023,Outbound,North,45-54,Gold,True,17,False,108,121.95
6861,2023-08-01,2023,Comparison Site,North,25-34,Classic,True,2,True,0,39.79
6862,2023-08-01,2023,Online,London,55-64,Classic,True,15,True,0,69.94
6863,2023-08-01,2023,Comparison Site,South East,35-44,Classic,False,17,False,0,39.79
6864,2023-08-01,2023,Branch,South East,25-34,Platinum,False,17,False,336,152.18
6865,2023-08-01,2023,Comparison Site,London,18-24,Classic,True,2,True,0,39.79
6866,2023-08-01,2023,Referral,North,25-34,Silver,False,17,False,202,59.74
6867,2023-08-01,2023,Referral,Scotland,18-24,Platinum,False,17,False,336,59.74
6868,2023-08-01,2023,Referral,Midlands,45-54,Gold,False,17,False,266,59.74
6869,2023-08-01,2023,Referral,North,35-44,Classic,False,17,False,33,59.74
6870,2023-08-01,2023,Online,South East,35-44,Silver,False,16,True,132,69.94
6871,2023-08-01,2023,Online,Midlands,45-54,Silver,False,7,True,77,69.94
6872,2023-08-01,2023,Broker/IFA,South East,45-54,Classic,False,11,True,0,199.2
6873,2023-08-01,2023,Branch,London,25-34,Gold,False,17,False,181,152.18
6874,2023-08-01,2023,Branch,North,65+,Platinum,True,17,False,168,152.18
6875,2023-08-01,2023,Comparison Site,South East,25-34,Gold,True,13,True,108,39.79
6876,2023-08-01,2023,Broker/IFA,South East,65+,Silver,True,17,False,73,199.2
6877,2023-08-01,2023,Comparison Site,South East,55-64,Silver,False,17,False,132,39.79
6878,2023-08-01,2023,Comparison Site,Midlands,45-54,Silver,False,15,True,77,39.79
6879,2023-08-01,2023,Comparison Site,South East,25-34,Silver,True,17,False,66,39.79
6880,2023-08-01,2023,Referral,North,35-44,Gold,False,17,False,216,59.74
6881,2023-08-01,2023,Branch,Wales & NI,35-44,Gold,False,17,False,296,152.18
6882,2023-08-01,2023,Referral,London,25-34,Gold,False,17,False,316,59.74
6883,2023-08-01,2023,Online,London,35-44,Silver,False,17,False,235,69.94
6884,2023-08-01,2023,Comparison Site,Midlands,45-54,Classic,True,1,True,0,39.79
6885,2023-08-01,2023,Online,London,25-34,Silver,False,15,True,33,69.94
6886,2023-08-01,2023,Online,London,55-64,Silver,False,17,False,132,69.94
6887,2023-08-01,2023,Branch,Midlands,35-44,Silver,False,4,True,44,152.18
6888,2023-08-01,2023,Online,Midlands,35-44,Classic,True,5,True,0,69.94
6889,2023-08-01,2023,Outbound,Scotland,35-44,Classic,False,13,True,121,121.95
6890,2023-08-01,2023,Referral,North,25-34,Gold,False,17,False,216,59.74
6891,2023-08-01,2023,Branch,Scotland,25-34,Silver,False,17,False,209,152.18
6892,2023-08-01,2023,Comparison Site,North,45-54,Silver,False,17,False,99,39.79
6893,2023-08-01,2023,Online,Wales & NI,45-54,Silver,False,15,True,202,69.94
6894,2023-08-01,2023,Referral,South East,35-44,Classic,False,17,False,156,59.74
6895,2023-08-01,2023,Online,London,65+,Silver,True,5,True,0,69.94
6896,2023-08-01,2023,Referral,North,55-64,Silver,True,15,True,66,59.74
6897,2023-08-01,2023,Branch,London,45-54,Gold,False,17,False,216,152.18
6898,2023-08-01,2023,Referral,South East,18-24,Platinum,False,17,False,336,59.74
6899,2023-08-01,2023,Referral,North,25-34,Classic,False,17,False,0,59.74
6900,2023-08-01,2023,Referral,South East,35-44,Platinum,False,6,True,168,59.74
6901,2023-08-01,2023,Online,Wales & NI,45-54,Classic,True,7,True,0,69.94
6902,2023-08-01,2023,Referral,Midlands,35-44,Gold,False,17,False,216,59.74
6903,2023-08-01,2023,Outbound,Midlands,35-44,Classic,True,7,True,0,121.95
6904,2023-08-01,2023,Comparison Site,South East,35-44,Classic,False,1,True,0,39.79
6905,2023-08-01,2023,Referral,North,45-54,Platinum,False,17,False,266,59.74
6906,2023-08-01,2023,Referral,Scotland,35-44,Platinum,False,17,False,256,59.74
6907,2023-08-01,2023,Referral,South East,18-24,Silver,True,7,True,11,59.74
6908,2023-08-01,2023,Outbound,Wales & NI,25-34,Classic,False,17,False,0,121.95
6909,2023-08-01,2023,Online,North,35-44,Silver,False,17,False,132,69.94
6910,2023-08-01,2023,Online,London,25-34,Silver,True,17,False,66,69.94
6911,2023-08-01,2023,Comparison Site,Midlands,25-34,Silver,True,3,True,0,39.79
6912,2023-08-01,2023,Comparison Site,London,35-44,Classic,False,13,True,33,39.79
6913,2023-08-01,2023,Broker/IFA,London,35-44,Platinum,False,17,False,336,199.2
6914,2023-08-01,2023,Branch,North,25-34,Platinum,False,13,True,336,152.18
6915,2023-08-01,2023,Comparison Site,Scotland,35-44,Classic,False,12,True,0,39.79
6916,2023-08-01,2023,Online,London,25-34,Classic,False,2,True,0,69.94
6917,2023-08-01,2023,Outbound,London,35-44,Gold,True,17,False,108,121.95
6918,2023-08-01,2023,Comparison Site,Scotland,25-34,Silver,True,4,True,0,39.79
6919,2023-08-01,2023,Branch,London,25-34,Gold,False,17,False,216,152.18
6920,2023-08-01,2023,Comparison Site,London,18-24,Silver,False,17,False,132,39.79
6921,2023-08-01,2023,Comparison Site,North,45-54,Classic,True,9,True,0,39.79
6922,2023-08-01,2023,Comparison Site,Midlands,25-34,Silver,False,16,True,132,39.79
6923,2023-08-01,2023,Branch,London,25-34,Gold,False,17,False,216,152.18
6924,2023-08-01,2023,Online,North,18-24,Silver,True,1,True,0,69.94
6925,2023-08-01,2023,Branch,London,25-34,Platinum,False,17,False,306,152.18
6926,2023-08-01,2023,Online,London,18-24,Silver,False,8,True,88,69.94
6927,2023-08-01,2023,Online,South East,45-54,Platinum,True,17,False,108,69.94
6928,2023-08-01,2023,Comparison Site,Midlands,45-54,Classic,True,17,False,0,39.79
6929,2023-08-01,2023,Online,North,25-34,Silver,True,2,True,0,69.94
6930,2023-08-01,2023,Online,North,45-54,Silver,False,17,False,132,69.94
6931,2023-08-01,2023,Outbound,Scotland,25-34,Silver,True,12,True,66,121.95
6932,2023-08-01,2023,Online,Midlands,45-54,Gold,False,17,False,246,69.94
6933,2023-08-01,2023,Referral,North,25-34,Gold,False,17,False,216,59.74
6934,2023-08-01,2023,Outbound,London,25-34,Gold,True,5,True,0,121.95
6935,2023-08-01,2023,Online,North,25-34,Classic,False,17,False,0,69.94
6936,2023-08-01,2023,Online,South East,55-64,Classic,False,17,False,88,69.94
6937,2023-08-01,2023,Comparison Site,North,18-24,Silver,True,17,False,66,39.79
6938,2023-08-01,2023,Referral,Wales & NI,25-34,Platinum,False,17,False,336,59.74
6939,2023-08-01,2023,Comparison Site,London,35-44,Classic,True,3,True,0,39.79
6940,2023-08-01,2023,Referral,London,25-34,Gold,True,17,False,108,59.74
6941,2023-08-01,2023,Branch,Wales & NI,25-34,Gold,True,17,False,11,152.18
6942,2023-08-01,2023,Comparison Site,North,55-64,Silver,True,13,True,108,39.79
6943,2023-08-01,2023,Comparison Site,London,65+,Silver,True,6,True,0,39.79
6944,2023-08-01,2023,Branch,North,35-44,Silver,False,11,True,121,152.18
6945,2023-08-01,2023,Outbound,London,25-34,Silver,True,9,True,33,121.95
6946,2023-08-01,2023,Broker/IFA,London,45-54,Gold,False,1,True,18,199.2
6947,2023-08-01,2023,Branch,Scotland,65+,Classic,False,15,True,0,152.18
6948,2023-08-01,2023,Comparison Site,Wales & NI,25-34,Classic,False,3,True,0,39.79
6949,2023-08-01,2023,Branch,Midlands,18-24,Gold,False,17,False,276,152.18
6950,2023-08-01,2023,Comparison Site,Scotland,18-24,Silver,False,1,True,11,39.79
6951,2023-08-01,2023,Branch,Midlands,35-44,Gold,False,7,True,112,152.18
6952,2023-08-01,2023,Outbound,Midlands,35-44,Classic,False,17,False,0,121.95
6953,2023-08-01,2023,Referral,South East,65+,Gold,True,17,False,108,59.74
6954,2023-08-01,2023,Comparison Site,Scotland,45-54,Platinum,True,17,False,168,39.79
6955,2023-08-01,2023,Outbound,Scotland,35-44,Gold,False,2,True,36,121.95
6956,2023-08-01,2023,Online,London,45-54,Silver,False,17,False,132,69.94
6957,2023-08-01,2023,Referral,South East,18-24,Platinum,False,17,False,286,59.74
6958,2023-08-01,2023,Outbound,London,55-64,Classic,False,2,True,0,121.95
6959,2023-08-01,2023,Outbound,South East,55-64,Classic,False,17,False,110,121.95
6960,2023-08-01,2023,Outbound,Midlands,35-44,Platinum,False,17,False,266,121.95
6961,2023-08-01,2023,Comparison Site,Midlands,18-24,Gold,True,17,False,66,39.79
6962,2023-08-01,2023,Branch,Wales & NI,55-64,Classic,False,17,False,264,152.18
6963,2023-08-01,2023,Comparison Site,London,25-34,Platinum,True,11,True,100,39.79
6964,2023-08-01,2023,Online,Scotland,35-44,Classic,True,17,False,108,69.94
6965,2023-08-01,2023,Comparison Site,London,35-44,Silver,True,17,False,66,39.79
6966,2023-08-01,2023,Online,Scotland,35-44,Gold,True,17,False,108,69.94
6967,2023-08-01,2023,Online,London,35-44,Gold,False,17,False,266,69.94
6968,2023-08-01,2023,Online,Scotland,35-44,Classic,True,7,True,0,69.94
6969,2023-08-01,2023,Branch,South East,35-44,Gold,True,17,False,66,152.18
6970,2023-08-01,2023,Comparison Site,North,55-64,Classic,True,7,True,0,39.79
6971,2023-08-01,2023,Branch,North,18-24,Gold,False,17,False,216,152.18
6972,2023-08-01,2023,Online,South East,35-44,Gold,True,17,False,80,69.94
6973,2023-08-01,2023,Comparison Site,Midlands,45-54,Classic,True,7,True,0,39.79
6974,2023-08-01,2023,Online,Scotland,55-64,Gold,False,12,True,226,69.94
6975,2023-08-01,2023,Comparison Site,Scotland,18-24,Gold,True,17,False,108,39.79
6976,2023-08-01,2023,Online,North,25-34,Gold,False,17,False,216,69.94
6977,2023-08-01,2023,Comparison Site,North,18-24,Silver,False,17,False,132,39.79
6978,2023-08-01,2023,Referral,Midlands,25-34,Platinum,False,17,False,336,59.74
6979,2023-08-01,2023,Online,Midlands,18-24,Gold,False,17,False,216,69.94
6980,2023-08-01,2023,Comparison Site,London,45-54,Classic,True,12,True,66,39.79
6981,2023-08-01,2023,Referral,South East,45-54,Silver,False,17,False,195,59.74
6982,2023-08-01,2023,Outbound,North,25-34,Gold,False,17,False,216,121.95
6983,2023-08-01,2023,Comparison Site,North,25-34,Silver,True,10,True,44,39.79
6984,2023-08-01,2023,Online,London,35-44,Silver,True,17,False,66,69.94
6985,2023-08-01,2023,Online,Scotland,35-44,Silver,False,17,False,132,69.94
6986,2023-08-01,2023,Branch,North,35-44,Gold,False,17,False,209,152.18
6987,2023-08-01,2023,Outbound,North,25-34,Silver,True,17,False,22,121.95
6988,2023-08-01,2023,Branch,Midlands,25-34,Silver,False,17,False,232,152.18
6989,2023-08-01,2023,Online,Scotland,35-44,Silver,True,1,True,0,69.94
6990,2023-08-01,2023,Online,Midlands,55-64,Classic,True,17,False,65,69.94
6991,2023-08-01,2023,Outbound,London,25-34,Classic,False,17,False,0,121.95
6992,2023-08-01,2023,Online,London,25-34,Platinum,False,17,False,326,69.94
6993,2023-08-01,2023,Outbound,North,65+,Classic,True,17,False,66,121.95
6994,2023-08-01,2023,Outbound,North,35-44,Silver,False,17,False,66,121.95
6995,2023-08-01,2023,Comparison Site,North,55-64,Classic,True,1,True,0,39.79
6996,2023-08-01,2023,Outbound,London,35-44,Gold,False,2,True,36,121.95
6997,2023-08-01,2023,Branch,South East,45-54,Classic,False,2,True,0,152.18
6998,2023-08-01,2023,Branch,North,45-54,Gold,False,17,False,266,152.18
6999,2023-08-01,2023,Referral,South East,18-24,Gold,False,17,False,216,59.74
7000,2023-08-01,2023,Online,South East,65+,Classic,True,5,True,0,69.94
7001,2023-08-01,2023,Branch,North,45-54,Classic,False,6,True,33,152.18
7002,2023-08-01,2023,Outbound,North,45-54,Silver,False,6,True,66,121.95
7003,2023-08-01,2023,Broker/IFA,London,35-44,Gold,False,17,False,306,199.2
7004,2023-08-01,2023,Referral,Wales & NI,55-64,Classic,False,17,False,99,59.74
7005,2023-08-01,2023,Online,North,35-44,Classic,True,2,True,0,69.94
7006,2023-08-01,2023,Online,Scotland,35-44,Silver,True,17,False,66,69.94
7007,2023-08-01,2023,Online,South East,25-34,Classic,False,17,False,110,69.94
7008,2023-08-01,2023,Outbound,London,18-24,Classic,True,4,True,0,121.95
7009,2023-08-01,2023,Branch,Midlands,35-44,Gold,False,1,True,18,152.18
7010,2023-08-01,2023,Online,London,35-44,Silver,False,17,False,132,69.94
7011,2023-08-01,2023,Branch,Scotland,45-54,Gold,True,17,False,108,152.18
7012,2023-08-01,2023,Comparison Site,Scotland,45-54,Silver,False,17,False,77,39.79
7013,2023-08-01,2023,Online,South East,45-54,Classic,False,7,True,0,69.94
7014,2023-08-01,2023,Referral,Midlands,35-44,Silver,False,17,False,132,59.74
7015,2023-08-01,2023,Branch,London,25-34,Gold,True,7,True,18,152.18
7016,2023-08-01,2023,Online,South East,35-44,Classic,False,2,True,0,69.94
7017,2023-08-01,2023,Online,Midlands,65+,Silver,True,7,True,11,69.94
7018,2023-08-01,2023,Online,South East,55-64,Classic,False,1,True,0,69.94
7019,2023-08-01,2023,Outbound,London,25-34,Silver,False,17,False,132,121.95
7020,2023-08-01,2023,Comparison Site,Wales & NI,45-54,Classic,False,6,True,0,39.79
7021,2023-08-01,2023,Comparison Site,London,35-44,Silver,True,17,False,66,39.79
7022,2023-08-01,2023,Online,Midlands,25-34,Silver,True,17,False,108,69.94
7023,2023-08-01,2023,Branch,South East,25-34,Silver,False,11,True,121,152.18
7024,2023-08-01,2023,Comparison Site,North,25-34,Classic,False,17,False,0,39.79
7025,2023-08-01,2023,Comparison Site,North,55-64,Classic,True,7,True,0,39.79
7026,2023-08-01,2023,Online,Scotland,18-24,Classic,False,4,True,0,69.94
7027,2023-08-01,2023,Online,Wales & NI,65+,Silver,False,17,False,160,69.94
7028,2023-08-01,2023,Online,London,45-54,Platinum,True,17,False,168,69.94
7029,2023-08-01,2023,Branch,South East,65+,Classic,False,17,False,142,152.18
7030,2023-08-01,2023,Comparison Site,Midlands,18-24,Silver,False,17,False,132,39.79
7031,2023-08-01,2023,Outbound,South East,55-64,Silver,False,17,False,11,121.95
7032,2023-08-01,2023,Referral,Midlands,55-64,Gold,False,8,True,144,59.74
7033,2023-08-01,2023,Comparison Site,London,18-24,Gold,True,17,False,66,39.79
7034,2023-08-01,2023,Online,Midlands,45-54,Platinum,False,17,False,336,69.94
7035,2023-08-01,2023,Online,North,55-64,Silver,True,17,False,66,69.94
7036,2023-08-01,2023,Branch,South East,25-34,Classic,False,3,True,0,152.18
7037,2023-08-01,2023,Online,Midlands,55-64,Classic,False,17,False,0,69.94
7038,2023-08-01,2023,Comparison Site,London,35-44,Silver,True,1,True,0,39.79
7039,2023-08-01,2023,Branch,South East,55-64,Gold,False,17,False,326,152.18
7040,2023-08-01,2023,Broker/IFA,Midlands,35-44,Gold,True,4,True,0,199.2
7041,2023-08-01,2023,Comparison Site,North,35-44,Silver,True,17,False,66,39.79
7042,2023-08-01,2023,Referral,London,25-34,Classic,False,13,True,0,59.74
7043,2023-08-01,2023,Comparison Site,North,55-64,Silver,True,3,True,0,39.79
7044,2023-08-01,2023,Outbound,South East,55-64,Classic,False,3,True,0,121.95
7045,2023-08-01,2023,Comparison Site,London,65+,Classic,False,12,True,0,39.79
7046,2023-08-01,2023,Online,South East,18-24,Platinum,True,17,False,168,69.94
7047,2023-08-01,2023,Comparison Site,Midlands,45-54,Silver,False,4,True,44,39.79
7048,2023-08-01,2023,Branch,London,18-24,Platinum,False,17,False,226,152.18
7049,2023-08-01,2023,Online,Scotland,35-44,Silver,False,4,True,44,69.94
7050,2023-08-01,2023,Outbound,Midlands,18-24,Silver,False,17,False,167,121.95
7051,2023-08-01,2023,Branch,Scotland,45-54,Gold,False,17,False,216,152.18
7052,2023-08-01,2023,Comparison Site,London,25-34,Silver,True,17,False,87,39.79
7053,2023-08-01,2023,Online,Scotland,35-44,Silver,False,17,False,132,69.94
7054,2023-08-01,2023,Outbound,Scotland,55-64,Classic,True,4,True,0,121.95
7055,2023-08-01,2023,Online,London,35-44,Silver,True,12,True,66,69.94
7056,2023-08-01,2023,Branch,South East,25-34,Gold,True,17,False,101,152.18
7057,2023-08-01,2023,Referral,Scotland,25-34,Silver,False,17,False,309,59.74
7058,2023-08-01,2023,Comparison Site,Midlands,45-54,Platinum,True,12,True,108,39.79
7059,2023-08-01,2023,Online,North,25-34,Platinum,True,7,True,28,69.94
7060,2023-08-01,2023,Comparison Site,South East,18-24,Silver,True,4,True,0,39.79
7061,2023-08-01,2023,Comparison Site,Scotland,55-64,Silver,True,17,False,66,39.79
7062,2023-08-01,2023,Comparison Site,London,35-44,Classic,False,2,True,0,39.79
7063,2023-08-01,2023,Branch,South East,25-34,Silver,False,17,False,195,152.18
7064,2023-08-01,2023,Online,North,35-44,Classic,False,17,False,11,69.94
7065,2023-08-01,2023,Online,Scotland,45-54,Classic,False,14,True,0,69.94
7066,2023-08-01,2023,Referral,Midlands,25-34,Platinum,True,17,False,168,59.74
7067,2023-08-01,2023,Online,London,45-54,Silver,False,17,False,33,69.94
7068,2023-08-01,2023,Comparison Site,North,25-34,Gold,False,6,True,128,39.79
7069,2023-08-01,2023,Branch,North,55-64,Gold,True,17,False,108,152.18
7070,2023-08-01,2023,Comparison Site,Midlands,55-64,Classic,False,2,True,0,39.79
7071,2023-08-01,2023,Comparison Site,Midlands,35-44,Classic,True,17,False,22,39.79
7072,2023-08-01,2023,Outbound,London,25-34,Classic,True,1,True,0,121.95
7073,2023-08-01,2023,Referral,London,25-34,Silver,False,17,False,132,59.74
7074,2023-08-01,2023,Comparison Site,Midlands,25-34,Silver,False,2,True,22,39.79
7075,2023-08-01,2023,Branch,Scotland,55-64,Silver,False,17,False,146,152.18
7076,2023-08-01,2023,Online,North,25-34,Classic,False,3,True,0,69.94
7077,2023-08-01,2023,Online,London,45-54,Silver,False,17,False,132,69.94
7078,2023-08-01,2023,Comparison Site,London,55-64,Silver,True,17,False,66,39.79
7079,2023-08-01,2023,Outbound,South East,25-34,Gold,True,17,False,148,121.95
7080,2023-08-01,2023,Online,South East,25-34,Classic,False,17,False,11,69.94
7081,2023-08-01,2023,Comparison Site,London,25-34,Classic,True,17,False,0,39.79
7082,2023-08-01,2023,Comparison Site,London,45-54,Classic,False,17,False,0,39.79
7083,2023-08-01,2023,Referral,Midlands,35-44,Silver,False,17,False,66,59.74
7084,2023-08-01,2023,Comparison Site,North,25-34,Classic,True,7,True,0,39.79
7085,2023-08-01,2023,Comparison Site,Scotland,18-24,Silver,False,17,False,132,39.79
7086,2023-08-01,2023,Referral,London,35-44,Gold,False,17,False,236,59.74
7087,2023-08-01,2023,Outbound,Midlands,55-64,Platinum,True,17,False,168,121.95
7088,2023-08-01,2023,Referral,Midlands,35-44,Classic,False,17,False,0,59.74
7089,2023-08-01,2023,Outbound,Wales & NI,25-34,Silver,False,3,True,33,121.95
7090,2023-08-01,2023,Online,North,55-64,Silver,False,12,True,88,69.94
7091,2023-08-01,2023,Online,London,18-24,Classic,False,17,False,0,69.94
7092,2023-08-01,2023,Online,South East,18-24,Gold,False,9,True,162,69.94
7093,2023-08-01,2023,Comparison Site,London,45-54,Classic,True,2,True,0,39.79
7094,2023-08-01,2023,Outbound,South East,45-54,Classic,False,17,False,0,121.95
7095,2023-08-01,2023,Online,London,45-54,Gold,False,17,False,216,69.94
7096,2023-08-01,2023,Comparison Site,London,45-54,Silver,False,10,True,110,39.79
7097,2023-08-01,2023,Comparison Site,Midlands,35-44,Platinum,True,17,False,168,39.79
7098,2023-08-01,2023,Online,London,25-34,Gold,True,17,False,94,69.94
7099,2023-08-01,2023,Branch,Scotland,45-54,Classic,False,17,False,99,152.18
7100,2023-08-01,2023,Comparison Site,Midlands,35-44,Classic,True,10,True,0,39.79
7101,2023-08-01,2023,Referral,London,35-44,Platinum,True,17,False,168,59.74
7102,2023-08-01,2023,Branch,London,25-34,Silver,True,17,False,101,152.18
7103,2023-08-01,2023,Comparison Site,South East,25-34,Classic,True,10,True,0,39.79
7104,2023-08-01,2023,Comparison Site,London,18-24,Classic,False,8,True,0,39.79
7105,2023-08-01,2023,Comparison Site,Midlands,35-44,Gold,True,17,False,108,39.79
7106,2023-08-01,2023,Outbound,Midlands,25-34,Classic,True,2,True,0,121.95
7107,2023-08-01,2023,Comparison Site,North,55-64,Silver,False,17,False,132,39.79
7108,2023-08-01,2023,Outbound,London,25-34,Gold,False,17,False,216,121.95
7109,2023-08-01,2023,Outbound,North,45-54,Gold,False,17,False,216,121.95
7110,2023-08-01,2023,Outbound,London,55-64,Silver,True,7,True,11,121.95
7111,2023-08-01,2023,Comparison Site,London,55-64,Classic,True,17,False,0,39.79
7112,2023-08-01,2023,Referral,North,55-64,Silver,False,17,False,132,59.74
7113,2023-08-01,2023,Online,North,25-34,Gold,True,17,False,168,69.94
7114,2023-08-01,2023,Referral,North,35-44,Gold,False,2,True,36,59.74
7115,2023-08-01,2023,Branch,London,35-44,Platinum,False,17,False,316,152.18
7116,2023-08-01,2023,Referral,Scotland,35-44,Silver,True,17,False,22,59.74
7117,2023-08-01,2023,Comparison Site,South East,25-34,Classic,True,17,False,66,39.79
7118,2023-08-01,2023,Branch,South East,25-34,Gold,False,4,True,102,152.18
7119,2023-08-01,2023,Online,Midlands,45-54,Classic,False,6,True,0,69.94
7120,2023-08-01,2023,Comparison Site,Midlands,25-34,Silver,True,1,True,0,39.79
7121,2023-08-01,2023,Comparison Site,South East,35-44,Gold,False,16,True,216,39.79
7122,2023-08-01,2023,Comparison Site,South East,45-54,Silver,False,17,False,132,39.79
7123,2023-08-01,2023,Referral,Scotland,45-54,Silver,False,12,True,181,59.74
7124,2023-08-01,2023,Comparison Site,South East,25-34,Gold,True,2,True,0,39.79
7125,2023-08-01,2023,Online,North,25-34,Silver,True,17,False,108,69.94
7126,2023-08-01,2023,Referral,South East,55-64,Silver,False,17,False,195,59.74
7127,2023-08-01,2023,Comparison Site,Midlands,45-54,Classic,True,1,True,0,39.79
7128,2023-08-01,2023,Broker/IFA,Scotland,18-24,Classic,True,17,False,66,199.2
7129,2023-08-01,2023,Online,Wales & NI,45-54,Silver,True,2,True,0,69.94
7130,2023-08-01,2023,Comparison Site,South East,25-34,Silver,False,17,False,132,39.79
7131,2023-08-01,2023,Online,London,25-34,Classic,True,5,True,0,69.94
7132,2023-08-01,2023,Online,London,18-24,Classic,True,7,True,0,69.94
7133,2023-08-01,2023,Comparison Site,South East,55-64,Classic,True,2,True,0,39.79
7134,2023-08-01,2023,Online,South East,18-24,Classic,True,17,False,0,69.94
7135,2023-08-01,2023,Branch,South East,18-24,Silver,True,17,False,66,152.18
7136,2023-08-01,2023,Comparison Site,South East,35-44,Silver,False,17,False,132,39.79
7137,2023-08-01,2023,Referral,Midlands,65+,Silver,True,10,True,44,59.74
7138,2023-08-01,2023,Referral,London,55-64,Gold,False,17,False,216,59.74
7139,2023-08-01,2023,Referral,London,25-34,Gold,False,14,True,276,59.74
7140,2023-08-01,2023,Online,South East,35-44,Gold,False,17,False,216,69.94
7141,2023-08-01,2023,Referral,South East,65+,Gold,False,17,False,216,59.74
7142,2023-08-01,2023,Comparison Site,London,65+,Gold,True,7,True,18,39.79
7143,2023-08-01,2023,Online,Midlands,35-44,Platinum,False,17,False,316,69.94
7144,2023-08-01,2023,Branch,North,35-44,Classic,False,17,False,0,152.18
7145,2023-08-01,2023,Comparison Site,North,25-34,Classic,True,17,False,0,39.79
7146,2023-08-01,2023,Branch,South East,25-34,Gold,False,17,False,216,152.18
7147,2023-08-01,2023,Comparison Site,London,45-54,Classic,True,6,True,0,39.79
7148,2023-08-01,2023,Branch,Midlands,25-34,Classic,False,15,True,0,152.18
7149,2023-08-01,2023,Online,London,45-54,Gold,False,17,False,216,69.94
7150,2023-08-01,2023,Comparison Site,London,65+,Classic,True,5,True,0,39.79
7151,2023-08-01,2023,Referral,London,35-44,Gold,False,17,False,246,59.74
7152,2023-08-01,2023,Broker/IFA,London,45-54,Platinum,False,17,False,276,199.2
7153,2023-08-01,2023,Online,South East,45-54,Silver,False,17,False,132,69.94
7154,2023-08-01,2023,Branch,London,25-34,Silver,False,17,False,110,152.18
7155,2023-08-01,2023,Outbound,South East,35-44,Silver,True,17,False,66,121.95
7156,2023-08-01,2023,Referral,Wales & NI,25-34,Gold,False,17,False,286,59.74
7157,2023-08-01,2023,Outbound,Scotland,55-64,Classic,False,17,False,0,121.95
7158,2023-08-01,2023,Comparison Site,Midlands,35-44,Silver,True,17,False,66,39.79
7159,2023-08-01,2023,Comparison Site,Midlands,25-34,Classic,False,17,False,141,39.79
7160,2023-08-01,2023,Outbound,Wales & NI,45-54,Silver,False,8,True,33,121.95
7161,2023-08-01,2023,Outbound,Wales & NI,65+,Silver,False,17,False,132,121.95
7162,2023-08-01,2023,Online,Midlands,25-34,Silver,True,7,True,11,69.94
7163,2023-08-01,2023,Branch,Midlands,45-54,Platinum,False,17,False,241,152.18
7164,2023-08-01,2023,Comparison Site,Midlands,25-34,Silver,True,17,False,108,39.79
7165,2023-08-01,2023,Comparison Site,London,18-24,Silver,True,17,False,66,39.79
7166,2023-08-01,2023,Broker/IFA,North,45-54,Platinum,False,17,False,326,199.2
7167,2023-08-01,2023,Comparison Site,Scotland,35-44,Gold,False,17,False,216,39.79
7168,2023-08-01,2023,Comparison Site,North,55-64,Silver,False,17,False,153,39.79
7169,2023-08-01,2023,Online,Midlands,45-54,Gold,False,17,False,216,69.94
7170,2023-08-01,2023,Online,London,25-34,Silver,False,17,False,132,69.94
7171,2023-08-01,2023,Comparison Site,Scotland,18-24,Silver,True,17,False,108,39.79
7172,2023-08-01,2023,Comparison Site,North,25-34,Classic,False,5,True,0,39.79
7173,2023-08-01,2023,Comparison Site,Scotland,25-34,Silver,True,4,True,0,39.79
7174,2023-08-01,2023,Comparison Site,North,18-24,Classic,False,17,False,0,39.79
7175,2023-08-01,2023,Comparison Site,London,65+,Silver,False,13,True,55,39.79
7176,2023-08-01,2023,Outbound,London,25-34,Silver,False,16,True,174,121.95
7177,2023-08-01,2023,Comparison Site,North,55-64,Classic,False,1,True,0,39.79
7178,2023-08-01,2023,Comparison Site,London,25-34,Silver,True,2,True,0,39.79
7179,2023-08-01,2023,Comparison Site,London,18-24,Silver,True,17,False,0,39.79
7180,2023-08-01,2023,Outbound,London,35-44,Classic,False,3,True,0,121.95
7181,2023-08-01,2023,Broker/IFA,Scotland,55-64,Platinum,True,17,False,168,199.2
7182,2023-08-01,2023,Outbound,London,25-34,Gold,True,17,False,66,121.95
7183,2023-08-01,2023,Comparison Site,London,25-34,Classic,True,17,False,0,39.79
7184,2023-08-01,2023,Online,London,55-64,Silver,False,17,False,132,69.94
7185,2023-08-01,2023,Broker/IFA,North,55-64,Gold,False,17,False,216,199.2
7186,2023-08-01,2023,Outbound,South East,65+,Silver,False,17,False,160,121.95
7187,2023-08-01,2023,Comparison Site,Wales & NI,18-24,Classic,False,5,True,0,39.79
7188,2023-08-01,2023,Comparison Site,Wales & NI,55-64,Silver,True,17,False,108,39.79
7189,2023-08-01,2023,Branch,London,55-64,Gold,False,17,False,216,152.18
7190,2023-08-01,2023,Referral,London,35-44,Platinum,False,6,True,148,59.74
7191,2023-08-01,2023,Outbound,North,35-44,Classic,True,2,True,0,121.95
7192,2023-08-01,2023,Comparison Site,South East,55-64,Silver,False,10,True,110,39.79
7193,2023-08-01,2023,Referral,Wales & NI,55-64,Silver,True,17,False,108,59.74
7194,2023-08-01,2023,Outbound,London,35-44,Classic,True,3,True,0,121.95
7195,2023-08-01,2023,Branch,North,45-54,Gold,False,17,False,266,152.18
7196,2023-08-01,2023,Broker/IFA,North,25-34,Gold,False,17,False,326,199.2
7197,2023-08-01,2023,Comparison Site,Wales & NI,45-54,Silver,True,13,True,66,39.79
7198,2023-08-01,2023,Online,Wales & NI,25-34,Silver,False,17,False,132,69.94
7199,2023-08-01,2023,Branch,North,45-54,Silver,False,2,True,22,152.18
7200,2023-08-01,2023,Online,South East,18-24,Silver,True,17,False,66,69.94
7201,2023-08-01,2023,Outbound,North,65+,Silver,False,17,False,132,121.95
7202,2023-08-01,2023,Broker/IFA,Midlands,55-64,Gold,False,17,False,216,199.2
7203,2023-08-01,2023,Comparison Site,Midlands,35-44,Classic,True,7,True,11,39.79
7204,2023-08-01,2023,Comparison Site,South East,25-34,Gold,False,17,False,216,39.79
7205,2023-08-01,2023,Comparison Site,South East,25-34,Classic,True,7,True,0,39.79
7206,2023-08-01,2023,Online,Midlands,25-34,Silver,False,17,False,132,69.94
7207,2023-08-01,2023,Branch,North,25-34,Classic,False,13,True,0,152.18
7208,2023-08-01,2023,Online,North,65+,Gold,False,4,True,72,69.94
7209,2023-08-01,2023,Branch,London,35-44,Silver,False,17,False,11,152.18
7210,2023-08-01,2023,Comparison Site,Scotland,55-64,Silver,False,7,True,77,39.79
7211,2023-08-01,2023,Comparison Site,Scotland,55-64,Classic,True,4,True,0,39.79
7212,2023-08-01,2023,Outbound,North,25-34,Silver,False,1,True,11,121.95
7213,2023-08-01,2023,Branch,Midlands,45-54,Gold,False,8,True,144,152.18
7214,2023-08-01,2023,Online,London,35-44,Classic,False,4,True,22,69.94
7215,2023-08-01,2023,Comparison Site,South East,45-54,Classic,False,17,False,121,39.79
7216,2023-08-01,2023,Online,London,45-54,Silver,False,1,True,11,69.94
7217,2023-08-01,2023,Branch,North,45-54,Silver,False,10,True,152,152.18
7218,2023-08-01,2023,Broker/IFA,Scotland,35-44,Gold,False,17,False,216,199.2
7219,2023-08-01,2023,Comparison Site,North,25-34,Silver,True,17,False,80,39.79
7220,2023-08-01,2023,Comparison Site,London,25-34,Classic,True,2,True,0,39.79
7221,2023-08-01,2023,Comparison Site,Midlands,18-24,Silver,True,4,True,0,39.79
7222,2023-08-01,2023,Branch,Scotland,35-44,Classic,False,4,True,0,152.18
7223,2023-08-01,2023,Online,Scotland,55-64,Silver,False,17,False,209,69.94
7224,2023-08-01,2023,Online,London,45-54,Classic,False,13,True,0,69.94
7225,2023-08-01,2023,Online,London,45-54,Gold,False,8,True,144,69.94
7226,2023-08-01,2023,Branch,South East,25-34,Gold,True,17,False,22,152.18
7227,2023-08-01,2023,Broker/IFA,Midlands,35-44,Platinum,False,17,False,336,199.2
7228,2023-08-01,2023,Comparison Site,North,25-34,Classic,True,17,False,0,39.79
7229,2023-08-01,2023,Online,London,25-34,Silver,True,17,False,66,69.94
7230,2023-08-01,2023,Branch,London,25-34,Classic,False,17,False,0,152.18
7231,2023-08-01,2023,Comparison Site,South East,35-44,Classic,False,12,True,0,39.79
7232,2023-08-01,2023,Online,Midlands,35-44,Platinum,True,17,False,168,69.94
7233,2023-08-01,2023,Broker/IFA,Midlands,35-44,Silver,True,17,False,108,199.2
7234,2023-08-01,2023,Referral,South East,55-64,Silver,False,17,False,174,59.74
7235,2023-08-01,2023,Referral,Midlands,65+,Platinum,True,17,False,168,59.74
7236,2023-08-01,2023,Outbound,London,35-44,Silver,True,17,False,66,121.95
7237,2023-08-01,2023,Referral,North,55-64,Gold,False,17,False,216,59.74
7238,2023-08-01,2023,Online,Midlands,25-34,Classic,True,13,True,0,69.94
7239,2023-08-01,2023,Comparison Site,South East,35-44,Classic,True,6,True,0,39.79
7240,2023-08-01,2023,Comparison Site,South East,35-44,Classic,True,17,False,87,39.79
7241,2023-08-01,2023,Branch,South East,45-54,Silver,False,17,False,132,152.18
7242,2023-08-01,2023,Online,South East,45-54,Silver,False,4,True,22,69.94
7243,2023-08-01,2023,Online,South East,25-34,Platinum,False,17,False,336,69.94
7244,2023-08-01,2023,Online,Midlands,25-34,Silver,True,17,False,66,69.94
7245,2023-08-01,2023,Branch,South East,55-64,Silver,False,2,True,22,152.18
7246,2023-08-01,2023,Comparison Site,North,45-54,Classic,False,6,True,0,39.79
7247,2023-08-01,2023,Comparison Site,South East,45-54,Gold,False,17,False,216,39.79
7248,2023-08-01,2023,Referral,London,45-54,Classic,False,17,False,0,59.74
7249,2023-08-01,2023,Comparison Site,Midlands,25-34,Classic,True,17,False,0,39.79
7250,2023-08-01,2023,Outbound,North,35-44,Silver,False,17,False,132,121.95
7251,2023-08-01,2023,Online,Midlands,25-34,Platinum,True,17,False,168,69.94
7252,2023-08-01,2023,Referral,South East,55-64,Silver,False,17,False,132,59.74
7253,2023-08-01,2023,Broker/IFA,North,25-34,Gold,True,17,False,108,199.2
7254,2023-08-01,2023,Referral,North,35-44,Gold,False,17,False,216,59.74
7255,2023-08-01,2023,Broker/IFA,London,35-44,Gold,True,17,False,108,199.2
7256,2023-08-01,2023,Comparison Site,North,25-34,Classic,True,17,False,0,39.79
7257,2023-08-01,2023,Online,London,25-34,Silver,True,17,False,108,69.94
7258,2023-08-01,2023,Referral,London,25-34,Silver,False,3,True,33,59.74
7259,2023-08-01,2023,Online,London,25-34,Classic,True,3,True,0,69.94
7260,2023-08-01,2023,Online,Midlands,18-24,Gold,False,17,False,195,69.94
7261,2023-08-01,2023,Comparison Site,London,35-44,Classic,True,1,True,0,39.79
7262,2023-08-01,2023,Branch,North,45-54,Silver,False,1,True,11,152.18
7263,2023-08-01,2023,Comparison Site,Midlands,18-24,Silver,True,17,False,108,39.79
7264,2023-08-01,2023,Referral,London,45-54,Classic,False,17,False,66,59.74
7265,2023-08-01,2023,Broker/IFA,Midlands,55-64,Silver,False,12,True,132,199.2
7266,2023-08-01,2023,Branch,Wales & NI,45-54,Gold,False,7,True,126,152.18
7267,2023-08-01,2023,Online,North,35-44,Silver,True,17,False,66,69.94
7268,2023-08-01,2023,Branch,London,35-44,Silver,False,17,False,132,152.18
7269,2023-08-01,2023,Comparison Site,Scotland,55-64,Classic,False,1,True,0,39.79
7270,2023-08-01,2023,Online,Wales & NI,25-34,Classic,False,13,True,11,69.94
7271,2023-08-01,2023,Comparison Site,Wales & NI,35-44,Silver,True,7,True,11,39.79
7272,2023-08-01,2023,Online,Wales & NI,55-64,Silver,False,17,False,132,69.94
7273,2023-08-01,2023,Branch,London,25-34,Gold,False,17,False,216,152.18
7274,2023-08-01,2023,Online,Midlands,18-24,Silver,False,13,True,121,69.94
7275,2023-08-01,2023,Outbound,Midlands,35-44,Silver,True,16,True,55,121.95
7276,2023-08-01,2023,Branch,South East,45-54,Silver,True,5,True,0,152.18
7277,2023-08-01,2023,Comparison Site,North,25-34,Gold,True,9,True,33,39.79
7278,2023-08-01,2023,Online,London,25-34,Silver,False,13,True,132,69.94
7279,2023-08-01,2023,Comparison Site,London,25-34,Silver,False,14,True,132,39.79
7280,2023-08-01,2023,Comparison Site,South East,18-24,Classic,True,2,True,0,39.79
7281,2023-08-01,2023,Outbound,London,55-64,Gold,True,17,False,108,121.95
7282,2023-08-01,2023,Branch,Scotland,35-44,Silver,False,17,False,153,152.18
7283,2023-08-01,2023,Outbound,Midlands,35-44,Silver,False,17,False,132,121.95
7284,2023-08-01,2023,Online,London,45-54,Gold,True,1,True,0,69.94
7285,2023-08-01,2023,Comparison Site,London,55-64,Classic,True,1,True,0,39.79
7286,2023-08-01,2023,Branch,South East,35-44,Gold,False,16,True,195,152.18
7287,2023-08-01,2023,Outbound,Midlands,35-44,Silver,False,17,False,139,121.95
7288,2023-08-01,2023,Comparison Site,South East,35-44,Gold,False,17,False,216,39.79
7289,2023-09-01,2023,Branch,North,65+,Silver,False,12,True,66,152.18
7290,2023-09-01,2023,Referral,South East,25-34,Silver,True,16,False,44,59.74
7291,2023-09-01,2023,Online,Midlands,18-24,Classic,False,16,False,0,69.94
7292,2023-09-01,2023,Online,Midlands,45-54,Platinum,False,16,False,276,69.94
7293,2023-09-01,2023,Comparison Site,London,25-34,Classic,False,16,False,121,39.79
7294,2023-09-01,2023,Broker/IFA,North,55-64,Silver,False,16,False,242,199.2
7295,2023-09-01,2023,Comparison Site,Midlands,55-64,Silver,True,9,True,33,39.79
7296,2023-09-01,2023,Branch,South East,25-34,Silver,False,7,True,33,152.18
7297,2023-09-01,2023,Comparison Site,North,25-34,Silver,True,9,True,0,39.79
7298,2023-09-01,2023,Outbound,London,25-34,Gold,False,16,False,216,121.95
7299,2023-09-01,2023,Online,London,35-44,Gold,False,16,False,236,69.94
7300,2023-09-01,2023,Comparison Site,London,25-34,Silver,False,1,True,11,39.79
7301,2023-09-01,2023,Comparison Site,Wales & NI,45-54,Classic,False,10,True,66,39.79
7302,2023-09-01,2023,Comparison Site,Midlands,35-44,Classic,True,6,True,0,39.79
7303,2023-09-01,2023,Branch,London,65+,Silver,False,7,True,77,152.18
7304,2023-09-01,2023,Referral,South East,35-44,Gold,False,16,False,216,59.74
7305,2023-09-01,2023,Online,South East,18-24,Classic,True,1,True,0,69.94
7306,2023-09-01,2023,Referral,London,55-64,Silver,False,12,True,132,59.74
7307,2023-09-01,2023,Referral,Midlands,25-34,Silver,True,16,False,80,59.74
7308,2023-09-01,2023,Comparison Site,South East,35-44,Classic,False,16,False,88,39.79
7309,2023-09-01,2023,Branch,North,55-64,Silver,False,16,False,117,152.18
7310,2023-09-01,2023,Comparison Site,London,35-44,Classic,True,16,False,0,39.79
7311,2023-09-01,2023,Referral,London,65+,Silver,False,16,False,132,59.74
7312,2023-09-01,2023,Outbound,Scotland,25-34,Gold,False,16,False,216,121.95
7313,2023-09-01,2023,Comparison Site,North,45-54,Classic,False,3,True,0,39.79
7314,2023-09-01,2023,Comparison Site,Wales & NI,45-54,Classic,True,1,True,0,39.79
7315,2023-09-01,2023,Comparison Site,London,25-34,Classic,True,7,True,0,39.79
7316,2023-09-01,2023,Broker/IFA,South East,45-54,Classic,False,1,True,0,199.2
7317,2023-09-01,2023,Comparison Site,Scotland,25-34,Classic,False,16,False,0,39.79
7318,2023-09-01,2023,Broker/IFA,Wales & NI,18-24,Platinum,False,16,False,286,199.2
7319,2023-09-01,2023,Comparison Site,Wales & NI,35-44,Classic,True,7,True,0,39.79
7320,2023-09-01,2023,Comparison Site,North,45-54,Silver,True,15,True,66,39.79
7321,2023-09-01,2023,Comparison Site,South East,65+,Classic,True,10,True,0,39.79
7322,2023-09-01,2023,Online,South East,45-54,Silver,False,9,True,99,69.94
7323,2023-09-01,2023,Comparison Site,London,25-34,Classic,False,1,True,0,39.79
7324,2023-09-01,2023,Comparison Site,North,35-44,Gold,True,2,True,0,39.79
7325,2023-09-01,2023,Outbound,London,45-54,Silver,True,16,False,108,121.95
7326,2023-09-01,2023,Referral,Scotland,25-34,Silver,False,9,True,99,59.74
7327,2023-09-01,2023,Online,North,18-24,Silver,False,16,False,121,69.94
7328,2023-09-01,2023,Online,North,25-34,Classic,False,16,False,33,69.94
7329,2023-09-01,2023,Online,North,55-64,Classic,False,16,False,62,69.94
7330,2023-09-01,2023,Referral,Midlands,18-24,Silver,False,16,False,132,59.74
7331,2023-09-01,2023,Broker/IFA,North,25-34,Platinum,True,16,False,108,199.2
7332,2023-09-01,2023,Referral,South East,45-54,Silver,False,16,False,132,59.74
7333,2023-09-01,2023,Online,London,25-34,Classic,False,16,False,0,69.94
7334,2023-09-01,2023,Comparison Site,North,35-44,Silver,True,16,False,66,39.79
7335,2023-09-01,2023,Comparison Site,Scotland,18-24,Silver,True,7,True,11,39.79
7336,2023-09-01,2023,Branch,South East,25-34,Gold,False,16,False,276,152.18
7337,2023-09-01,2023,Outbound,South East,65+,Classic,True,3,True,0,121.95
7338,2023-09-01,2023,Online,Scotland,18-24,Silver,True,16,False,22,69.94
7339,2023-09-01,2023,Online,South East,25-34,Silver,False,16,False,132,69.94
7340,2023-09-01,2023,Online,North,55-64,Silver,False,16,False,132,69.94
7341,2023-09-01,2023,Online,North,35-44,Silver,False,16,False,121,69.94
7342,2023-09-01,2023,Branch,North,55-64,Platinum,False,16,False,336,152.18
7343,2023-09-01,2023,Broker/IFA,North,25-34,Silver,False,16,False,132,199.2
7344,2023-09-01,2023,Comparison Site,London,18-24,Classic,True,3,True,0,39.79
7345,2023-09-01,2023,Outbound,Midlands,25-34,Classic,True,4,True,0,121.95
7346,2023-09-01,2023,Broker/IFA,London,55-64,Gold,False,16,False,216,199.2
7347,2023-09-01,2023,Online,South East,18-24,Platinum,False,10,True,280,69.94
7348,2023-09-01,2023,Online,Wales & NI,55-64,Silver,False,16,False,11,69.94
7349,2023-09-01,2023,Comparison Site,Scotland,18-24,Classic,True,2,True,0,39.79
7350,2023-09-01,2023,Branch,London,18-24,Silver,False,16,False,299,152.18
7351,2023-09-01,2023,Online,Midlands,65+,Gold,True,7,True,18,69.94
7352,2023-09-01,2023,Referral,North,65+,Silver,False,12,True,66,59.74
7353,2023-09-01,2023,Branch,London,25-34,Silver,False,8,True,88,152.18
7354,2023-09-01,2023,Comparison Site,North,25-34,Gold,False,4,True,72,39.79
7355,2023-09-01,2023,Referral,North,55-64,Gold,False,13,True,316,59.74
7356,2023-09-01,2023,Comparison Site,South East,55-64,Platinum,True,7,True,28,39.79
7357,2023-09-01,2023,Branch,London,35-44,Gold,False,16,False,216,152.18
7358,2023-09-01,2023,Broker/IFA,London,35-44,Silver,False,16,False,132,199.2
7359,2023-09-01,2023,Referral,North,25-34,Silver,False,16,False,132,59.74
7360,2023-09-01,2023,Outbound,Midlands,35-44,Silver,False,9,True,99,121.95
7361,2023-09-01,2023,Online,Scotland,45-54,Gold,False,16,False,216,69.94
7362,2023-09-01,2023,Comparison Site,North,25-34,Classic,True,1,True,0,39.79
7363,2023-09-01,2023,Comparison Site,London,25-34,Silver,False,11,True,237,39.79
7364,2023-09-01,2023,Online,Midlands,65+,Silver,False,15,True,132,69.94
7365,2023-09-01,2023,Branch,Midlands,25-34,Classic,False,10,True,66,152.18
7366,2023-09-01,2023,Comparison Site,London,35-44,Classic,True,10,True,0,39.79
7367,2023-09-01,2023,Referral,North,18-24,Gold,False,16,False,226,59.74
7368,2023-09-01,2023,Comparison Site,Midlands,18-24,Silver,True,5,True,0,39.79
7369,2023-09-01,2023,Comparison Site,Wales & NI,25-34,Classic,False,16,False,0,39.79
7370,2023-09-01,2023,Comparison Site,Scotland,55-64,Silver,False,2,True,22,39.79
7371,2023-09-01,2023,Comparison Site,Midlands,45-54,Classic,True,7,True,0,39.79
7372,2023-09-01,2023,Broker/IFA,North,65+,Platinum,False,16,False,336,199.2
7373,2023-09-01,2023,Branch,South East,18-24,Silver,True,16,False,66,152.18
7374,2023-09-01,2023,Outbound,London,25-34,Gold,True,4,True,0,121.95
7375,2023-09-01,2023,Comparison Site,Midlands,65+,Silver,True,16,False,66,39.79
7376,2023-09-01,2023,Online,Midlands,55-64,Silver,False,16,False,132,69.94
7377,2023-09-01,2023,Branch,London,18-24,Silver,False,16,False,258,152.18
7378,2023-09-01,2023,Online,Midlands,45-54,Silver,False,16,False,132,69.94
7379,2023-09-01,2023,Branch,North,45-54,Silver,True,3,True,0,152.18
7380,2023-09-01,2023,Outbound,Scotland,25-34,Classic,True,16,False,0,121.95
7381,2023-09-01,2023,Online,Wales & NI,25-34,Classic,False,1,True,0,69.94
7382,2023-09-01,2023,Outbound,North,65+,Silver,True,16,False,44,121.95
7383,2023-09-01,2023,Branch,London,25-34,Silver,False,16,False,132,152.18
7384,2023-09-01,2023,Broker/IFA,London,45-54,Platinum,False,16,False,336,199.2
7385,2023-09-01,2023,Branch,North,55-64,Silver,True,16,False,108,152.18
7386,2023-09-01,2023,Branch,North,18-24,Platinum,False,15,True,336,152.18
7387,2023-09-01,2023,Broker/IFA,Wales & NI,35-44,Gold,False,16,False,266,199.2
7388,2023-09-01,2023,Branch,London,35-44,Gold,False,16,False,216,152.18
7389,2023-09-01,2023,Branch,South East,18-24,Classic,True,2,True,0,152.18
7390,2023-09-01,2023,Branch,North,35-44,Gold,True,16,False,128,152.18
7391,2023-09-01,2023,Comparison Site,Midlands,18-24,Silver,True,7,True,11,39.79
7392,2023-09-01,2023,Comparison Site,South East,18-24,Gold,False,15,True,216,39.79
7393,2023-09-01,2023,Online,Wales & NI,55-64,Silver,False,16,False,132,69.94
7394,2023-09-01,2023,Referral,London,18-24,Silver,False,16,False,195,59.74
7395,2023-09-01,2023,Branch,Wales & NI,45-54,Platinum,False,16,False,336,152.18
7396,2023-09-01,2023,Online,London,25-34,Silver,False,16,False,66,69.94
7397,2023-09-01,2023,Outbound,South East,25-34,Silver,False,2,True,22,121.95
7398,2023-09-01,2023,Referral,London,25-34,Silver,False,4,True,44,59.74
7399,2023-09-01,2023,Branch,London,25-34,Silver,False,16,False,11,152.18
7400,2023-09-01,2023,Comparison Site,Midlands,18-24,Silver,True,16,False,66,39.79
7401,2023-09-01,2023,Referral,London,35-44,Gold,False,16,False,316,59.74
7402,2023-09-01,2023,Online,London,25-34,Platinum,True,16,False,168,69.94
7403,2023-09-01,2023,Comparison Site,North,35-44,Silver,True,16,False,22,39.79
7404,2023-09-01,2023,Comparison Site,North,25-34,Classic,True,7,True,0,39.79
7405,2023-09-01,2023,Online,South East,35-44,Classic,True,14,True,11,69.94
7406,2023-09-01,2023,Comparison Site,Scotland,25-34,Classic,False,16,False,0,39.79
7407,2023-09-01,2023,Comparison Site,Scotland,35-44,Classic,True,2,True,0,39.79
7408,2023-09-01,2023,Referral,Scotland,55-64,Platinum,False,16,False,336,59.74
7409,2023-09-01,2023,Online,South East,18-24,Classic,False,16,False,0,69.94
7410,2023-09-01,2023,Broker/IFA,South East,25-34,Gold,False,16,False,266,199.2
7411,2023-09-01,2023,Online,South East,45-54,Silver,False,16,False,55,69.94
7412,2023-09-01,2023,Outbound,Midlands,18-24,Platinum,True,2,True,0,121.95
7413,2023-09-01,2023,Outbound,Wales & NI,35-44,Gold,True,16,False,108,121.95
7414,2023-09-01,2023,Online,London,18-24,Classic,False,16,False,55,69.94
7415,2023-09-01,2023,Branch,London,55-64,Gold,False,16,False,236,152.18
7416,2023-09-01,2023,Online,South East,45-54,Silver,True,7,True,11,69.94
7417,2023-09-01,2023,Comparison Site,North,65+,Classic,False,13,True,0,39.79
7418,2023-09-01,2023,Referral,South East,65+,Gold,False,15,True,306,59.74
7419,2023-09-01,2023,Online,Scotland,18-24,Platinum,False,16,False,336,69.94
7420,2023-09-01,2023,Comparison Site,Midlands,45-54,Silver,True,1,True,0,39.79
7421,2023-09-01,2023,Comparison Site,North,55-64,Silver,True,7,True,11,39.79
7422,2023-09-01,2023,Branch,London,45-54,Platinum,False,16,False,336,152.18
7423,2023-09-01,2023,Branch,North,25-34,Gold,False,16,False,326,152.18
7424,2023-09-01,2023,Branch,South East,65+,Silver,False,16,False,132,152.18
7425,2023-09-01,2023,Outbound,Midlands,18-24,Gold,True,3,True,0,121.95
7426,2023-09-01,2023,Branch,London,45-54,Gold,False,16,False,229,152.18
7427,2023-09-01,2023,Comparison Site,London,25-34,Classic,True,1,True,0,39.79
7428,2023-09-01,2023,Comparison Site,South East,35-44,Classic,True,1,True,0,39.79
7429,2023-09-01,2023,Outbound,Midlands,55-64,Silver,True,4,True,0,121.95
7430,2023-09-01,2023,Branch,North,18-24,Gold,False,16,False,216,152.18
7431,2023-09-01,2023,Comparison Site,South East,25-34,Classic,False,11,True,0,39.79
7432,2023-09-01,2023,Branch,Wales & NI,55-64,Gold,False,16,False,216,152.18
7433,2023-09-01,2023,Broker/IFA,Wales & NI,25-34,Gold,False,8,True,194,199.2
7434,2023-09-01,2023,Referral,Midlands,65+,Gold,False,16,False,216,59.74
7435,2023-09-01,2023,Online,London,45-54,Silver,False,16,False,132,69.94
7436,2023-09-01,2023,Online,North,35-44,Silver,True,16,False,80,69.94
7437,2023-09-01,2023,Online,Scotland,25-34,Silver,False,6,True,66,69.94
7438,2023-09-01,2023,Broker/IFA,London,45-54,Silver,False,16,False,160,199.2
7439,2023-09-01,2023,Comparison Site,London,55-64,Classic,True,11,True,0,39.79
7440,2023-09-01,2023,Online,Midlands,45-54,Platinum,False,16,False,296,69.94
7441,2023-09-01,2023,Branch,London,55-64,Silver,False,16,False,139,152.18
7442,2023-09-01,2023,Comparison Site,London,35-44,Classic,True,4,True,0,39.79
7443,2023-09-01,2023,Branch,Scotland,25-34,Gold,False,16,False,306,152.18
7444,2023-09-01,2023,Comparison Site,South East,25-34,Silver,False,3,True,33,39.79
7445,2023-09-01,2023,Branch,Midlands,25-34,Silver,False,16,False,174,152.18
7446,2023-09-01,2023,Comparison Site,Midlands,55-64,Silver,True,16,False,66,39.79
7447,2023-09-01,2023,Online,South East,35-44,Gold,False,16,False,216,69.94
7448,2023-09-01,2023,Branch,North,35-44,Silver,False,14,True,209,152.18
7449,2023-09-01,2023,Comparison Site,Midlands,25-34,Gold,False,16,False,216,39.79
7450,2023-09-01,2023,Referral,Midlands,18-24,Gold,False,16,False,216,59.74
7451,2023-09-01,2023,Broker/IFA,South East,25-34,Platinum,False,16,False,306,199.2
7452,2023-09-01,2023,Comparison Site,Wales & NI,35-44,Classic,True,1,True,0,39.79
7453,2023-09-01,2023,Online,Scotland,25-34,Silver,False,16,False,132,69.94
7454,2023-09-01,2023,Comparison Site,London,25-34,Classic,True,7,True,11,39.79
7455,2023-09-01,2023,Branch,South East,35-44,Gold,False,16,False,188,152.18
7456,2023-09-01,2023,Online,South East,25-34,Silver,False,16,False,44,69.94
7457,2023-09-01,2023,Broker/IFA,Wales & NI,25-34,Platinum,False,16,False,336,199.2
7458,2023-09-01,2023,Online,North,25-34,Classic,False,7,True,0,69.94
7459,2023-09-01,2023,Referral,North,65+,Silver,False,9,True,55,59.74
7460,2023-09-01,2023,Online,London,45-54,Gold,True,16,False,66,69.94
7461,2023-09-01,2023,Outbound,London,25-34,Gold,False,16,False,174,121.95
7462,2023-09-01,2023,Outbound,Midlands,25-34,Silver,False,2,True,22,121.95
7463,2023-09-01,2023,Branch,South East,35-44,Platinum,True,16,False,148,152.18
7464,2023-09-01,2023,Broker/IFA,Scotland,45-54,Platinum,True,16,False,168,199.2
7465,2023-09-01,2023,Comparison Site,North,35-44,Silver,True,7,True,11,39.79
7466,2023-09-01,2023,Comparison Site,North,55-64,Classic,True,2,True,0,39.79
7467,2023-09-01,2023,Referral,North,45-54,Silver,True,4,True,0,59.74
7468,2023-09-01,2023,Branch,London,25-34,Silver,False,16,False,132,152.18
7469,2023-09-01,2023,Online,London,55-64,Platinum,False,16,False,336,69.94
7470,2023-09-01,2023,Comparison Site,Midlands,45-54,Classic,False,11,True,110,39.79
7471,2023-09-01,2023,Branch,London,25-34,Silver,False,16,False,55,152.18
7472,2023-09-01,2023,Broker/IFA,Scotland,45-54,Platinum,False,16,False,336,199.2
7473,2023-09-01,2023,Comparison Site,London,18-24,Silver,True,8,True,22,39.79
7474,2023-09-01,2023,Referral,London,35-44,Platinum,False,16,False,336,59.74
7475,2023-09-01,2023,Online,South East,25-34,Silver,False,4,True,44,69.94
7476,2023-09-01,2023,Online,South East,55-64,Platinum,True,16,False,168,69.94
7477,2023-09-01,2023,Referral,London,45-54,Silver,False,16,False,132,59.74
7478,2023-09-01,2023,Broker/IFA,Scotland,18-24,Platinum,False,4,True,112,199.2
7479,2023-09-01,2023,Comparison Site,London,45-54,Gold,True,16,False,108,39.79
7480,2023-09-01,2023,Comparison Site,North,55-64,Silver,True,7,True,11,39.79
7481,2023-09-01,2023,Outbound,Wales & NI,45-54,Platinum,False,16,False,316,121.95
7482,2023-09-01,2023,Comparison Site,Midlands,25-34,Silver,True,5,True,0,39.79
7483,2023-09-01,2023,Online,Wales & NI,45-54,Classic,False,16,False,33,69.94
7484,2023-09-01,2023,Branch,Scotland,18-24,Silver,True,7,True,0,152.18
7485,2023-09-01,2023,Online,South East,25-34,Classic,False,1,True,0,69.94
7486,2023-09-01,2023,Branch,London,35-44,Platinum,False,16,False,336,152.18
7487,2023-09-01,2023,Comparison Site,North,65+,Classic,False,4,True,0,39.79
7488,2023-09-01,2023,Comparison Site,London,55-64,Silver,True,16,False,66,39.79
7489,2023-09-01,2023,Online,North,55-64,Classic,True,6,True,0,69.94
7490,2023-09-01,2023,Outbound,London,18-24,Silver,True,16,False,66,121.95
7491,2023-09-01,2023,Outbound,Scotland,35-44,Silver,True,16,False,66,121.95
7492,2023-09-01,2023,Comparison Site,London,65+,Silver,False,16,False,132,39.79
7493,2023-09-01,2023,Outbound,Midlands,35-44,Silver,True,2,True,0,121.95
7494,2023-09-01,2023,Online,Midlands,55-64,Silver,False,2,True,22,69.94
7495,2023-09-01,2023,Online,Wales & NI,25-34,Silver,False,2,True,22,69.94
7496,2023-09-01,2023,Online,Scotland,45-54,Gold,False,4,True,72,69.94
7497,2023-09-01,2023,Branch,North,25-34,Gold,False,16,False,153,152.18
7498,2023-09-01,2023,Online,Midlands,25-34,Classic,False,16,False,77,69.94
7499,2023-09-01,2023,Referral,South East,55-64,Classic,False,16,False,44,59.74
7500,2023-09-01,2023,Comparison Site,Midlands,25-34,Classic,True,2,True,0,39.79
7501,2023-09-01,2023,Referral,North,35-44,Gold,False,12,True,153,59.74
7502,2023-09-01,2023,Branch,North,35-44,Gold,False,9,True,120,152.18
7503,2023-09-01,2023,Comparison Site,South East,55-64,Classic,True,5,True,0,39.79
7504,2023-09-01,2023,Comparison Site,Midlands,25-34,Classic,True,16,False,0,39.79
7505,2023-09-01,2023,Comparison Site,Midlands,35-44,Gold,False,11,True,198,39.79
7506,2023-09-01,2023,Outbound,London,35-44,Classic,False,1,True,0,121.95
7507,2023-09-01,2023,Broker/IFA,London,45-54,Silver,True,16,False,55,199.2
7508,2023-09-01,2023,Referral,London,25-34,Classic,False,16,False,55,59.74
7509,2023-09-01,2023,Outbound,London,35-44,Platinum,False,16,False,336,121.95
7510,2023-09-01,2023,Referral,London,25-34,Gold,False,16,False,216,59.74
7511,2023-09-01,2023,Online,London,25-34,Platinum,True,9,True,84,69.94
7512,2023-09-01,2023,Comparison Site,North,35-44,Silver,True,16,False,66,39.79
7513,2023-09-01,2023,Online,Wales & NI,65+,Platinum,True,14,True,128,69.94
7514,2023-09-01,2023,Online,North,35-44,Silver,False,15,True,202,69.94
7515,2023-09-01,2023,Comparison Site,London,25-34,Silver,True,16,False,66,39.79
7516,2023-09-01,2023,Outbound,South East,55-64,Classic,False,2,True,0,121.95
7517,2023-09-01,2023,Branch,South East,55-64,Gold,False,16,False,216,152.18
7518,2023-09-01,2023,Comparison Site,Midlands,55-64,Silver,True,16,False,73,39.79
7519,2023-09-01,2023,Referral,South East,45-54,Silver,False,16,False,22,59.74
7520,2023-09-01,2023,Outbound,Scotland,45-54,Classic,False,16,False,44,121.95
7521,2023-09-01,2023,Online,North,45-54,Classic,False,2,True,0,69.94
7522,2023-09-01,2023,Referral,Scotland,25-34,Gold,False,16,False,216,59.74
7523,2023-09-01,2023,Referral,South East,18-24,Silver,False,16,False,132,59.74
7524,2023-09-01,2023,Broker/IFA,North,35-44,Silver,False,16,False,188,199.2
7525,2023-09-01,2023,Online,South East,25-34,Silver,False,12,True,44,69.94
7526,2023-09-01,2023,Outbound,London,18-24,Gold,False,16,False,286,121.95
7527,2023-09-01,2023,Comparison Site,North,55-64,Silver,True,8,True,22,39.79
7528,2023-09-01,2023,Comparison Site,Scotland,55-64,Gold,False,16,False,216,39.79
7529,2023-09-01,2023,Online,London,45-54,Silver,False,5,True,33,69.94
7530,2023-09-01,2023,Referral,London,35-44,Gold,False,16,False,246,59.74
7531,2023-09-01,2023,Outbound,Midlands,35-44,Classic,False,4,True,0,121.95
7532,2023-09-01,2023,Branch,North,35-44,Gold,False,16,False,216,152.18
7533,2023-09-01,2023,Comparison Site,Scotland,55-64,Gold,True,16,False,108,39.79
7534,2023-09-01,2023,Comparison Site,South East,35-44,Gold,True,1,True,0,39.79
7535,2023-09-01,2023,Branch,North,25-34,Platinum,True,16,False,118,152.18
7536,2023-09-01,2023,Online,Midlands,35-44,Silver,False,16,False,132,69.94
7537,2023-09-01,2023,Online,North,35-44,Classic,False,5,True,11,69.94
7538,2023-09-01,2023,Branch,South East,45-54,Platinum,False,9,True,252,152.18
7539,2023-09-01,2023,Outbound,Midlands,35-44,Platinum,False,16,False,336,121.95
7540,2023-09-01,2023,Branch,North,25-34,Silver,False,13,True,132,152.18
7541,2023-09-01,2023,Broker/IFA,South East,18-24,Silver,False,16,False,132,199.2
7542,2023-09-01,2023,Referral,South East,35-44,Platinum,False,16,False,336,59.74
7543,2023-09-01,2023,Comparison Site,South East,25-34,Silver,False,15,True,132,39.79
7544,2023-09-01,2023,Comparison Site,South East,55-64,Classic,False,3,True,0,39.79
7545,2023-09-01,2023,Branch,Wales & NI,45-54,Platinum,False,16,False,336,152.18
7546,2023-09-01,2023,Comparison Site,South East,35-44,Classic,True,14,True,0,39.79
7547,2023-09-01,2023,Referral,Midlands,55-64,Gold,False,16,False,139,59.74
7548,2023-09-01,2023,Branch,Wales & NI,25-34,Silver,False,5,True,55,152.18
7549,2023-09-01,2023,Comparison Site,South East,55-64,Silver,False,7,True,77,39.79
7550,2023-09-01,2023,Outbound,North,25-34,Silver,False,9,True,155,121.95
7551,2023-09-01,2023,Branch,Scotland,25-34,Gold,False,16,False,256,152.18
7552,2023-09-01,2023,Comparison Site,Midlands,25-34,Classic,True,5,True,0,39.79
7553,2023-09-01,2023,Outbound,Wales & NI,25-34,Classic,True,7,True,0,121.95
7554,2023-09-01,2023,Online,London,25-34,Gold,False,16,False,316,69.94
7555,2023-09-01,2023,Branch,London,35-44,Platinum,False,16,False,336,152.18
7556,2023-09-01,2023,Outbound,North,18-24,Classic,False,9,True,0,121.95
7557,2023-09-01,2023,Comparison Site,South East,35-44,Classic,True,1,True,0,39.79
7558,2023-09-01,2023,Outbound,North,25-34,Silver,False,16,False,88,121.95
7559,2023-09-01,2023,Comparison Site,South East,25-34,Silver,True,16,False,108,39.79
7560,2023-09-01,2023,Comparison Site,London,18-24,Silver,False,15,True,132,39.79
7561,2023-09-01,2023,Comparison Site,South East,35-44,Classic,False,2,True,0,39.79
7562,2023-09-01,2023,Comparison Site,South East,45-54,Classic,False,3,True,0,39.79
7563,2023-09-01,2023,Online,Scotland,25-34,Silver,False,16,False,132,69.94
7564,2023-09-01,2023,Branch,North,45-54,Platinum,False,16,False,276,152.18
7565,2023-09-01,2023,Referral,South East,45-54,Gold,False,16,False,266,59.74
7566,2023-09-01,2023,Comparison Site,Midlands,45-54,Silver,True,14,True,66,39.79
7567,2023-09-01,2023,Online,Midlands,45-54,Classic,False,2,True,0,69.94
7568,2023-09-01,2023,Referral,North,18-24,Gold,False,16,False,236,59.74
7569,2023-09-01,2023,Outbound,Scotland,35-44,Classic,False,1,True,0,121.95
7570,2023-09-01,2023,Outbound,South East,45-54,Silver,True,16,False,66,121.95
7571,2023-09-01,2023,Branch,Wales & NI,35-44,Gold,False,1,True,18,152.18
7572,2023-09-01,2023,Outbound,London,35-44,Gold,False,4,True,72,121.95
7573,2023-09-01,2023,Broker/IFA,North,55-64,Silver,False,12,True,22,199.2
7574,2023-09-01,2023,Comparison Site,Midlands,65+,Silver,True,10,True,44,39.79
7575,2023-09-01,2023,Online,South East,18-24,Silver,False,2,True,22,69.94
7576,2023-09-01,2023,Online,London,55-64,Gold,False,16,False,174,69.94
7577,2023-09-01,2023,Broker/IFA,London,35-44,Platinum,False,16,False,336,199.2
7578,2023-09-01,2023,Comparison Site,Midlands,55-64,Classic,True,9,True,0,39.79
7579,2023-09-01,2023,Online,Wales & NI,45-54,Classic,True,11,True,0,69.94
7580,2023-09-01,2023,Online,Scotland,25-34,Classic,False,5,True,0,69.94
7581,2023-09-01,2023,Online,Scotland,45-54,Classic,False,1,True,0,69.94
7582,2023-09-01,2023,Branch,South East,25-34,Silver,False,16,False,132,152.18
7583,2023-09-01,2023,Referral,London,45-54,Silver,False,5,True,55,59.74
7584,2023-09-01,2023,Broker/IFA,London,45-54,Gold,False,16,False,216,199.2
7585,2023-09-01,2023,Broker/IFA,North,18-24,Platinum,False,5,True,140,199.2
7586,2023-09-01,2023,Branch,North,18-24,Platinum,False,16,False,336,152.18
7587,2023-09-01,2023,Outbound,Midlands,65+,Classic,False,11,True,0,121.95
7588,2023-09-01,2023,Branch,London,65+,Platinum,False,16,False,336,152.18
7589,2023-09-01,2023,Outbound,South East,25-34,Classic,True,16,False,55,121.95
7590,2023-09-01,2023,Online,London,25-34,Classic,True,16,False,0,69.94
7591,2023-09-01,2023,Online,Midlands,45-54,Silver,True,16,False,66,69.94
7592,2023-09-01,2023,Online,London,35-44,Silver,False,15,True,132,69.94
7593,2023-09-01,2023,Online,Midlands,45-54,Silver,False,16,False,188,69.94
7594,2023-09-01,2023,Comparison Site,North,45-54,Classic,False,2,True,0,39.79
7595,2023-09-01,2023,Comparison Site,London,18-24,Classic,True,7,True,0,39.79
7596,2023-09-01,2023,Referral,North,35-44,Silver,False,16,False,88,59.74
7597,2023-09-01,2023,Comparison Site,Wales & NI,35-44,Classic,True,7,True,0,39.79
7598,2023-09-01,2023,Comparison Site,South East,65+,Gold,True,16,False,108,39.79
7599,2023-09-01,2023,Comparison Site,Wales & NI,35-44,Gold,True,16,False,108,39.79
7600,2023-09-01,2023,Outbound,London,35-44,Gold,True,16,False,108,121.95
7601,2023-09-01,2023,Comparison Site,Wales & NI,18-24,Classic,False,16,False,114,39.79
7602,2023-09-01,2023,Referral,South East,25-34,Gold,False,3,True,54,59.74
7603,2023-09-01,2023,Online,Midlands,18-24,Classic,False,7,True,83,69.94
7604,2023-09-01,2023,Comparison Site,London,35-44,Silver,False,5,True,55,39.79
7605,2023-09-01,2023,Comparison Site,Midlands,25-34,Gold,True,16,False,108,39.79
7606,2023-09-01,2023,Branch,South East,25-34,Gold,True,5,True,0,152.18
7607,2023-09-01,2023,Comparison Site,Scotland,45-54,Classic,True,10,True,44,39.79
7608,2023-09-01,2023,Comparison Site,North,55-64,Classic,True,2,True,0,39.79
7609,2023-09-01,2023,Online,Scotland,25-34,Platinum,False,16,False,336,69.94
7610,2023-09-01,2023,Branch,Midlands,45-54,Platinum,False,16,False,316,152.18
7611,2023-09-01,2023,Comparison Site,Wales & NI,55-64,Classic,True,1,True,0,39.79
7612,2023-09-01,2023,Broker/IFA,Scotland,25-34,Gold,False,11,True,218,199.2
7613,2023-09-01,2023,Referral,Midlands,18-24,Gold,False,7,True,126,59.74
7614,2023-09-01,2023,Outbound,South East,55-64,Classic,False,1,True,0,121.95
7615,2023-09-01,2023,Branch,South East,25-34,Gold,False,16,False,216,152.18
7616,2023-09-01,2023,Branch,London,18-24,Silver,False,16,False,132,152.18
7617,2023-09-01,2023,Comparison Site,Midlands,25-34,Silver,True,16,False,66,39.79
7618,2023-09-01,2023,Online,Scotland,35-44,Classic,True,1,True,0,69.94
7619,2023-09-01,2023,Branch,South East,45-54,Silver,False,16,False,139,152.18
7620,2023-09-01,2023,Online,Scotland,25-34,Platinum,True,16,False,168,69.94
7621,2023-09-01,2023,Outbound,Midlands,25-34,Silver,True,16,False,87,121.95
7622,2023-09-01,2023,Comparison Site,North,45-54,Gold,False,16,False,216,39.79
7623,2023-09-01,2023,Branch,South East,45-54,Classic,False,16,False,33,152.18
7624,2023-09-01,2023,Online,Midlands,55-64,Classic,False,16,False,0,69.94
7625,2023-09-01,2023,Branch,North,45-54,Silver,True,1,True,0,152.18
7626,2023-09-01,2023,Branch,South East,25-34,Silver,False,16,False,160,152.18
7627,2023-09-01,2023,Comparison Site,London,45-54,Classic,False,2,True,0,39.79
7628,2023-09-01,2023,Referral,North,35-44,Platinum,True,4,True,0,59.74
7629,2023-09-01,2023,Online,London,25-34,Gold,False,16,False,216,69.94
7630,2023-09-01,2023,Broker/IFA,London,25-34,Platinum,True,16,False,168,199.2
7631,2023-09-01,2023,Broker/IFA,Midlands,18-24,Gold,False,16,False,296,199.2
7632,2023-09-01,2023,Online,South East,45-54,Silver,True,16,False,101,69.94
7633,2023-09-01,2023,Comparison Site,South East,35-44,Silver,False,16,False,132,39.79
7634,2023-09-01,2023,Comparison Site,London,35-44,Gold,True,9,True,33,39.79
7635,2023-09-01,2023,Online,Wales & NI,55-64,Gold,True,3,True,0,69.94
7636,2023-09-01,2023,Comparison Site,Midlands,45-54,Gold,False,16,False,216,39.79
7637,2023-09-01,2023,Comparison Site,South East,25-34,Gold,True,3,True,0,39.79
7638,2023-09-01,2023,Branch,Midlands,25-34,Gold,False,3,True,54,152.18
7639,2023-09-01,2023,Branch,London,55-64,Gold,False,3,True,40,152.18
7640,2023-09-01,2023,Online,South East,45-54,Silver,False,16,False,195,69.94
7641,2023-09-01,2023,Branch,North,25-34,Silver,False,16,False,132,152.18
7642,2023-09-01,2023,Branch,Midlands,55-64,Platinum,True,16,False,168,152.18
7643,2023-09-01,2023,Online,London,45-54,Classic,False,5,True,0,69.94
7644,2023-09-01,2023,Comparison Site,North,35-44,Silver,False,16,False,132,39.79
7645,2023-09-01,2023,Comparison Site,North,25-34,Classic,False,1,True,0,39.79
7646,2023-09-01,2023,Broker/IFA,North,65+,Platinum,False,16,False,336,199.2
7647,2023-09-01,2023,Broker/IFA,Wales & NI,35-44,Gold,False,1,True,18,199.2
7648,2023-09-01,2023,Online,London,65+,Classic,True,15,True,0,69.94
7649,2023-09-01,2023,Online,South East,35-44,Silver,False,16,False,188,69.94
7650,2023-09-01,2023,Referral,North,25-34,Gold,False,16,False,216,59.74
7651,2023-09-01,2023,Outbound,Wales & NI,25-34,Gold,True,16,False,108,121.95
7652,2023-09-01,2023,Referral,Wales & NI,35-44,Classic,False,16,False,44,59.74
7653,2023-09-01,2023,Referral,London,25-34,Gold,True,16,False,108,59.74
7654,2023-09-01,2023,Online,South East,55-64,Gold,True,4,True,0,69.94
7655,2023-09-01,2023,Referral,Scotland,25-34,Platinum,False,16,False,246,59.74
7656,2023-09-01,2023,Outbound,Midlands,25-34,Platinum,True,16,False,168,121.95
7657,2023-09-01,2023,Online,London,35-44,Silver,False,16,False,132,69.94
7658,2023-09-01,2023,Broker/IFA,North,55-64,Platinum,False,7,True,166,199.2
7659,2023-09-01,2023,Online,North,25-34,Silver,False,16,False,33,69.94
7660,2023-09-01,2023,Outbound,Wales & NI,25-34,Silver,True,16,False,66,121.95
7661,2023-09-01,2023,Outbound,Scotland,45-54,Silver,True,16,False,128,121.95
7662,2023-09-01,2023,Online,Midlands,25-34,Classic,False,1,True,0,69.94
7663,2023-09-01,2023,Branch,London,35-44,Platinum,False,10,True,280,152.18
7664,2023-09-01,2023,Broker/IFA,Scotland,45-54,Gold,False,16,False,266,199.2
7665,2023-09-01,2023,Comparison Site,South East,35-44,Silver,True,16,False,94,39.79
7666,2023-09-01,2023,Referral,Midlands,18-24,Gold,False,16,False,216,59.74
7667,2023-09-01,2023,Comparison Site,North,18-24,Classic,True,16,False,0,39.79
7668,2023-09-01,2023,Comparison Site,London,25-34,Silver,True,1,True,0,39.79
7669,2023-09-01,2023,Comparison Site,Scotland,18-24,Silver,False,11,True,177,39.79
7670,2023-09-01,2023,Branch,South East,55-64,Classic,False,16,False,0,152.18
7671,2023-09-01,2023,Outbound,South East,18-24,Silver,False,5,True,33,121.95
7672,2023-09-01,2023,Online,London,45-54,Silver,False,16,False,202,69.94
7673,2023-09-01,2023,Broker/IFA,Wales & NI,45-54,Gold,False,16,False,216,199.2
7674,2023-09-01,2023,Broker/IFA,London,25-34,Gold,False,16,False,216,199.2
7675,2023-09-01,2023,Comparison Site,North,35-44,Classic,True,1,True,0,39.79
7676,2023-09-01,2023,Online,South East,45-54,Gold,False,16,False,216,69.94
7677,2023-09-01,2023,Referral,Midlands,25-34,Silver,False,16,False,132,59.74
7678,2023-09-01,2023,Branch,Midlands,45-54,Platinum,False,16,False,336,152.18
7679,2023-09-01,2023,Outbound,South East,65+,Silver,False,16,False,228,121.95
7680,2023-09-01,2023,Online,Midlands,35-44,Classic,True,16,False,0,69.94
7681,2023-09-01,2023,Comparison Site,Wales & NI,35-44,Silver,False,16,False,132,39.79
7682,2023-09-01,2023,Broker/IFA,North,18-24,Gold,False,16,False,209,199.2
7683,2023-09-01,2023,Online,Midlands,65+,Silver,True,1,True,0,69.94
7684,2023-09-01,2023,Comparison Site,South East,55-64,Classic,True,11,True,0,39.79
7685,2023-09-01,2023,Comparison Site,North,25-34,Classic,True,12,True,0,39.79
7686,2023-09-01,2023,Comparison Site,North,25-34,Classic,True,1,True,0,39.79
7687,2023-09-01,2023,Online,North,45-54,Silver,False,10,True,110,69.94
7688,2023-09-01,2023,Outbound,South East,25-34,Gold,True,16,False,108,121.95
7689,2023-09-01,2023,Comparison Site,Wales & NI,25-34,Silver,True,1,True,0,39.79
7690,2023-09-01,2023,Online,London,45-54,Silver,True,16,False,0,69.94
7691,2023-09-01,2023,Branch,Midlands,35-44,Gold,False,16,False,216,152.18
7692,2023-09-01,2023,Online,South East,45-54,Classic,False,16,False,0,69.94
7693,2023-09-01,2023,Branch,Midlands,45-54,Gold,False,11,True,177,152.18
7694,2023-09-01,2023,Branch,Wales & NI,35-44,Platinum,False,16,False,336,152.18
7695,2023-09-01,2023,Online,South East,45-54,Classic,True,3,True,0,69.94
7696,2023-09-01,2023,Comparison Site,South East,45-54,Silver,True,16,False,66,39.79
7697,2023-09-01,2023,Comparison Site,London,35-44,Silver,True,12,True,66,39.79
7698,2023-09-01,2023,Comparison Site,Wales & NI,18-24,Classic,False,9,True,0,39.79
7699,2023-09-01,2023,Online,Midlands,25-34,Gold,False,16,False,266,69.94
7700,2023-09-01,2023,Comparison Site,Scotland,65+,Classic,False,11,True,0,39.79
7701,2023-09-01,2023,Outbound,London,25-34,Silver,False,1,True,11,121.95
7702,2023-09-01,2023,Online,South East,18-24,Classic,False,16,False,99,69.94
7703,2023-09-01,2023,Comparison Site,North,55-64,Silver,False,2,True,11,39.79
7704,2023-09-01,2023,Branch,North,25-34,Platinum,True,11,True,140,152.18
7705,2023-09-01,2023,Online,Midlands,35-44,Silver,False,16,False,11,69.94
7706,2023-09-01,2023,Online,South East,65+,Gold,True,7,True,18,69.94
7707,2023-09-01,2023,Comparison Site,London,18-24,Classic,True,3,True,0,39.79
7708,2023-09-01,2023,Outbound,North,35-44,Classic,False,16,False,0,121.95
7709,2023-09-01,2023,Referral,London,35-44,Gold,True,16,False,148,59.74
7710,2023-09-01,2023,Online,London,35-44,Classic,True,14,True,11,69.94
7711,2023-10-01,2023,Branch,Midlands,45-54,Gold,False,8,True,144,152.18
7712,2023-10-01,2023,Comparison Site,London,35-44,Classic,False,1,True,0,39.79
7713,2023-10-01,2023,Comparison Site,Wales & NI,18-24,Gold,True,15,False,138,39.79
7714,2023-10-01,2023,Online,South East,18-24,Silver,False,15,False,132,69.94
7715,2023-10-01,2023,Branch,South East,35-44,Gold,True,7,True,11,152.18
7716,2023-10-01,2023,Branch,South East,25-34,Gold,False,15,False,306,152.18
7717,2023-10-01,2023,Branch,London,35-44,Gold,False,15,False,266,152.18
7718,2023-10-01,2023,Comparison Site,South East,25-34,Classic,True,9,True,0,39.79
7719,2023-10-01,2023,Comparison Site,Scotland,18-24,Classic,False,5,True,0,39.79
7720,2023-10-01,2023,Outbound,North,35-44,Silver,True,7,True,18,121.95
7721,2023-10-01,2023,Comparison Site,Scotland,35-44,Classic,True,3,True,0,39.79
7722,2023-10-01,2023,Comparison Site,Midlands,35-44,Gold,False,15,False,266,39.79
7723,2023-10-01,2023,Referral,Midlands,25-34,Gold,False,15,False,216,59.74
7724,2023-10-01,2023,Referral,South East,45-54,Gold,False,15,False,216,59.74
7725,2023-10-01,2023,Branch,South East,45-54,Gold,False,15,False,216,152.18
7726,2023-10-01,2023,Comparison Site,North,25-34,Silver,False,15,False,202,39.79
7727,2023-10-01,2023,Comparison Site,London,35-44,Classic,False,15,False,0,39.79
7728,2023-10-01,2023,Broker/IFA,Midlands,55-64,Gold,False,15,False,216,199.2
7729,2023-10-01,2023,Branch,South East,25-34,Platinum,True,1,True,0,152.18
7730,2023-10-01,2023,Online,Scotland,55-64,Gold,False,15,False,216,69.94
7731,2023-10-01,2023,Online,London,45-54,Silver,False,8,True,22,69.94
7732,2023-10-01,2023,Comparison Site,South East,45-54,Silver,False,10,True,44,39.79
7733,2023-10-01,2023,Referral,London,45-54,Silver,False,15,False,174,59.74
7734,2023-10-01,2023,Comparison Site,North,25-34,Silver,False,15,False,132,39.79
7735,2023-10-01,2023,Online,Scotland,18-24,Gold,True,1,True,0,69.94
7736,2023-10-01,2023,Online,North,35-44,Silver,True,14,True,66,69.94
7737,2023-10-01,2023,Comparison Site,London,25-34,Silver,True,15,False,66,39.79
7738,2023-10-01,2023,Online,South East,65+,Silver,True,15,False,66,69.94
7739,2023-10-01,2023,Branch,Midlands,35-44,Gold,True,10,True,72,152.18
7740,2023-10-01,2023,Online,London,18-24,Gold,True,15,False,108,69.94
7741,2023-10-01,2023,Comparison Site,Midlands,25-34,Classic,True,4,True,0,39.79
7742,2023-10-01,2023,Online,Midlands,18-24,Classic,True,3,True,0,69.94
7743,2023-10-01,2023,Referral,North,25-34,Gold,False,2,True,36,59.74
7744,2023-10-01,2023,Comparison Site,North,55-64,Silver,True,4,True,0,39.79
7745,2023-10-01,2023,Online,Wales & NI,25-34,Silver,False,15,False,188,69.94
7746,2023-10-01,2023,Comparison Site,Scotland,45-54,Platinum,True,15,False,108,39.79
7747,2023-10-01,2023,Comparison Site,North,55-64,Classic,True,6,True,0,39.79
7748,2023-10-01,2023,Online,South East,65+,Silver,True,15,False,66,69.94
7749,2023-10-01,2023,Referral,North,35-44,Silver,False,1,True,11,59.74
7750,2023-10-01,2023,Comparison Site,Midlands,65+,Classic,False,7,True,0,39.79
7751,2023-10-01,2023,Comparison Site,Wales & NI,35-44,Classic,True,15,False,0,39.79
7752,2023-10-01,2023,Branch,North,35-44,Platinum,False,15,False,336,152.18
7753,2023-10-01,2023,Outbound,Wales & NI,35-44,Silver,True,15,False,108,121.95
7754,2023-10-01,2023,Comparison Site,London,18-24,Classic,True,15,False,107,39.79
7755,2023-10-01,2023,Branch,Midlands,25-34,Classic,False,1,True,0,152.18
7756,2023-10-01,2023,Comparison Site,London,18-24,Classic,True,7,True,0,39.79
7757,2023-10-01,2023,Broker/IFA,London,55-64,Silver,False,15,False,188,199.2
7758,2023-10-01,2023,Referral,South East,25-34,Classic,False,15,False,0,59.74
7759,2023-10-01,2023,Broker/IFA,Scotland,45-54,Gold,False,15,False,216,199.2
7760,2023-10-01,2023,Broker/IFA,North,18-24,Silver,False,5,True,55,199.2
7761,2023-10-01,2023,Online,South East,55-64,Classic,True,1,True,0,69.94
7762,2023-10-01,2023,Outbound,London,25-34,Silver,False,6,True,66,121.95
7763,2023-10-01,2023,Comparison Site,Midlands,35-44,Classic,True,1,True,0,39.79
7764,2023-10-01,2023,Comparison Site,London,45-54,Silver,True,8,True,22,39.79
7765,2023-10-01,2023,Comparison Site,North,18-24,Silver,True,11,True,55,39.79
7766,2023-10-01,2023,Online,Wales & NI,25-34,Silver,False,2,True,22,69.94
7767,2023-10-01,2023,Online,South East,35-44,Silver,True,2,True,0,69.94
7768,2023-10-01,2023,Referral,South East,35-44,Classic,False,15,False,0,59.74
7769,2023-10-01,2023,Online,South East,45-54,Silver,False,4,True,51,69.94
7770,2023-10-01,2023,Online,North,65+,Silver,False,8,True,88,69.94
7771,2023-10-01,2023,Comparison Site,South East,35-44,Silver,False,1,True,11,39.79
7772,2023-10-01,2023,Referral,London,55-64,Silver,False,1,True,11,59.74
7773,2023-10-01,2023,Branch,Wales & NI,25-34,Gold,False,15,False,202,152.18
7774,2023-10-01,2023,Outbound,London,35-44,Gold,True,7,True,18,121.95
7775,2023-10-01,2023,Branch,London,65+,Silver,False,15,False,132,152.18
7776,2023-10-01,2023,Online,South East,25-34,Platinum,False,15,False,249,69.94
7777,2023-10-01,2023,Comparison Site,Wales & NI,45-54,Silver,False,13,True,11,39.79
7778,2023-10-01,2023,Online,Midlands,25-34,Silver,True,9,True,0,69.94
7779,2023-10-01,2023,Referral,South East,45-54,Platinum,False,15,False,336,59.74
7780,2023-10-01,2023,Online,South East,45-54,Silver,True,15,False,66,69.94
7781,2023-10-01,2023,Online,North,25-34,Classic,False,15,False,99,69.94
7782,2023-10-01,2023,Outbound,South East,25-34,Silver,False,1,True,11,121.95
7783,2023-10-01,2023,Comparison Site,Wales & NI,65+,Silver,True,15,False,66,39.79
7784,2023-10-01,2023,Comparison Site,Wales & NI,25-34,Classic,True,1,True,0,39.79
7785,2023-10-01,2023,Comparison Site,London,45-54,Silver,False,1,True,11,39.79
7786,2023-10-01,2023,Branch,South East,18-24,Platinum,False,15,False,336,152.18
7787,2023-10-01,2023,Branch,Scotland,35-44,Platinum,False,15,False,336,152.18
7788,2023-10-01,2023,Comparison Site,London,35-44,Gold,True,15,False,108,39.79
7789,2023-10-01,2023,Referral,Wales & NI,45-54,Classic,False,8,True,0,59.74
7790,2023-10-01,2023,Online,London,18-24,Silver,False,5,True,55,69.94
7791,2023-10-01,2023,Outbound,North,18-24,Silver,False,7,True,55,121.95
7792,2023-10-01,2023,Comparison Site,South East,35-44,Classic,False,1,True,0,39.79
7793,2023-10-01,2023,Online,Wales & NI,45-54,Silver,True,15,False,87,69.94
7794,2023-10-01,2023,Branch,London,25-34,Silver,True,15,False,66,152.18
7795,2023-10-01,2023,Branch,South East,18-24,Platinum,True,15,False,168,152.18
7796,2023-10-01,2023,Branch,London,35-44,Silver,False,15,False,44,152.18
7797,2023-10-01,2023,Online,Midlands,45-54,Gold,True,5,True,0,69.94
7798,2023-10-01,2023,Comparison Site,Scotland,35-44,Classic,False,6,True,0,39.79
7799,2023-10-01,2023,Referral,South East,35-44,Platinum,True,15,False,158,59.74
7800,2023-10-01,2023,Branch,South East,45-54,Silver,False,15,False,181,152.18
7801,2023-10-01,2023,Outbound,London,25-34,Gold,False,15,False,316,121.95
7802,2023-10-01,2023,Comparison Site,South East,25-34,Silver,True,15,False,0,39.79
7803,2023-10-01,2023,Outbound,London,25-34,Classic,False,15,False,0,121.95
7804,2023-10-01,2023,Online,North,25-34,Gold,True,15,False,108,69.94
7805,2023-10-01,2023,Branch,London,45-54,Silver,False,15,False,132,152.18
7806,2023-10-01,2023,Online,Midlands,65+,Gold,False,15,False,326,69.94
7807,2023-10-01,2023,Outbound,London,45-54,Classic,True,2,True,0,121.95
7808,2023-10-01,2023,Online,North,25-34,Silver,False,15,False,132,69.94
7809,2023-10-01,2023,Outbound,Midlands,45-54,Silver,False,15,False,66,121.95
7810,2023-10-01,2023,Online,London,45-54,Classic,False,2,True,11,69.94
7811,2023-10-01,2023,Comparison Site,Scotland,35-44,Classic,False,15,False,0,39.79
7812,2023-10-01,2023,Comparison Site,Midlands,35-44,Gold,True,13,True,66,39.79
7813,2023-10-01,2023,Comparison Site,Midlands,25-34,Silver,False,8,True,88,39.79
7814,2023-10-01,2023,Branch,South East,25-34,Platinum,False,15,False,306,152.18
7815,2023-10-01,2023,Outbound,South East,35-44,Classic,True,15,False,58,121.95
7816,2023-10-01,2023,Comparison Site,London,55-64,Classic,True,8,True,11,39.79
7817,2023-10-01,2023,Outbound,London,25-34,Classic,False,15,False,0,121.95
7818,2023-10-01,2023,Comparison Site,Midlands,35-44,Classic,True,3,True,0,39.79
7819,2023-10-01,2023,Outbound,North,18-24,Silver,True,1,True,0,121.95
7820,2023-10-01,2023,Comparison Site,London,25-34,Silver,False,15,False,132,39.79
7821,2023-10-01,2023,Comparison Site,South East,65+,Silver,True,15,False,138,39.79
7822,2023-10-01,2023,Comparison Site,South East,18-24,Classic,True,1,True,0,39.79
7823,2023-10-01,2023,Referral,London,35-44,Silver,True,15,False,66,59.74
7824,2023-10-01,2023,Outbound,North,55-64,Platinum,True,15,False,128,121.95
7825,2023-10-01,2023,Referral,North,25-34,Gold,False,15,False,226,59.74
7826,2023-10-01,2023,Comparison Site,North,35-44,Gold,True,14,True,118,39.79
7827,2023-10-01,2023,Comparison Site,South East,25-34,Classic,True,15,False,0,39.79
7828,2023-10-01,2023,Branch,London,25-34,Platinum,False,15,False,336,152.18
7829,2023-10-01,2023,Comparison Site,Scotland,25-34,Gold,True,15,False,108,39.79
7830,2023-10-01,2023,Online,North,35-44,Silver,True,7,True,11,69.94
7831,2023-10-01,2023,Outbound,London,55-64,Silver,False,10,True,110,121.95
7832,2023-10-01,2023,Comparison Site,Scotland,18-24,Classic,False,1,True,0,39.79
7833,2023-10-01,2023,Comparison Site,Scotland,35-44,Classic,True,14,True,0,39.79
7834,2023-10-01,2023,Comparison Site,North,18-24,Silver,True,7,True,0,39.79
7835,2023-10-01,2023,Referral,London,35-44,Gold,False,15,False,216,59.74
7836,2023-10-01,2023,Branch,Midlands,25-34,Gold,False,15,False,216,152.18
7837,2023-10-01,2023,Broker/IFA,Wales & NI,45-54,Platinum,False,15,False,316,199.2
7838,2023-10-01,2023,Online,London,25-34,Classic,False,15,False,99,69.94
7839,2023-10-01,2023,Comparison Site,South East,35-44,Silver,True,15,False,66,39.79
7840,2023-10-01,2023,Online,London,45-54,Classic,True,14,True,0,69.94
7841,2023-10-01,2023,Comparison Site,Scotland,18-24,Silver,True,6,True,0,39.79
7842,2023-10-01,2023,Online,London,18-24,Classic,False,1,True,0,69.94
7843,2023-10-01,2023,Online,South East,18-24,Silver,False,11,True,110,69.94
7844,2023-10-01,2023,Branch,South East,35-44,Gold,False,15,False,216,152.18
7845,2023-10-01,2023,Comparison Site,North,45-54,Silver,True,6,True,0,39.79
7846,2023-10-01,2023,Online,South East,25-34,Classic,False,7,True,0,69.94
7847,2023-10-01,2023,Comparison Site,North,45-54,Classic,True,15,False,0,39.79
7848,2023-10-01,2023,Online,London,35-44,Silver,False,15,False,99,69.94
7849,2023-10-01,2023,Referral,North,55-64,Platinum,False,15,False,296,59.74
7850,2023-10-01,2023,Referral,London,25-34,Silver,False,15,False,132,59.74
7851,2023-10-01,2023,Broker/IFA,Midlands,45-54,Platinum,True,15,False,168,199.2
7852,2023-10-01,2023,Outbound,South East,65+,Classic,True,4,True,0,121.95
7853,2023-10-01,2023,Referral,Midlands,18-24,Classic,True,15,False,11,59.74
7854,2023-10-01,2023,Comparison Site,South East,65+,Silver,True,2,True,0,39.79
7855,2023-10-01,2023,Branch,Midlands,55-64,Classic,False,9,True,0,152.18
7856,2023-10-01,2023,Online,South East,45-54,Gold,True,8,True,22,69.94
7857,2023-10-01,2023,Outbound,South East,65+,Silver,False,3,True,33,121.95
7858,2023-10-01,2023,Online,Wales & NI,25-34,Gold,False,15,False,216,69.94
7859,2023-10-01,2023,Comparison Site,North,25-34,Silver,True,15,False,66,39.79
7860,2023-10-01,2023,Referral,South East,35-44,Classic,False,15,False,0,59.74
7861,2023-10-01,2023,Online,Midlands,25-34,Platinum,True,3,True,0,69.94
7862,2023-10-01,2023,Branch,Midlands,18-24,Gold,True,8,True,36,152.18
7863,2023-10-01,2023,Online,North,35-44,Silver,False,15,False,275,69.94
7864,2023-10-01,2023,Referral,Wales & NI,65+,Gold,True,15,False,148,59.74
7865,2023-10-01,2023,Referral,Midlands,65+,Silver,False,15,False,174,59.74
7866,2023-10-01,2023,Online,North,35-44,Gold,True,10,True,44,69.94
7867,2023-10-01,2023,Referral,North,45-54,Gold,False,15,False,216,59.74
7868,2023-10-01,2023,Online,South East,25-34,Platinum,False,12,True,326,69.94
7869,2023-10-01,2023,Comparison Site,Midlands,45-54,Silver,False,15,False,153,39.79
7870,2023-10-01,2023,Online,London,35-44,Classic,False,3,True,0,69.94
7871,2023-10-01,2023,Outbound,North,35-44,Silver,True,15,False,66,121.95
7872,2023-10-01,2023,Comparison Site,Midlands,55-64,Silver,True,2,True,0,39.79
7873,2023-10-01,2023,Comparison Site,North,45-54,Silver,True,12,True,66,39.79
7874,2023-10-01,2023,Online,South East,25-34,Classic,True,15,False,66,69.94
7875,2023-10-01,2023,Referral,North,25-34,Platinum,False,15,False,336,59.74
7876,2023-10-01,2023,Broker/IFA,London,35-44,Gold,False,15,False,316,199.2
7877,2023-10-01,2023,Online,North,25-34,Silver,False,15,False,66,69.94
7878,2023-10-01,2023,Branch,South East,25-34,Classic,False,15,False,44,152.18
7879,2023-10-01,2023,Outbound,Scotland,35-44,Silver,False,7,True,77,121.95
7880,2023-10-01,2023,Online,Scotland,55-64,Classic,False,5,True,0,69.94
7881,2023-10-01,2023,Broker/IFA,London,25-34,Silver,False,15,False,190,199.2
7882,2023-10-01,2023,Comparison Site,Midlands,25-34,Classic,True,15,False,66,39.79
7883,2023-10-01,2023,Broker/IFA,London,55-64,Silver,False,15,False,132,199.2
7884,2023-10-01,2023,Online,London,65+,Classic,False,7,True,22,69.94
7885,2023-10-01,2023,Referral,South East,25-34,Platinum,False,15,False,336,59.74
7886,2023-10-01,2023,Referral,Midlands,45-54,Classic,False,15,False,44,59.74
7887,2023-10-01,2023,Comparison Site,North,25-34,Classic,True,6,True,0,39.79
7888,2023-10-01,2023,Online,London,55-64,Silver,False,15,False,282,69.94
7889,2023-10-01,2023,Online,Scotland,18-24,Classic,False,10,True,0,69.94
7890,2023-10-01,2023,Outbound,North,25-34,Silver,True,15,False,66,121.95
7891,2023-10-01,2023,Online,London,55-64,Classic,False,1,True,0,69.94
7892,2023-10-01,2023,Branch,South East,25-34,Platinum,False,1,True,28,152.18
7893,2023-10-01,2023,Comparison Site,London,45-54,Classic,False,1,True,0,39.79
7894,2023-10-01,2023,Comparison Site,South East,25-34,Silver,False,3,True,33,39.79
7895,2023-10-01,2023,Branch,Wales & NI,25-34,Gold,False,15,False,216,152.18
7896,2023-10-01,2023,Referral,South East,55-64,Silver,True,15,False,66,59.74
7897,2023-10-01,2023,Online,North,35-44,Silver,True,12,True,66,69.94
7898,2023-10-01,2023,Broker/IFA,North,45-54,Platinum,False,15,False,316,199.2
7899,2023-10-01,2023,Comparison Site,South East,35-44,Classic,True,1,True,0,39.79
7900,2023-10-01,2023,Comparison Site,South East,35-44,Classic,False,15,False,0,39.79
7901,2023-10-01,2023,Online,Midlands,35-44,Platinum,False,15,False,336,69.94
7902,2023-10-01,2023,Comparison Site,North,25-34,Gold,True,2,True,0,39.79
7903,2023-10-01,2023,Comparison Site,Midlands,45-54,Silver,True,15,False,66,39.79
7904,2023-10-01,2023,Branch,Wales & NI,25-34,Platinum,False,15,False,336,152.18
7905,2023-10-01,2023,Branch,Midlands,65+,Gold,False,15,False,216,152.18
7906,2023-10-01,2023,Outbound,Midlands,35-44,Classic,False,13,True,110,121.95
7907,2023-10-01,2023,Comparison Site,London,35-44,Silver,False,15,False,132,39.79
7908,2023-10-01,2023,Branch,South East,45-54,Gold,False,15,False,216,152.18
7909,2023-10-01,2023,Outbound,South East,35-44,Classic,True,15,False,0,121.95
7910,2023-10-01,2023,Broker/IFA,London,35-44,Gold,False,2,True,36,199.2
7911,2023-10-01,2023,Referral,North,35-44,Gold,False,6,True,73,59.74
7912,2023-10-01,2023,Online,Scotland,25-34,Silver,False,15,False,121,69.94
7913,2023-10-01,2023,Branch,South East,18-24,Gold,False,15,False,236,152.18
7914,2023-10-01,2023,Branch,North,45-54,Silver,False,15,False,174,152.18
7915,2023-10-01,2023,Referral,Scotland,18-24,Gold,False,15,False,174,59.74
7916,2023-10-01,2023,Online,North,45-54,Classic,True,2,True,0,69.94
7917,2023-10-01,2023,Branch,London,18-24,Silver,False,15,False,160,152.18
7918,2023-10-01,2023,Online,London,45-54,Gold,False,8,True,137,69.94
7919,2023-10-01,2023,Branch,London,35-44,Gold,True,15,False,118,152.18
7920,2023-10-01,2023,Comparison Site,Midlands,35-44,Silver,False,15,False,55,39.79
7921,2023-10-01,2023,Comparison Site,London,35-44,Silver,False,15,False,55,39.79
7922,2023-10-01,2023,Branch,London,65+,Gold,False,7,True,126,152.18
7923,2023-10-01,2023,Online,North,45-54,Classic,True,15,False,0,69.94
7924,2023-10-01,2023,Online,London,35-44,Silver,False,10,True,110,69.94
7925,2023-10-01,2023,Referral,Scotland,65+,Silver,True,15,False,168,59.74
7926,2023-10-01,2023,Online,South East,25-34,Gold,False,15,False,209,69.94
7927,2023-10-01,2023,Branch,South East,25-34,Silver,False,15,False,153,152.18
7928,2023-10-01,2023,Branch,London,55-64,Platinum,False,15,False,336,152.18
7929,2023-10-01,2023,Branch,North,45-54,Platinum,False,12,True,336,152.18
7930,2023-10-01,2023,Comparison Site,North,35-44,Classic,True,2,True,0,39.79
7931,2023-10-01,2023,Broker/IFA,London,25-34,Gold,False,15,False,216,199.2
7932,2023-10-01,2023,Branch,Wales & NI,35-44,Platinum,False,15,False,336,152.18
7933,2023-10-01,2023,Comparison Site,Midlands,25-34,Gold,True,7,True,18,39.79
7934,2023-10-01,2023,Outbound,Midlands,55-64,Classic,False,12,True,130,121.95
7935,2023-10-01,2023,Comparison Site,South East,35-44,Classic,True,3,True,0,39.79
7936,2023-10-01,2023,Branch,North,35-44,Gold,False,15,False,256,152.18
7937,2023-10-01,2023,Comparison Site,London,18-24,Silver,True,7,True,11,39.79
7938,2023-10-01,2023,Comparison Site,Scotland,55-64,Gold,True,14,True,108,39.79
7939,2023-10-01,2023,Online,London,25-34,Classic,False,15,False,0,69.94
7940,2023-10-01,2023,Broker/IFA,London,25-34,Silver,False,15,False,153,199.2
7941,2023-10-01,2023,Online,Wales & NI,18-24,Silver,False,15,False,167,69.94
7942,2023-10-01,2023,Outbound,London,35-44,Gold,False,15,False,167,121.95
7943,2023-10-01,2023,Broker/IFA,Wales & NI,55-64,Gold,True,15,False,108,199.2
7944,2023-10-01,2023,Comparison Site,London,25-34,Classic,True,7,True,0,39.79
7945,2023-10-01,2023,Branch,London,18-24,Classic,True,15,False,0,152.18
7946,2023-10-01,2023,Online,London,18-24,Silver,False,15,False,132,69.94
7947,2023-10-01,2023,Comparison Site,Midlands,25-34,Silver,False,15,False,88,39.79
7948,2023-10-01,2023,Referral,North,65+,Silver,False,15,False,132,59.74
7949,2023-10-01,2023,Comparison Site,Wales & NI,25-34,Silver,False,8,True,88,39.79
7950,2023-10-01,2023,Branch,London,25-34,Silver,False,15,False,195,152.18
7951,2023-10-01,2023,Online,London,35-44,Gold,False,15,False,181,69.94
7952,2023-10-01,2023,Comparison Site,Midlands,35-44,Classic,False,6,True,0,39.79
7953,2023-10-01,2023,Online,Wales & NI,25-34,Silver,False,15,False,132,69.94
7954,2023-10-01,2023,Comparison Site,Midlands,35-44,Classic,True,7,True,0,39.79
7955,2023-10-01,2023,Comparison Site,Midlands,35-44,Silver,True,10,True,33,39.79
7956,2023-10-01,2023,Broker/IFA,London,45-54,Gold,False,15,False,216,199.2
7957,2023-10-01,2023,Online,London,35-44,Gold,True,15,False,108,69.94
7958,2023-10-01,2023,Online,Midlands,25-34,Silver,False,15,False,132,69.94
7959,2023-10-01,2023,Online,Wales & NI,55-64,Classic,True,3,True,0,69.94
7960,2023-10-01,2023,Online,Midlands,55-64,Platinum,False,15,False,336,69.94
7961,2023-10-01,2023,Comparison Site,North,45-54,Classic,True,7,True,11,39.79
7962,2023-10-01,2023,Outbound,Midlands,25-34,Classic,False,4,True,0,121.95
7963,2023-10-01,2023,Comparison Site,North,55-64,Classic,False,15,False,0,39.79
7964,2023-10-01,2023,Branch,Scotland,25-34,Platinum,False,2,True,56,152.18
7965,2023-10-01,2023,Comparison Site,Scotland,35-44,Classic,False,15,False,0,39.79
7966,2023-10-01,2023,Comparison Site,North,65+,Classic,False,1,True,0,39.79
7967,2023-10-01,2023,Online,Midlands,25-34,Platinum,False,15,False,336,69.94
7968,2023-10-01,2023,Outbound,South East,45-54,Classic,True,7,True,11,121.95
7969,2023-10-01,2023,Outbound,Scotland,35-44,Classic,True,15,False,66,121.95
7970,2023-10-01,2023,Online,South East,25-34,Classic,True,15,False,101,69.94
7971,2023-10-01,2023,Comparison Site,Wales & NI,35-44,Classic,True,15,False,66,39.79
7972,2023-10-01,2023,Outbound,London,25-34,Classic,False,15,False,109,121.95
7973,2023-10-01,2023,Comparison Site,London,25-34,Classic,False,15,False,0,39.79
7974,2023-10-01,2023,Referral,Midlands,65+,Classic,False,15,False,138,59.74
7975,2023-10-01,2023,Referral,Wales & NI,18-24,Silver,False,15,False,132,59.74
7976,2023-10-01,2023,Online,London,45-54,Classic,False,15,False,0,69.94
7977,2023-10-01,2023,Outbound,Scotland,25-34,Silver,False,2,True,22,121.95
7978,2023-10-01,2023,Outbound,North,25-34,Silver,True,15,False,66,121.95
7979,2023-10-01,2023,Comparison Site,South East,18-24,Silver,False,7,True,77,39.79
7980,2023-10-01,2023,Comparison Site,Scotland,45-54,Classic,True,3,True,0,39.79
7981,2023-10-01,2023,Online,South East,25-34,Classic,False,15,False,0,69.94
7982,2023-10-01,2023,Branch,South East,25-34,Gold,False,15,False,216,152.18
7983,2023-10-01,2023,Outbound,South East,25-34,Classic,False,15,False,88,121.95
7984,2023-10-01,2023,Outbound,Midlands,25-34,Silver,False,15,False,132,121.95
7985,2023-10-01,2023,Online,South East,35-44,Classic,True,12,True,0,69.94
7986,2023-10-01,2023,Online,London,18-24,Silver,False,1,True,11,69.94
7987,2023-10-01,2023,Online,Scotland,55-64,Classic,True,15,False,0,69.94
7988,2023-10-01,2023,Comparison Site,Scotland,45-54,Silver,True,11,True,55,39.79
7989,2023-10-01,2023,Referral,Midlands,25-34,Gold,False,2,True,29,59.74
7990,2023-10-01,2023,Referral,North,35-44,Gold,False,15,False,216,59.74
7991,2023-10-01,2023,Online,Midlands,35-44,Silver,False,15,False,191,69.94
7992,2023-10-01,2023,Comparison Site,North,35-44,Gold,True,11,True,90,39.79
7993,2023-10-01,2023,Referral,Midlands,45-54,Classic,True,1,True,0,59.74
7994,2023-10-01,2023,Branch,Scotland,18-24,Classic,True,15,False,113,152.18
7995,2023-10-01,2023,Online,Scotland,25-34,Gold,True,14,True,108,69.94
7996,2023-10-01,2023,Comparison Site,North,65+,Silver,False,3,True,33,39.79
7997,2023-10-01,2023,Outbound,London,25-34,Gold,False,15,False,216,121.95
7998,2023-10-01,2023,Outbound,London,18-24,Silver,True,15,False,66,121.95
7999,2023-10-01,2023,Outbound,London,45-54,Gold,False,15,False,216,121.95
8000,2023-10-01,2023,Comparison Site,North,55-64,Silver,True,6,True,0,39.79
8001,2023-10-01,2023,Broker/IFA,South East,25-34,Gold,False,15,False,216,199.2
8002,2023-10-01,2023,Comparison Site,London,25-34,Silver,False,15,False,132,39.79
8003,2023-10-01,2023,Online,Midlands,35-44,Classic,False,5,True,0,69.94
8004,2023-10-01,2023,Outbound,London,55-64,Classic,False,1,True,0,121.95
8005,2023-10-01,2023,Online,Scotland,25-34,Classic,False,8,True,0,69.94
8006,2023-10-01,2023,Online,Midlands,25-34,Platinum,False,15,False,336,69.94
8007,2023-10-01,2023,Branch,North,35-44,Gold,False,15,False,216,152.18
8008,2023-10-01,2023,Outbound,South East,65+,Silver,False,15,False,132,121.95
8009,2023-10-01,2023,Online,London,45-54,Silver,True,15,False,66,69.94
8010,2023-10-01,2023,Comparison Site,Midlands,25-34,Classic,True,1,True,0,39.79
8011,2023-10-01,2023,Online,North,35-44,Silver,False,14,True,132,69.94
8012,2023-10-01,2023,Online,Midlands,65+,Platinum,True,12,True,138,69.94
8013,2023-10-01,2023,Online,Scotland,45-54,Silver,True,15,False,101,69.94
8014,2023-10-01,2023,Comparison Site,London,35-44,Classic,True,2,True,0,39.79
8015,2023-10-01,2023,Outbound,London,35-44,Gold,True,15,False,168,121.95
8016,2023-10-01,2023,Comparison Site,North,55-64,Classic,False,15,False,0,39.79
8017,2023-10-01,2023,Referral,North,45-54,Classic,False,6,True,0,59.74
8018,2023-10-01,2023,Branch,Midlands,18-24,Gold,False,15,False,286,152.18
8019,2023-10-01,2023,Comparison Site,North,25-34,Silver,True,2,True,0,39.79
8020,2023-10-01,2023,Comparison Site,London,45-54,Silver,True,4,True,0,39.79
8021,2023-10-01,2023,Outbound,North,45-54,Classic,True,9,True,0,121.95
8022,2023-10-01,2023,Online,London,25-34,Gold,False,5,True,90,69.94
8023,2023-10-01,2023,Broker/IFA,Scotland,55-64,Silver,False,15,False,132,199.2
8024,2023-10-01,2023,Online,Scotland,45-54,Silver,False,15,False,132,69.94
8025,2023-10-01,2023,Comparison Site,Midlands,65+,Gold,True,15,False,108,39.79
8026,2023-10-01,2023,Referral,Scotland,65+,Silver,False,1,True,11,59.74
8027,2023-10-01,2023,Outbound,Wales & NI,25-34,Classic,True,5,True,0,121.95
8028,2023-10-01,2023,Branch,Midlands,55-64,Silver,False,15,False,181,152.18
8029,2023-10-01,2023,Outbound,Wales & NI,35-44,Silver,False,15,False,132,121.95
8030,2023-10-01,2023,Branch,Midlands,18-24,Classic,False,15,False,66,152.18
8031,2023-10-01,2023,Branch,North,35-44,Silver,False,15,False,146,152.18
8032,2023-10-01,2023,Outbound,South East,18-24,Classic,True,6,True,0,121.95
8033,2023-10-01,2023,Outbound,Scotland,55-64,Silver,False,6,True,66,121.95
8034,2023-10-01,2023,Referral,North,45-54,Silver,False,15,False,142,59.74
8035,2023-10-01,2023,Referral,Scotland,18-24,Platinum,True,15,False,168,59.74
8036,2023-10-01,2023,Comparison Site,North,35-44,Gold,False,9,True,182,39.79
8037,2023-10-01,2023,Branch,North,35-44,Silver,False,15,False,132,152.18
8038,2023-10-01,2023,Branch,Midlands,55-64,Classic,False,15,False,0,152.18
8039,2023-10-01,2023,Comparison Site,London,45-54,Silver,False,15,False,132,39.79
8040,2023-10-01,2023,Comparison Site,North,18-24,Silver,True,1,True,0,39.79
8041,2023-10-01,2023,Online,Midlands,18-24,Silver,False,15,False,132,69.94
8042,2023-10-01,2023,Comparison Site,North,65+,Classic,True,3,True,0,39.79
8043,2023-10-01,2023,Online,Midlands,45-54,Gold,False,15,False,306,69.94
8044,2023-10-01,2023,Comparison Site,South East,35-44,Classic,False,10,True,44,39.79
8045,2023-10-01,2023,Comparison Site,North,35-44,Platinum,True,15,False,168,39.79
8046,2023-10-01,2023,Outbound,Wales & NI,55-64,Silver,False,15,False,132,121.95
8047,2023-10-01,2023,Referral,Scotland,18-24,Platinum,False,15,False,336,59.74
8048,2023-10-01,2023,Online,Wales & NI,18-24,Silver,False,2,True,22,69.94
8049,2023-10-01,2023,Referral,South East,45-54,Classic,False,15,False,0,59.74
8050,2023-10-01,2023,Referral,Wales & NI,55-64,Classic,False,15,False,110,59.74
8051,2023-10-01,2023,Referral,South East,35-44,Classic,False,15,False,123,59.74
8052,2023-10-01,2023,Referral,Midlands,45-54,Silver,False,15,False,132,59.74
8053,2023-10-01,2023,Branch,Midlands,45-54,Gold,False,4,True,72,152.18
8054,2023-10-01,2023,Branch,North,55-64,Gold,False,15,False,256,152.18
8055,2023-10-01,2023,Comparison Site,Scotland,18-24,Silver,True,8,True,29,39.79
8056,2023-10-01,2023,Referral,London,35-44,Gold,False,15,False,216,59.74
8057,2023-10-01,2023,Online,London,25-34,Classic,False,2,True,0,69.94
8058,2023-10-01,2023,Comparison Site,London,55-64,Classic,False,15,False,88,39.79
8059,2023-10-01,2023,Comparison Site,Midlands,25-34,Classic,True,15,False,0,39.79
8060,2023-10-01,2023,Online,London,45-54,Silver,False,15,False,181,69.94
8061,2023-10-01,2023,Broker/IFA,London,55-64,Platinum,False,15,False,336,199.2
8062,2023-10-01,2023,Referral,Scotland,25-34,Platinum,False,4,True,112,59.74
8063,2023-10-01,2023,Comparison Site,North,25-34,Silver,True,15,False,22,39.79
8064,2023-10-01,2023,Online,Scotland,45-54,Silver,True,15,False,108,69.94
8065,2023-10-01,2023,Branch,London,35-44,Silver,False,4,True,44,152.18
8066,2023-10-01,2023,Comparison Site,North,25-34,Silver,True,15,False,66,39.79
8067,2023-10-01,2023,Online,South East,45-54,Gold,False,15,False,216,69.94
8068,2023-10-01,2023,Comparison Site,North,45-54,Silver,False,15,False,153,39.79
8069,2023-10-01,2023,Online,Scotland,65+,Silver,False,15,False,132,69.94
8070,2023-10-01,2023,Online,London,25-34,Platinum,True,15,False,168,69.94
8071,2023-10-01,2023,Branch,North,18-24,Gold,True,15,False,158,152.18
8072,2023-10-01,2023,Comparison Site,South East,35-44,Silver,True,15,False,66,39.79
8073,2023-10-01,2023,Broker/IFA,North,45-54,Platinum,False,15,False,336,199.2
8074,2023-10-01,2023,Outbound,London,35-44,Classic,False,5,True,0,121.95
8075,2023-10-01,2023,Online,South East,45-54,Silver,False,15,False,202,69.94
8076,2023-10-01,2023,Referral,South East,25-34,Silver,False,15,False,156,59.74
8077,2023-10-01,2023,Online,North,18-24,Silver,False,15,False,127,69.94
8078,2023-10-01,2023,Online,Midlands,35-44,Silver,False,6,True,66,69.94
8079,2023-10-01,2023,Online,London,45-54,Gold,False,15,False,216,69.94
8080,2023-10-01,2023,Branch,Midlands,35-44,Classic,False,2,True,0,152.18
8081,2023-10-01,2023,Online,South East,35-44,Classic,True,11,True,0,69.94
8082,2023-10-01,2023,Branch,South East,45-54,Silver,True,13,True,66,152.18
8083,2023-10-01,2023,Outbound,North,35-44,Silver,False,9,True,99,121.95
8084,2023-10-01,2023,Referral,North,35-44,Silver,False,15,False,174,59.74
8085,2023-10-01,2023,Comparison Site,Midlands,25-34,Silver,False,1,True,11,39.79
8086,2023-10-01,2023,Broker/IFA,Wales & NI,45-54,Platinum,False,15,False,336,199.2
8087,2023-10-01,2023,Branch,North,25-34,Gold,False,15,False,296,152.18
8088,2023-10-01,2023,Comparison Site,London,25-34,Classic,False,9,True,0,39.79
8089,2023-10-01,2023,Referral,North,18-24,Platinum,False,15,False,336,59.74
8090,2023-10-01,2023,Comparison Site,North,25-34,Silver,True,15,False,66,39.79
8091,2023-10-01,2023,Referral,Scotland,45-54,Silver,False,15,False,209,59.74
8092,2023-10-01,2023,Branch,Wales & NI,45-54,Gold,False,15,False,216,152.18
8093,2023-10-01,2023,Comparison Site,London,45-54,Silver,True,15,False,94,39.79
8094,2023-10-01,2023,Outbound,London,55-64,Silver,False,5,True,55,121.95
8095,2023-10-01,2023,Branch,London,25-34,Platinum,False,15,False,336,152.18
8096,2023-10-01,2023,Comparison Site,Midlands,65+,Classic,True,8,True,0,39.79
8097,2023-10-01,2023,Online,North,35-44,Gold,False,15,False,216,69.94
8098,2023-10-01,2023,Outbound,North,45-54,Silver,True,11,True,55,121.95
8099,2023-10-01,2023,Branch,South East,18-24,Silver,False,12,True,132,152.18
8100,2023-10-01,2023,Comparison Site,North,35-44,Classic,True,3,True,0,39.79
8101,2023-10-01,2023,Online,Midlands,45-54,Classic,True,1,True,0,69.94
8102,2023-10-01,2023,Online,London,45-54,Platinum,False,15,False,326,69.94
8103,2023-10-01,2023,Comparison Site,South East,45-54,Silver,True,15,False,108,39.79
8104,2023-10-01,2023,Comparison Site,Midlands,55-64,Silver,False,15,False,132,39.79
8105,2023-10-01,2023,Referral,North,45-54,Silver,False,15,False,22,59.74
8106,2023-10-01,2023,Referral,London,18-24,Gold,False,7,True,156,59.74
8107,2023-10-01,2023,Branch,South East,65+,Platinum,False,15,False,336,152.18
8108,2023-10-01,2023,Referral,London,25-34,Platinum,True,15,False,168,59.74
8109,2023-10-01,2023,Branch,London,25-34,Gold,False,15,False,216,152.18
8110,2023-10-01,2023,Outbound,Midlands,35-44,Classic,True,15,False,66,121.95
8111,2023-10-01,2023,Broker/IFA,Midlands,35-44,Platinum,False,15,False,246,199.2
8112,2023-10-01,2023,Online,Midlands,35-44,Platinum,True,15,False,168,69.94
8113,2023-10-01,2023,Outbound,London,45-54,Classic,False,15,False,0,121.95
8114,2023-10-01,2023,Branch,Scotland,55-64,Gold,False,4,True,72,152.18
8115,2023-10-01,2023,Referral,South East,45-54,Gold,False,15,False,188,59.74
8116,2023-10-01,2023,Online,London,65+,Classic,False,15,False,234,69.94
8117,2023-10-01,2023,Referral,Wales & NI,25-34,Silver,False,15,False,205,59.74
8118,2023-10-01,2023,Outbound,London,18-24,Silver,True,15,False,66,121.95
8119,2023-10-01,2023,Comparison Site,Wales & NI,35-44,Gold,True,15,False,66,39.79
8120,2023-10-01,2023,Branch,South East,25-34,Silver,False,9,True,127,152.18
8121,2023-10-01,2023,Online,Scotland,35-44,Gold,False,1,True,18,69.94
8122,2023-10-01,2023,Referral,London,18-24,Silver,True,15,False,108,59.74
8123,2023-10-01,2023,Outbound,Wales & NI,45-54,Silver,True,15,False,66,121.95
8124,2023-10-01,2023,Referral,South East,25-34,Silver,False,15,False,181,59.74
8125,2023-10-01,2023,Branch,South East,55-64,Gold,False,15,False,266,152.18
8126,2023-10-01,2023,Outbound,Midlands,45-54,Platinum,False,15,False,336,121.95
8127,2023-10-01,2023,Comparison Site,South East,25-34,Classic,False,3,True,0,39.79
8128,2023-10-01,2023,Branch,London,25-34,Gold,True,1,True,0,152.18
8129,2023-10-01,2023,Referral,South East,35-44,Gold,False,15,False,195,59.74
8130,2023-10-01,2023,Broker/IFA,North,35-44,Platinum,False,15,False,306,199.2
8131,2023-10-01,2023,Outbound,Wales & NI,45-54,Silver,True,15,False,108,121.95
8132,2023-10-01,2023,Outbound,South East,35-44,Silver,False,14,True,153,121.95
8133,2023-10-01,2023,Online,London,35-44,Silver,False,15,False,132,69.94
8134,2023-10-01,2023,Referral,London,35-44,Gold,False,15,False,316,59.74
8135,2023-10-01,2023,Referral,London,35-44,Platinum,False,15,False,336,59.74
8136,2023-10-01,2023,Comparison Site,London,65+,Silver,True,15,False,108,39.79
8137,2023-10-01,2023,Branch,Wales & NI,45-54,Silver,False,3,True,33,152.18
8138,2023-10-01,2023,Comparison Site,London,45-54,Classic,False,15,False,0,39.79
8139,2023-10-01,2023,Referral,London,35-44,Gold,False,15,False,216,59.74
8140,2023-10-01,2023,Comparison Site,London,45-54,Silver,False,1,True,11,39.79
8141,2023-10-01,2023,Comparison Site,Scotland,55-64,Silver,False,3,True,33,39.79
8142,2023-10-01,2023,Branch,North,25-34,Gold,False,15,False,216,152.18
8143,2023-10-01,2023,Comparison Site,London,45-54,Platinum,True,15,False,168,39.79
8144,2023-10-01,2023,Branch,London,25-34,Gold,True,15,False,168,152.18
8145,2023-10-01,2023,Branch,Scotland,35-44,Gold,False,15,False,216,152.18
8146,2023-10-01,2023,Comparison Site,North,35-44,Silver,True,8,True,36,39.79
8147,2023-10-01,2023,Comparison Site,Midlands,25-34,Silver,True,15,False,66,39.79
8148,2023-10-01,2023,Online,London,35-44,Silver,True,5,True,0,69.94
8149,2023-10-01,2023,Online,London,18-24,Silver,False,15,False,202,69.94
8150,2023-10-01,2023,Branch,South East,65+,Silver,False,15,False,132,152.18
8151,2023-10-01,2023,Comparison Site,London,35-44,Classic,True,15,False,66,39.79
8152,2023-10-01,2023,Online,London,35-44,Silver,True,15,False,66,69.94
8153,2023-10-01,2023,Branch,North,45-54,Platinum,False,15,False,336,152.18
8154,2023-10-01,2023,Comparison Site,South East,35-44,Gold,True,15,False,108,39.79
8155,2023-10-01,2023,Branch,Midlands,65+,Gold,True,15,False,108,152.18
8156,2023-10-01,2023,Branch,London,35-44,Classic,True,15,False,0,152.18
8157,2023-10-01,2023,Comparison Site,Scotland,25-34,Classic,False,1,True,0,39.79
8158,2023-10-01,2023,Referral,South East,45-54,Silver,False,15,False,181,59.74
8159,2023-10-01,2023,Online,Midlands,18-24,Classic,False,15,False,44,69.94
8160,2023-10-01,2023,Referral,South East,65+,Gold,False,15,False,216,59.74
8161,2023-10-01,2023,Referral,South East,45-54,Gold,False,15,False,216,59.74
8162,2023-10-01,2023,Referral,Midlands,55-64,Gold,False,15,False,296,59.74
8163,2023-10-01,2023,Broker/IFA,Midlands,18-24,Gold,False,15,False,216,199.2
8164,2023-10-01,2023,Comparison Site,London,25-34,Silver,True,15,False,66,39.79
8165,2023-10-01,2023,Branch,London,25-34,Platinum,True,15,False,168,152.18
8166,2023-10-01,2023,Online,North,45-54,Gold,True,13,True,108,69.94
8167,2023-10-01,2023,Referral,Midlands,45-54,Silver,False,15,False,167,59.74
8168,2023-10-01,2023,Comparison Site,Wales & NI,35-44,Gold,True,14,True,80,39.79
8169,2023-10-01,2023,Referral,Scotland,55-64,Silver,True,15,False,66,59.74
8170,2023-10-01,2023,Branch,London,55-64,Gold,False,15,False,316,152.18
8171,2023-10-01,2023,Outbound,Scotland,35-44,Classic,False,15,False,0,121.95
8172,2023-10-01,2023,Broker/IFA,North,25-34,Platinum,True,15,False,168,199.2
8173,2023-10-01,2023,Referral,London,18-24,Silver,True,15,False,87,59.74
8174,2023-10-01,2023,Online,London,55-64,Platinum,True,15,False,108,69.94
8175,2023-10-01,2023,Online,Midlands,55-64,Gold,False,15,False,226,69.94
8176,2023-10-01,2023,Broker/IFA,South East,18-24,Silver,False,15,False,153,199.2
8177,2023-10-01,2023,Outbound,Midlands,45-54,Gold,False,15,False,216,121.95
8178,2023-10-01,2023,Referral,Midlands,55-64,Gold,False,15,False,216,59.74
8179,2023-10-01,2023,Online,North,35-44,Classic,True,15,False,0,69.94
8180,2023-10-01,2023,Comparison Site,North,25-34,Gold,False,15,False,246,39.79
8181,2023-10-01,2023,Broker/IFA,North,25-34,Platinum,False,15,False,336,199.2
8182,2023-10-01,2023,Online,North,45-54,Classic,False,8,True,0,69.94
8183,2023-10-01,2023,Outbound,Scotland,18-24,Silver,True,15,False,66,121.95
8184,2023-10-01,2023,Broker/IFA,North,55-64,Platinum,False,15,False,336,199.2
8185,2023-10-01,2023,Outbound,Scotland,35-44,Silver,True,15,False,66,121.95
8186,2023-10-01,2023,Referral,Midlands,35-44,Gold,False,15,False,216,59.74
8187,2023-10-01,2023,Branch,South East,55-64,Gold,False,5,True,90,152.18
8188,2023-11-01,2023,Referral,South East,25-34,Platinum,True,14,False,80,59.74
8189,2023-11-01,2023,Outbound,South East,25-34,Classic,False,14,False,110,121.95
8190,2023-11-01,2023,Comparison Site,London,25-34,Platinum,False,14,False,336,39.79
8191,2023-11-01,2023,Online,London,18-24,Silver,False,14,False,132,69.94
8192,2023-11-01,2023,Branch,Midlands,25-34,Silver,False,14,False,132,152.18
8193,2023-11-01,2023,Online,Scotland,25-34,Gold,False,14,False,316,69.94
8194,2023-11-01,2023,Referral,Midlands,25-34,Platinum,True,14,False,168,59.74
8195,2023-11-01,2023,Branch,South East,45-54,Gold,False,14,False,216,152.18
8196,2023-11-01,2023,Outbound,Midlands,65+,Classic,False,14,False,88,121.95
8197,2023-11-01,2023,Referral,South East,45-54,Gold,True,5,True,0,59.74
8198,2023-11-01,2023,Comparison Site,North,25-34,Classic,True,6,True,0,39.79
8199,2023-11-01,2023,Comparison Site,Midlands,18-24,Silver,True,7,True,11,39.79
8200,2023-11-01,2023,Branch,Midlands,45-54,Platinum,False,14,False,276,152.18
8201,2023-11-01,2023,Outbound,Wales & NI,25-34,Gold,False,5,True,90,121.95
8202,2023-11-01,2023,Referral,North,55-64,Gold,False,14,False,216,59.74
8203,2023-11-01,2023,Outbound,South East,35-44,Silver,False,14,False,132,121.95
8204,2023-11-01,2023,Online,South East,18-24,Platinum,True,14,False,108,69.94
8205,2023-11-01,2023,Broker/IFA,Scotland,35-44,Silver,False,14,False,174,199.2
8206,2023-11-01,2023,Online,North,25-34,Platinum,True,14,False,168,69.94
8207,2023-11-01,2023,Comparison Site,North,25-34,Gold,True,14,False,66,39.79
8208,2023-11-01,2023,Comparison Site,North,25-34,Gold,True,14,False,108,39.79
8209,2023-11-01,2023,Online,London,35-44,Silver,False,14,False,167,69.94
8210,2023-11-01,2023,Broker/IFA,South East,18-24,Gold,False,14,False,276,199.2
8211,2023-11-01,2023,Outbound,Wales & NI,35-44,Gold,False,14,False,216,121.95
8212,2023-11-01,2023,Online,South East,25-34,Classic,True,14,False,66,69.94
8213,2023-11-01,2023,Online,South East,45-54,Platinum,True,14,False,168,69.94
8214,2023-11-01,2023,Comparison Site,London,45-54,Classic,False,2,True,0,39.79
8215,2023-11-01,2023,Online,London,25-34,Classic,False,14,False,0,69.94
8216,2023-11-01,2023,Branch,Midlands,35-44,Platinum,False,14,False,316,152.18
8217,2023-11-01,2023,Outbound,North,65+,Classic,False,14,False,0,121.95
8218,2023-11-01,2023,Outbound,London,35-44,Silver,True,14,False,66,121.95
8219,2023-11-01,2023,Referral,South East,25-34,Classic,False,14,False,148,59.74
8220,2023-11-01,2023,Comparison Site,Midlands,25-34,Silver,True,3,True,0,39.79
8221,2023-11-01,2023,Online,Scotland,65+,Gold,False,14,False,216,69.94
8222,2023-11-01,2023,Referral,South East,25-34,Gold,False,14,False,216,59.74
8223,2023-11-01,2023,Comparison Site,South East,35-44,Classic,False,2,True,0,39.79
8224,2023-11-01,2023,Outbound,London,45-54,Classic,False,14,False,0,121.95
8225,2023-11-01,2023,Comparison Site,Wales & NI,55-64,Silver,True,14,False,66,39.79
8226,2023-11-01,2023,Broker/IFA,South East,45-54,Silver,False,14,False,132,199.2
8227,2023-11-01,2023,Online,Scotland,35-44,Classic,False,14,False,0,69.94
8228,2023-11-01,2023,Broker/IFA,North,25-34,Classic,True,9,True,40,199.2
8229,2023-11-01,2023,Comparison Site,Wales & NI,25-34,Silver,True,14,False,66,39.79
8230,2023-11-01,2023,Online,North,25-34,Silver,False,14,False,132,69.94
8231,2023-11-01,2023,Outbound,Midlands,45-54,Classic,False,9,True,0,121.95
8232,2023-11-01,2023,Broker/IFA,Scotland,65+,Gold,False,3,True,54,199.2
8233,2023-11-01,2023,Branch,South East,35-44,Platinum,False,14,False,336,152.18
8234,2023-11-01,2023,Online,South East,25-34,Classic,True,14,False,0,69.94
8235,2023-11-01,2023,Referral,Midlands,25-34,Platinum,True,14,False,158,59.74
8236,2023-11-01,2023,Branch,Midlands,25-34,Silver,True,7,True,11,152.18
8237,2023-11-01,2023,Online,Scotland,55-64,Classic,False,14,False,0,69.94
8238,2023-11-01,2023,Comparison Site,Wales & NI,65+,Classic,True,1,True,0,39.79
8239,2023-11-01,2023,Outbound,South East,45-54,Silver,True,1,True,0,121.95
8240,2023-11-01,2023,Branch,North,55-64,Classic,True,14,False,108,152.18
8241,2023-11-01,2023,Online,Midlands,65+,Platinum,False,14,False,336,69.94
8242,2023-11-01,2023,Comparison Site,Scotland,18-24,Classic,True,6,True,0,39.79
8243,2023-11-01,2023,Branch,London,25-34,Platinum,False,14,False,336,152.18
8244,2023-11-01,2023,Referral,South East,55-64,Silver,True,8,True,0,59.74
8245,2023-11-01,2023,Branch,North,25-34,Silver,False,3,True,33,152.18
8246,2023-11-01,2023,Branch,London,35-44,Platinum,False,14,False,336,152.18
8247,2023-11-01,2023,Online,Wales & NI,55-64,Platinum,True,14,False,168,69.94
8248,2023-11-01,2023,Branch,South East,35-44,Platinum,False,14,False,336,152.18
8249,2023-11-01,2023,Broker/IFA,Wales & NI,35-44,Silver,False,4,True,44,199.2
8250,2023-11-01,2023,Referral,London,25-34,Gold,False,14,False,216,59.74
8251,2023-11-01,2023,Referral,Midlands,45-54,Silver,False,14,False,132,59.74
8252,2023-11-01,2023,Online,London,35-44,Silver,False,14,False,153,69.94
8253,2023-11-01,2023,Branch,Midlands,25-34,Silver,False,1,True,11,152.18
8254,2023-11-01,2023,Comparison Site,South East,45-54,Classic,True,7,True,0,39.79
8255,2023-11-01,2023,Online,North,35-44,Classic,False,4,True,0,69.94
8256,2023-11-01,2023,Outbound,London,45-54,Classic,True,2,True,0,121.95
8257,2023-11-01,2023,Online,South East,45-54,Classic,False,6,True,55,69.94
8258,2023-11-01,2023,Online,North,65+,Silver,True,14,False,66,69.94
8259,2023-11-01,2023,Comparison Site,Midlands,35-44,Silver,True,14,False,66,39.79
8260,2023-11-01,2023,Branch,South East,55-64,Silver,False,14,False,132,152.18
8261,2023-11-01,2023,Online,Wales & NI,25-34,Silver,True,5,True,0,69.94
8262,2023-11-01,2023,Comparison Site,Wales & NI,18-24,Silver,True,2,True,0,39.79
8263,2023-11-01,2023,Comparison Site,London,55-64,Silver,True,14,False,66,39.79
8264,2023-11-01,2023,Referral,London,18-24,Classic,False,1,True,0,59.74
8265,2023-11-01,2023,Branch,North,25-34,Classic,False,14,False,99,152.18
8266,2023-11-01,2023,Referral,South East,55-64,Silver,False,14,False,117,59.74
8267,2023-11-01,2023,Comparison Site,North,45-54,Classic,False,14,False,0,39.79
8268,2023-11-01,2023,Referral,Scotland,55-64,Classic,False,6,True,0,59.74
8269,2023-11-01,2023,Branch,North,45-54,Gold,False,14,False,209,152.18
8270,2023-11-01,2023,Online,London,18-24,Silver,False,14,False,132,69.94
8271,2023-11-01,2023,Online,North,35-44,Silver,False,14,False,132,69.94
8272,2023-11-01,2023,Referral,Scotland,55-64,Gold,False,14,False,216,59.74
8273,2023-11-01,2023,Comparison Site,North,55-64,Silver,False,14,False,167,39.79
8274,2023-11-01,2023,Branch,South East,35-44,Silver,False,14,False,132,152.18
8275,2023-11-01,2023,Online,North,35-44,Silver,False,14,False,215,69.94
8276,2023-11-01,2023,Outbound,South East,55-64,Silver,False,1,True,11,121.95
8277,2023-11-01,2023,Online,Midlands,25-34,Gold,False,14,False,216,69.94
8278,2023-11-01,2023,Comparison Site,Scotland,45-54,Silver,True,14,False,66,39.79
8279,2023-11-01,2023,Online,North,35-44,Silver,True,14,False,0,69.94
8280,2023-11-01,2023,Comparison Site,South East,35-44,Classic,True,14,False,0,39.79
8281,2023-11-01,2023,Comparison Site,Wales & NI,45-54,Gold,True,5,True,0,39.79
8282,2023-11-01,2023,Broker/IFA,North,45-54,Platinum,False,14,False,306,199.2
8283,2023-11-01,2023,Online,South East,55-64,Silver,False,3,True,33,69.94
8284,2023-11-01,2023,Comparison Site,South East,45-54,Classic,False,4,True,0,39.79
8285,2023-11-01,2023,Online,Midlands,35-44,Silver,False,11,True,33,69.94
8286,2023-11-01,2023,Comparison Site,Wales & NI,35-44,Silver,True,14,False,0,39.79
8287,2023-11-01,2023,Outbound,South East,45-54,Gold,False,14,False,266,121.95
8288,2023-11-01,2023,Referral,North,65+,Gold,False,11,True,198,59.74
8289,2023-11-01,2023,Outbound,South East,65+,Classic,True,7,True,0,121.95
8290,2023-11-01,2023,Referral,Scotland,18-24,Gold,True,14,False,168,59.74
8291,2023-11-01,2023,Referral,North,35-44,Platinum,True,14,False,168,59.74
8292,2023-11-01,2023,Online,London,45-54,Silver,False,14,False,121,69.94
8293,2023-11-01,2023,Online,London,65+,Silver,False,14,False,195,69.94
8294,2023-11-01,2023,Comparison Site,South East,25-34,Silver,False,14,False,132,39.79
8295,2023-11-01,2023,Online,Midlands,45-54,Platinum,False,3,True,84,69.94
8296,2023-11-01,2023,Online,South East,25-34,Classic,True,14,False,11,69.94
8297,2023-11-01,2023,Online,London,35-44,Silver,True,4,True,0,69.94
8298,2023-11-01,2023,Online,London,65+,Silver,False,14,False,132,69.94
8299,2023-11-01,2023,Outbound,Midlands,55-64,Classic,False,14,False,99,121.95
8300,2023-11-01,2023,Comparison Site,London,35-44,Silver,True,14,False,22,39.79
8301,2023-11-01,2023,Comparison Site,North,35-44,Platinum,True,7,True,28,39.79
8302,2023-11-01,2023,Comparison Site,South East,45-54,Gold,False,14,False,216,39.79
8303,2023-11-01,2023,Referral,Midlands,55-64,Gold,False,14,False,216,59.74
8304,2023-11-01,2023,Outbound,London,18-24,Silver,False,6,True,66,121.95
8305,2023-11-01,2023,Branch,London,25-34,Silver,True,14,False,90,152.18
8306,2023-11-01,2023,Comparison Site,Scotland,35-44,Silver,True,14,False,44,39.79
8307,2023-11-01,2023,Outbound,London,45-54,Classic,False,14,False,0,121.95
8308,2023-11-01,2023,Referral,London,55-64,Gold,False,14,False,216,59.74
8309,2023-11-01,2023,Online,South East,55-64,Classic,False,4,True,0,69.94
8310,2023-11-01,2023,Branch,North,18-24,Gold,False,14,False,216,152.18
8311,2023-11-01,2023,Comparison Site,Midlands,25-34,Silver,True,14,False,66,39.79
8312,2023-11-01,2023,Comparison Site,North,25-34,Gold,True,14,False,108,39.79
8313,2023-11-01,2023,Comparison Site,North,45-54,Classic,True,2,True,0,39.79
8314,2023-11-01,2023,Comparison Site,London,35-44,Silver,True,3,True,0,39.79
8315,2023-11-01,2023,Branch,Wales & NI,35-44,Classic,False,10,True,0,152.18
8316,2023-11-01,2023,Online,Midlands,55-64,Classic,True,10,True,44,69.94
8317,2023-11-01,2023,Comparison Site,Wales & NI,25-34,Silver,True,7,True,11,39.79
8318,2023-11-01,2023,Broker/IFA,North,25-34,Classic,False,12,True,33,199.2
8319,2023-11-01,2023,Outbound,South East,55-64,Classic,False,4,True,0,121.95
8320,2023-11-01,2023,Online,South East,55-64,Gold,True,14,False,108,69.94
8321,2023-11-01,2023,Comparison Site,Wales & NI,25-34,Silver,True,8,True,0,39.79
8322,2023-11-01,2023,Online,South East,45-54,Classic,False,7,True,0,69.94
8323,2023-11-01,2023,Referral,Midlands,35-44,Platinum,False,14,False,336,59.74
8324,2023-11-01,2023,Branch,South East,18-24,Platinum,True,14,False,108,152.18
8325,2023-11-01,2023,Comparison Site,North,25-34,Silver,True,14,False,66,39.79
8326,2023-11-01,2023,Online,South East,65+,Gold,True,14,False,73,69.94
8327,2023-11-01,2023,Online,Midlands,35-44,Platinum,True,12,True,168,69.94
8328,2023-11-01,2023,Referral,London,65+,Platinum,False,14,False,336,59.74
8329,2023-11-01,2023,Comparison Site,South East,25-34,Classic,True,5,True,0,39.79
8330,2023-11-01,2023,Comparison Site,Scotland,35-44,Classic,True,14,False,0,39.79
8331,2023-11-01,2023,Comparison Site,Midlands,25-34,Platinum,False,14,False,336,39.79
8332,2023-11-01,2023,Broker/IFA,Scotland,35-44,Platinum,False,14,False,336,199.2
8333,2023-11-01,2023,Online,London,65+,Silver,False,14,False,132,69.94
8334,2023-11-01,2023,Branch,South East,25-34,Gold,False,14,False,216,152.18
8335,2023-11-01,2023,Comparison Site,Midlands,55-64,Gold,True,14,False,80,39.79
8336,2023-11-01,2023,Referral,Midlands,35-44,Classic,False,14,False,87,59.74
8337,2023-11-01,2023,Comparison Site,London,45-54,Silver,True,14,False,101,39.79
8338,2023-11-01,2023,Referral,North,25-34,Gold,False,14,False,246,59.74
8339,2023-11-01,2023,Online,North,25-34,Gold,True,14,False,108,69.94
8340,2023-11-01,2023,Comparison Site,North,25-34,Silver,True,5,True,0,39.79
8341,2023-11-01,2023,Referral,Midlands,35-44,Platinum,False,14,False,326,59.74
8342,2023-11-01,2023,Referral,London,45-54,Silver,True,4,True,0,59.74
8343,2023-11-01,2023,Online,Midlands,18-24,Gold,False,14,False,216,69.94
8344,2023-11-01,2023,Broker/IFA,London,35-44,Silver,False,14,False,132,199.2
8345,2023-11-01,2023,Outbound,London,35-44,Classic,False,14,False,0,121.95
8346,2023-11-01,2023,Comparison Site,London,25-34,Silver,True,5,True,0,39.79
8347,2023-11-01,2023,Branch,South East,55-64,Gold,False,14,False,216,152.18
8348,2023-11-01,2023,Comparison Site,Wales & NI,55-64,Classic,False,14,False,0,39.79
8349,2023-11-01,2023,Online,London,25-34,Gold,True,7,True,18,69.94
8350,2023-11-01,2023,Comparison Site,South East,25-34,Gold,False,6,True,87,39.79
8351,2023-11-01,2023,Online,Scotland,25-34,Gold,False,14,False,256,69.94
8352,2023-11-01,2023,Comparison Site,London,25-34,Classic,True,14,False,55,39.79
8353,2023-11-01,2023,Comparison Site,South East,18-24,Silver,True,13,True,108,39.79
8354,2023-11-01,2023,Referral,London,25-34,Gold,False,14,False,256,59.74
8355,2023-11-01,2023,Online,London,25-34,Silver,False,14,False,132,69.94
8356,2023-11-01,2023,Comparison Site,Midlands,65+,Classic,True,1,True,0,39.79
8357,2023-11-01,2023,Comparison Site,London,18-24,Silver,True,14,False,66,39.79
8358,2023-11-01,2023,Comparison Site,London,55-64,Silver,False,12,True,121,39.79
8359,2023-11-01,2023,Comparison Site,South East,55-64,Gold,True,14,False,108,39.79
8360,2023-11-01,2023,Referral,South East,45-54,Gold,False,14,False,216,59.74
8361,2023-11-01,2023,Online,North,25-34,Silver,True,7,True,11,69.94
8362,2023-11-01,2023,Outbound,London,18-24,Silver,False,4,True,44,121.95
8363,2023-11-01,2023,Broker/IFA,Scotland,25-34,Silver,False,14,False,188,199.2
8364,2023-11-01,2023,Broker/IFA,Scotland,35-44,Gold,False,14,False,216,199.2
8365,2023-11-01,2023,Referral,Scotland,25-34,Gold,False,2,True,36,59.74
8366,2023-11-01,2023,Broker/IFA,London,25-34,Gold,False,14,False,306,199.2
8367,2023-11-01,2023,Comparison Site,London,55-64,Silver,True,8,True,22,39.79
8368,2023-11-01,2023,Branch,London,18-24,Silver,False,14,False,132,152.18
8369,2023-11-01,2023,Outbound,Scotland,35-44,Silver,True,14,False,66,121.95
8370,2023-11-01,2023,Broker/IFA,Wales & NI,35-44,Gold,False,14,False,316,199.2
8371,2023-11-01,2023,Online,North,25-34,Classic,True,5,True,0,69.94
8372,2023-11-01,2023,Online,Midlands,35-44,Classic,False,14,False,110,69.94
8373,2023-11-01,2023,Online,South East,25-34,Silver,True,1,True,0,69.94
8374,2023-11-01,2023,Broker/IFA,North,55-64,Platinum,False,14,False,336,199.2
8375,2023-11-01,2023,Online,Scotland,35-44,Silver,False,14,False,132,69.94
8376,2023-11-01,2023,Referral,North,65+,Silver,False,14,False,160,59.74
8377,2023-11-01,2023,Online,South East,35-44,Silver,False,14,False,167,69.94
8378,2023-11-01,2023,Referral,South East,55-64,Classic,False,14,False,77,59.74
8379,2023-11-01,2023,Referral,South East,45-54,Silver,False,14,False,209,59.74
8380,2023-11-01,2023,Comparison Site,Midlands,35-44,Silver,True,10,True,44,39.79
8381,2023-11-01,2023,Comparison Site,South East,35-44,Silver,True,13,True,66,39.79
8382,2023-11-01,2023,Branch,London,65+,Silver,True,14,False,108,152.18
8383,2023-11-01,2023,Comparison Site,Wales & NI,45-54,Silver,True,14,False,66,39.79
8384,2023-11-01,2023,Branch,Wales & NI,25-34,Gold,False,14,False,216,152.18
8385,2023-11-01,2023,Branch,London,18-24,Platinum,False,14,False,336,152.18
8386,2023-11-01,2023,Referral,South East,45-54,Gold,False,14,False,146,59.74
8387,2023-11-01,2023,Online,Scotland,25-34,Classic,False,2,True,11,69.94
8388,2023-11-01,2023,Outbound,Midlands,55-64,Silver,True,5,True,0,121.95
8389,2023-11-01,2023,Online,Scotland,55-64,Gold,True,2,True,0,69.94
8390,2023-11-01,2023,Online,South East,35-44,Silver,False,14,False,174,69.94
8391,2023-11-01,2023,Outbound,Midlands,18-24,Silver,False,14,False,132,121.95
8392,2023-11-01,2023,Referral,North,25-34,Silver,False,3,True,33,59.74
8393,2023-11-01,2023,Outbound,Scotland,25-34,Platinum,False,14,False,226,121.95
8394,2023-11-01,2023,Broker/IFA,South East,25-34,Silver,False,14,False,139,199.2
8395,2023-11-01,2023,Comparison Site,Midlands,25-34,Gold,False,14,False,139,39.79
8396,2023-11-01,2023,Online,South East,25-34,Classic,False,14,False,66,69.94
8397,2023-11-01,2023,Branch,North,55-64,Platinum,False,14,False,336,152.18
8398,2023-11-01,2023,Referral,London,35-44,Platinum,False,9,True,252,59.74
8399,2023-11-01,2023,Referral,South East,18-24,Platinum,False,6,True,168,59.74
8400,2023-11-01,2023,Comparison Site,North,45-54,Silver,True,3,True,0,39.79
8401,2023-11-01,2023,Online,Midlands,35-44,Platinum,False,4,True,112,69.94
8402,2023-11-01,2023,Broker/IFA,London,25-34,Platinum,False,14,False,316,199.2
8403,2023-11-01,2023,Comparison Site,London,35-44,Classic,True,4,True,0,39.79
8404,2023-11-01,2023,Online,Wales & NI,25-34,Classic,False,14,False,184,69.94
8405,2023-11-01,2023,Comparison Site,North,25-34,Silver,False,14,False,132,39.79
8406,2023-11-01,2023,Branch,North,25-34,Platinum,False,14,False,336,152.18
8407,2023-11-01,2023,Broker/IFA,London,35-44,Gold,False,14,False,236,199.2
8408,2023-11-01,2023,Referral,South East,35-44,Silver,False,14,False,132,59.74
8409,2023-11-01,2023,Outbound,Midlands,35-44,Classic,True,6,True,0,121.95
8410,2023-11-01,2023,Branch,Midlands,45-54,Gold,False,14,False,216,152.18
8411,2023-11-01,2023,Branch,London,65+,Platinum,False,13,True,336,152.18
8412,2023-11-01,2023,Outbound,London,35-44,Silver,False,6,True,66,121.95
8413,2023-11-01,2023,Broker/IFA,North,45-54,Platinum,False,14,False,336,199.2
8414,2023-11-01,2023,Outbound,South East,65+,Classic,False,2,True,0,121.95
8415,2023-11-01,2023,Comparison Site,South East,25-34,Classic,True,3,True,0,39.79
8416,2023-11-01,2023,Branch,Scotland,35-44,Gold,False,14,False,216,152.18
8417,2023-11-01,2023,Comparison Site,North,25-34,Silver,False,14,False,110,39.79
8418,2023-11-01,2023,Online,London,65+,Silver,False,3,True,22,69.94
8419,2023-11-01,2023,Referral,London,35-44,Silver,False,14,False,110,59.74
8420,2023-11-01,2023,Online,London,35-44,Gold,True,14,False,148,69.94
8421,2023-11-01,2023,Outbound,London,18-24,Platinum,True,14,False,168,121.95
8422,2023-11-01,2023,Online,North,65+,Classic,True,14,False,66,69.94
8423,2023-11-01,2023,Broker/IFA,Scotland,35-44,Silver,False,14,False,209,199.2
8424,2023-11-01,2023,Branch,Scotland,65+,Silver,False,14,False,195,152.18
8425,2023-11-01,2023,Referral,Midlands,18-24,Silver,True,14,False,66,59.74
8426,2023-11-01,2023,Comparison Site,London,55-64,Classic,False,3,True,0,39.79
8427,2023-11-01,2023,Comparison Site,Midlands,18-24,Classic,True,7,True,0,39.79
8428,2023-11-01,2023,Outbound,South East,35-44,Silver,True,14,False,66,121.95
8429,2023-11-01,2023,Online,Wales & NI,35-44,Classic,False,14,False,88,69.94
8430,2023-11-01,2023,Branch,South East,55-64,Gold,False,7,True,126,152.18
8431,2023-11-01,2023,Comparison Site,North,35-44,Classic,False,14,False,0,39.79
8432,2023-11-01,2023,Branch,North,25-34,Gold,False,14,False,216,152.18
8433,2023-11-01,2023,Outbound,Midlands,25-34,Silver,False,5,True,55,121.95
8434,2023-11-01,2023,Branch,South East,35-44,Platinum,False,14,False,336,152.18
8435,2023-11-01,2023,Referral,London,18-24,Silver,False,14,False,202,59.74
8436,2023-11-01,2023,Comparison Site,North,55-64,Classic,False,9,True,0,39.79
8437,2023-11-01,2023,Comparison Site,Midlands,35-44,Classic,True,14,False,0,39.79
8438,2023-11-01,2023,Online,Scotland,25-34,Classic,True,14,False,0,69.94
8439,2023-11-01,2023,Comparison Site,North,35-44,Gold,False,13,True,216,39.79
8440,2023-11-01,2023,Comparison Site,London,55-64,Silver,True,4,True,0,39.79
8441,2023-11-01,2023,Comparison Site,London,55-64,Classic,False,14,False,99,39.79
8442,2023-11-01,2023,Broker/IFA,South East,25-34,Platinum,False,14,False,276,199.2
8443,2023-11-01,2023,Branch,Midlands,35-44,Silver,True,13,True,0,152.18
8444,2023-11-01,2023,Online,North,25-34,Silver,False,14,False,174,69.94
8445,2023-11-01,2023,Comparison Site,London,25-34,Gold,False,14,False,146,39.79
8446,2023-11-01,2023,Online,South East,55-64,Gold,False,14,False,216,69.94
8447,2023-11-01,2023,Branch,Midlands,35-44,Platinum,False,14,False,246,152.18
8448,2023-11-01,2023,Outbound,London,18-24,Classic,True,3,True,0,121.95
8449,2023-11-01,2023,Branch,North,35-44,Gold,False,14,False,216,152.18
8450,2023-11-01,2023,Online,Scotland,18-24,Gold,True,14,False,118,69.94
8451,2023-11-01,2023,Outbound,Wales & NI,45-54,Silver,False,14,False,132,121.95
8452,2023-11-01,2023,Online,Scotland,18-24,Silver,False,14,False,132,69.94
8453,2023-11-01,2023,Outbound,Midlands,35-44,Classic,False,4,True,0,121.95
8454,2023-11-01,2023,Broker/IFA,South East,65+,Gold,False,12,True,202,199.2
8455,2023-11-01,2023,Online,North,35-44,Gold,True,14,False,108,69.94
8456,2023-11-01,2023,Branch,North,25-34,Classic,False,14,False,0,152.18
8457,2023-11-01,2023,Referral,North,25-34,Silver,False,14,False,146,59.74
8458,2023-11-01,2023,Referral,North,25-34,Gold,False,14,False,216,59.74
8459,2023-11-01,2023,Comparison Site,London,35-44,Classic,True,12,True,11,39.79
8460,2023-11-01,2023,Broker/IFA,South East,18-24,Gold,False,5,True,90,199.2
8461,2023-11-01,2023,Outbound,South East,25-34,Classic,False,2,True,0,121.95
8462,2023-11-01,2023,Branch,Midlands,55-64,Platinum,False,14,False,336,152.18
8463,2023-11-01,2023,Comparison Site,London,25-34,Classic,True,1,True,0,39.79
8464,2023-11-01,2023,Referral,London,45-54,Silver,False,1,True,11,59.74
8465,2023-11-01,2023,Branch,South East,55-64,Classic,False,14,False,11,152.18
8466,2023-11-01,2023,Online,London,35-44,Classic,False,11,True,0,69.94
8467,2023-11-01,2023,Comparison Site,South East,55-64,Classic,True,2,True,0,39.79
8468,2023-11-01,2023,Branch,Scotland,55-64,Silver,False,14,False,275,152.18
8469,2023-11-01,2023,Comparison Site,Midlands,25-34,Classic,True,3,True,0,39.79
8470,2023-11-01,2023,Branch,South East,45-54,Classic,True,14,False,33,152.18
8471,2023-11-01,2023,Branch,North,25-34,Platinum,False,14,False,306,152.18
8472,2023-11-01,2023,Online,South East,45-54,Silver,True,14,False,66,69.94
8473,2023-11-01,2023,Online,Scotland,18-24,Gold,False,14,False,216,69.94
8474,2023-11-01,2023,Referral,South East,35-44,Gold,False,14,False,216,59.74
8475,2023-11-01,2023,Branch,South East,18-24,Platinum,False,14,False,336,152.18
8476,2023-11-01,2023,Comparison Site,South East,55-64,Silver,False,14,False,132,39.79
8477,2023-11-01,2023,Online,North,25-34,Gold,True,14,False,108,69.94
8478,2023-11-01,2023,Outbound,Midlands,35-44,Gold,False,2,True,29,121.95
8479,2023-11-01,2023,Branch,Wales & NI,18-24,Silver,True,14,False,94,152.18
8480,2023-11-01,2023,Online,London,18-24,Silver,True,14,False,55,69.94
8481,2023-11-01,2023,Branch,London,35-44,Silver,False,1,True,11,152.18
8482,2023-11-01,2023,Comparison Site,South East,25-34,Gold,True,7,True,18,39.79
8483,2023-11-01,2023,Online,Wales & NI,35-44,Silver,True,14,False,73,69.94
8484,2023-11-01,2023,Comparison Site,South East,25-34,Classic,True,1,True,0,39.79
8485,2023-11-01,2023,Online,Scotland,45-54,Silver,True,13,True,0,69.94
8486,2023-11-01,2023,Referral,South East,65+,Gold,False,14,False,181,59.74
8487,2023-11-01,2023,Branch,Midlands,25-34,Gold,False,14,False,216,152.18
8488,2023-11-01,2023,Comparison Site,Scotland,25-34,Classic,True,6,True,0,39.79
8489,2023-11-01,2023,Comparison Site,South East,35-44,Classic,False,14,False,11,39.79
8490,2023-11-01,2023,Comparison Site,Wales & NI,35-44,Silver,True,1,True,0,39.79
8491,2023-11-01,2023,Online,South East,25-34,Gold,True,14,False,80,69.94
8492,2023-11-01,2023,Broker/IFA,North,45-54,Platinum,True,14,False,168,199.2
8493,2023-11-01,2023,Comparison Site,South East,65+,Classic,False,9,True,0,39.79
8494,2023-11-01,2023,Online,South East,55-64,Silver,True,14,False,73,69.94
8495,2023-11-01,2023,Online,South East,25-34,Platinum,False,14,False,336,69.94
8496,2023-11-01,2023,Online,Midlands,35-44,Classic,True,14,False,33,69.94
8497,2023-11-01,2023,Comparison Site,Wales & NI,25-34,Classic,True,1,True,0,39.79
8498,2023-11-01,2023,Online,South East,25-34,Silver,True,14,False,66,69.94
8499,2023-11-01,2023,Outbound,North,25-34,Silver,True,14,False,66,121.95
8500,2023-11-01,2023,Referral,South East,35-44,Gold,False,10,True,124,59.74
8501,2023-11-01,2023,Online,North,45-54,Gold,False,14,False,216,69.94
8502,2023-11-01,2023,Outbound,Midlands,35-44,Gold,False,8,True,144,121.95
8503,2023-11-01,2023,Comparison Site,South East,25-34,Classic,True,1,True,0,39.79
8504,2023-11-01,2023,Online,Midlands,25-34,Classic,False,1,True,0,69.94
8505,2023-11-01,2023,Online,Scotland,18-24,Gold,False,2,True,36,69.94
8506,2023-11-01,2023,Comparison Site,Wales & NI,25-34,Silver,True,14,False,66,39.79
8507,2023-11-01,2023,Broker/IFA,South East,45-54,Silver,False,8,True,88,199.2
8508,2023-11-01,2023,Referral,South East,18-24,Silver,False,14,False,132,59.74
8509,2023-11-01,2023,Online,North,45-54,Silver,False,14,False,209,69.94
8510,2023-11-01,2023,Online,North,65+,Classic,True,14,False,33,69.94
8511,2023-11-01,2023,Outbound,Midlands,35-44,Gold,False,14,False,216,121.95
8512,2023-11-01,2023,Comparison Site,Midlands,25-34,Silver,True,14,False,66,39.79
8513,2023-11-01,2023,Referral,London,45-54,Silver,False,7,True,77,59.74
8514,2023-11-01,2023,Comparison Site,South East,25-34,Classic,True,14,False,66,39.79
8515,2023-11-01,2023,Online,Midlands,18-24,Classic,False,4,True,0,69.94
8516,2023-11-01,2023,Outbound,North,65+,Classic,True,7,True,0,121.95
8517,2023-11-01,2023,Comparison Site,Midlands,35-44,Silver,True,6,True,0,39.79
8518,2023-11-01,2023,Branch,Midlands,35-44,Gold,False,14,False,216,152.18
8519,2023-11-01,2023,Outbound,London,18-24,Gold,True,3,True,0,121.95
8520,2023-11-01,2023,Comparison Site,North,35-44,Classic,True,1,True,0,39.79
8521,2023-11-01,2023,Online,South East,25-34,Classic,False,6,True,0,69.94
8522,2023-11-01,2023,Online,Midlands,25-34,Silver,False,14,False,167,69.94
8523,2023-11-01,2023,Broker/IFA,South East,55-64,Platinum,False,14,False,336,199.2
8524,2023-11-01,2023,Outbound,London,45-54,Classic,False,2,True,0,121.95
8525,2023-11-01,2023,Branch,South East,35-44,Gold,False,14,False,216,152.18
8526,2023-11-01,2023,Referral,Wales & NI,18-24,Platinum,True,14,False,168,59.74
8527,2023-11-01,2023,Comparison Site,South East,25-34,Silver,False,8,True,88,39.79
8528,2023-11-01,2023,Online,Midlands,35-44,Silver,True,13,True,66,69.94
8529,2023-11-01,2023,Online,London,35-44,Classic,False,14,False,0,69.94
8530,2023-11-01,2023,Outbound,London,18-24,Silver,False,5,True,55,121.95
8531,2023-11-01,2023,Comparison Site,London,45-54,Classic,True,4,True,0,39.79
8532,2023-11-01,2023,Referral,Scotland,35-44,Silver,False,14,False,174,59.74
8533,2023-11-01,2023,Comparison Site,Midlands,25-34,Silver,True,14,False,55,39.79
8534,2023-11-01,2023,Referral,London,18-24,Gold,False,14,False,226,59.74
8535,2023-11-01,2023,Referral,North,55-64,Gold,False,14,False,306,59.74
8536,2023-11-01,2023,Referral,London,25-34,Silver,True,14,False,158,59.74
8537,2023-11-01,2023,Broker/IFA,London,65+,Platinum,False,14,False,336,199.2
8538,2023-11-01,2023,Outbound,London,65+,Gold,True,14,False,108,121.95
8539,2023-11-01,2023,Comparison Site,North,25-34,Classic,True,14,False,0,39.79
8540,2023-11-01,2023,Branch,North,25-34,Classic,False,14,False,65,152.18
8541,2023-11-01,2023,Branch,London,45-54,Silver,True,14,False,66,152.18
8542,2023-11-01,2023,Broker/IFA,London,35-44,Gold,False,4,True,72,199.2
8543,2023-11-01,2023,Referral,London,45-54,Gold,False,14,False,216,59.74
8544,2023-11-01,2023,Online,Midlands,18-24,Silver,False,14,False,132,69.94
8545,2023-11-01,2023,Comparison Site,Scotland,25-34,Classic,True,14,False,66,39.79
8546,2023-11-01,2023,Online,Scotland,55-64,Gold,False,14,False,226,69.94
8547,2023-11-01,2023,Comparison Site,South East,18-24,Silver,True,14,False,66,39.79
8548,2023-11-01,2023,Online,North,35-44,Silver,False,10,True,110,69.94
8549,2023-11-01,2023,Online,North,65+,Classic,False,14,False,0,69.94
8550,2023-11-01,2023,Comparison Site,Midlands,35-44,Silver,True,14,False,66,39.79
8551,2023-11-01,2023,Comparison Site,North,25-34,Silver,False,14,False,66,39.79
8552,2023-11-01,2023,Online,North,35-44,Gold,False,12,True,216,69.94
8553,2023-11-01,2023,Referral,London,65+,Classic,True,1,True,0,59.74
8554,2023-11-01,2023,Online,Midlands,25-34,Silver,True,14,False,101,69.94
8555,2023-11-01,2023,Comparison Site,Wales & NI,35-44,Silver,True,5,True,0,39.79
8556,2023-11-01,2023,Referral,Midlands,25-34,Gold,False,14,False,216,59.74
8557,2023-11-01,2023,Comparison Site,London,18-24,Silver,False,14,False,132,39.79
8558,2023-11-01,2023,Branch,North,55-64,Silver,False,14,False,132,152.18
8559,2023-11-01,2023,Branch,South East,25-34,Silver,False,14,False,153,152.18
8560,2023-11-01,2023,Comparison Site,Scotland,18-24,Classic,True,14,False,101,39.79
8561,2023-11-01,2023,Outbound,Scotland,35-44,Silver,True,14,False,80,121.95
8562,2023-11-01,2023,Comparison Site,North,45-54,Classic,True,4,True,0,39.79
8563,2023-11-01,2023,Referral,Midlands,45-54,Silver,False,6,True,66,59.74
8564,2023-11-01,2023,Outbound,North,45-54,Classic,True,9,True,0,121.95
8565,2023-11-01,2023,Online,North,18-24,Classic,False,14,False,0,69.94
8566,2023-11-01,2023,Comparison Site,London,35-44,Silver,True,14,False,0,39.79
8567,2023-11-01,2023,Referral,Midlands,35-44,Gold,False,12,True,216,59.74
8568,2023-11-01,2023,Online,London,65+,Silver,False,14,False,132,69.94
8569,2023-11-01,2023,Comparison Site,North,35-44,Classic,True,12,True,0,39.79
8570,2023-11-01,2023,Online,North,45-54,Gold,False,14,False,216,69.94
8571,2023-11-01,2023,Broker/IFA,South East,18-24,Gold,False,14,False,216,199.2
8572,2023-11-01,2023,Online,North,25-34,Silver,True,3,True,0,69.94
8573,2023-11-01,2023,Outbound,London,55-64,Gold,True,1,True,0,121.95
8574,2023-11-01,2023,Comparison Site,London,45-54,Gold,False,6,True,108,39.79
8575,2023-11-01,2023,Online,Scotland,55-64,Gold,False,14,False,216,69.94
8576,2023-11-01,2023,Comparison Site,London,18-24,Gold,False,14,False,216,39.79
8577,2023-11-01,2023,Comparison Site,South East,35-44,Gold,True,14,False,108,39.79
8578,2023-11-01,2023,Online,Midlands,35-44,Gold,False,14,False,209,69.94
8579,2023-11-01,2023,Outbound,Scotland,35-44,Classic,True,14,False,11,121.95
8580,2023-11-01,2023,Broker/IFA,North,35-44,Platinum,True,14,False,158,199.2
8581,2023-11-01,2023,Online,London,45-54,Classic,False,12,True,0,69.94
8582,2023-11-01,2023,Outbound,South East,25-34,Gold,True,14,False,108,121.95
8583,2023-11-01,2023,Outbound,North,35-44,Platinum,False,14,False,336,121.95
8584,2023-11-01,2023,Outbound,Midlands,25-34,Gold,True,14,False,108,121.95
8585,2023-11-01,2023,Referral,North,25-34,Gold,False,14,False,236,59.74
8586,2023-11-01,2023,Outbound,London,45-54,Silver,False,1,True,11,121.95
8587,2023-11-01,2023,Referral,North,25-34,Gold,False,14,False,216,59.74
8588,2023-11-01,2023,Referral,South East,35-44,Silver,False,2,True,22,59.74
8589,2023-11-01,2023,Branch,South East,25-34,Classic,False,14,False,65,152.18
8590,2023-11-01,2023,Referral,Midlands,18-24,Silver,False,1,True,11,59.74
8591,2023-11-01,2023,Branch,Scotland,25-34,Classic,False,2,True,0,152.18
8592,2023-11-01,2023,Comparison Site,London,55-64,Silver,False,14,False,153,39.79
8593,2023-11-01,2023,Comparison Site,Wales & NI,45-54,Silver,True,11,True,55,39.79
8594,2023-11-01,2023,Online,London,45-54,Gold,True,5,True,0,69.94
8595,2023-11-01,2023,Referral,North,55-64,Gold,True,14,False,158,59.74
8596,2023-11-01,2023,Comparison Site,Midlands,45-54,Silver,True,4,True,0,39.79
8597,2023-11-01,2023,Comparison Site,Midlands,35-44,Silver,True,7,True,11,39.79
8598,2023-11-01,2023,Online,Wales & NI,65+,Gold,False,14,False,216,69.94
8599,2023-11-01,2023,Comparison Site,London,35-44,Silver,True,7,True,11,39.79
8600,2023-11-01,2023,Referral,Scotland,55-64,Gold,False,14,False,216,59.74
8601,2023-11-01,2023,Branch,London,25-34,Gold,True,13,True,168,152.18
8602,2023-11-01,2023,Online,London,25-34,Classic,False,14,False,0,69.94
8603,2023-11-01,2023,Online,North,25-34,Silver,True,3,True,0,69.94
8604,2023-11-01,2023,Online,Scotland,45-54,Gold,False,6,True,108,69.94
8605,2023-11-01,2023,Referral,London,25-34,Platinum,False,14,False,336,59.74
8606,2023-11-01,2023,Outbound,London,55-64,Silver,True,14,False,66,121.95
8607,2023-11-01,2023,Comparison Site,London,25-34,Classic,True,8,True,0,39.79
8608,2023-11-01,2023,Comparison Site,London,18-24,Classic,True,14,False,0,39.79
8609,2023-11-01,2023,Branch,London,45-54,Gold,False,6,True,108,152.18
8610,2023-11-01,2023,Outbound,London,25-34,Classic,True,14,False,0,121.95
8611,2023-11-01,2023,Online,South East,35-44,Silver,False,14,False,99,69.94
8612,2023-11-01,2023,Comparison Site,London,18-24,Classic,True,1,True,0,39.79
8613,2023-11-01,2023,Online,South East,45-54,Gold,True,14,False,168,69.94
8614,2023-11-01,2023,Online,Scotland,55-64,Gold,False,14,False,216,69.94
8615,2023-11-01,2023,Referral,South East,45-54,Classic,True,12,True,66,59.74
8616,2023-11-01,2023,Online,Midlands,35-44,Classic,True,4,True,0,69.94
8617,2023-11-01,2023,Referral,London,45-54,Silver,False,14,False,132,59.74
8618,2023-11-01,2023,Comparison Site,Scotland,45-54,Gold,True,14,False,87,39.79
8619,2023-11-01,2023,Online,North,45-54,Classic,True,13,True,0,69.94
8620,2023-11-01,2023,Comparison Site,South East,35-44,Gold,False,3,True,54,39.79
8621,2023-11-01,2023,Comparison Site,South East,25-34,Classic,False,1,True,0,39.79
8622,2023-11-01,2023,Broker/IFA,North,25-34,Classic,False,14,False,0,199.2
8623,2023-11-01,2023,Broker/IFA,North,55-64,Silver,False,14,False,209,199.2
8624,2023-11-01,2023,Comparison Site,South East,18-24,Classic,False,2,True,11,39.79
8625,2023-11-01,2023,Outbound,North,35-44,Classic,False,14,False,0,121.95
8626,2023-11-01,2023,Comparison Site,North,18-24,Classic,False,3,True,0,39.79
8627,2023-11-01,2023,Comparison Site,North,55-64,Silver,True,14,False,66,39.79
8628,2023-11-01,2023,Online,Midlands,35-44,Platinum,True,14,False,168,69.94
8629,2023-11-01,2023,Outbound,South East,45-54,Silver,True,5,True,0,121.95
8630,2023-11-01,2023,Comparison Site,North,25-34,Classic,True,3,True,0,39.79
8631,2023-11-01,2023,Referral,North,55-64,Gold,True,14,False,66,59.74
8632,2023-11-01,2023,Comparison Site,London,18-24,Silver,True,14,False,66,39.79
8633,2023-11-01,2023,Comparison Site,London,35-44,Silver,False,14,False,132,39.79
8634,2023-11-01,2023,Comparison Site,London,18-24,Silver,True,12,True,66,39.79
8635,2023-11-01,2023,Branch,London,55-64,Gold,False,14,False,216,152.18
8636,2023-11-01,2023,Comparison Site,North,25-34,Silver,True,14,False,66,39.79
8637,2023-11-01,2023,Online,Wales & NI,35-44,Gold,True,14,False,108,69.94
8638,2023-11-01,2023,Branch,South East,55-64,Platinum,False,14,False,336,152.18
8639,2023-11-01,2023,Online,London,25-34,Silver,False,14,False,132,69.94
8640,2023-11-01,2023,Broker/IFA,North,45-54,Gold,False,4,True,72,199.2
8641,2023-11-01,2023,Online,Scotland,35-44,Gold,False,14,False,216,69.94
8642,2023-11-01,2023,Online,South East,45-54,Silver,True,11,True,55,69.94
8643,2023-11-01,2023,Comparison Site,London,25-34,Classic,True,7,True,0,39.79
8644,2023-12-01,2023,Outbound,North,18-24,Gold,True,13,False,108,121.95
8645,2023-12-01,2023,Online,North,25-34,Gold,True,13,False,108,69.94
8646,2023-12-01,2023,Outbound,London,25-34,Classic,False,13,False,22,121.95
8647,2023-12-01,2023,Comparison Site,London,45-54,Classic,False,2,True,0,39.79
8648,2023-12-01,2023,Online,Scotland,45-54,Silver,False,13,False,132,69.94
8649,2023-12-01,2023,Comparison Site,North,45-54,Classic,True,1,True,0,39.79
8650,2023-12-01,2023,Outbound,South East,35-44,Platinum,True,13,False,168,121.95
8651,2023-12-01,2023,Referral,Wales & NI,35-44,Classic,False,3,True,0,59.74
8652,2023-12-01,2023,Online,London,35-44,Classic,True,13,False,0,69.94
8653,2023-12-01,2023,Comparison Site,South East,55-64,Silver,True,13,False,87,39.79
8654,2023-12-01,2023,Online,London,65+,Silver,False,1,True,11,69.94
8655,2023-12-01,2023,Outbound,South East,35-44,Platinum,False,13,False,236,121.95
8656,2023-12-01,2023,Comparison Site,Midlands,25-34,Gold,False,10,True,152,39.79
8657,2023-12-01,2023,Online,North,35-44,Classic,False,1,True,0,69.94
8658,2023-12-01,2023,Comparison Site,Midlands,35-44,Classic,True,13,False,0,39.79
8659,2023-12-01,2023,Comparison Site,South East,18-24,Classic,True,5,True,0,39.79
8660,2023-12-01,2023,Comparison Site,Scotland,45-54,Silver,False,13,False,132,39.79
8661,2023-12-01,2023,Comparison Site,Midlands,25-34,Silver,False,8,True,109,39.79
8662,2023-12-01,2023,Online,South East,35-44,Silver,True,10,True,22,69.94
8663,2023-12-01,2023,Branch,South East,65+,Silver,False,13,False,132,152.18
8664,2023-12-01,2023,Comparison Site,North,45-54,Classic,False,13,False,0,39.79
8665,2023-12-01,2023,Broker/IFA,North,35-44,Gold,False,13,False,276,199.2
8666,2023-12-01,2023,Outbound,London,35-44,Classic,False,12,True,0,121.95
8667,2023-12-01,2023,Online,North,55-64,Classic,False,1,True,0,69.94
8668,2023-12-01,2023,Comparison Site,South East,45-54,Silver,False,7,True,77,39.79
8669,2023-12-01,2023,Comparison Site,South East,35-44,Silver,True,9,True,33,39.79
8670,2023-12-01,2023,Online,South East,35-44,Classic,False,1,True,0,69.94
8671,2023-12-01,2023,Referral,North,35-44,Platinum,True,13,False,168,59.74
8672,2023-12-01,2023,Online,North,35-44,Silver,True,13,False,66,69.94
8673,2023-12-01,2023,Referral,North,25-34,Gold,False,13,False,216,59.74
8674,2023-12-01,2023,Online,London,25-34,Classic,False,1,True,0,69.94
8675,2023-12-01,2023,Online,Scotland,45-54,Gold,False,6,True,73,69.94
8676,2023-12-01,2023,Online,North,25-34,Classic,False,6,True,0,69.94
8677,2023-12-01,2023,Online,Midlands,45-54,Gold,False,13,False,216,69.94
8678,2023-12-01,2023,Broker/IFA,South East,55-64,Silver,False,13,False,201,199.2
8679,2023-12-01,2023,Comparison Site,Wales & NI,65+,Classic,False,13,False,0,39.79
8680,2023-12-01,2023,Online,Scotland,65+,Classic,False,10,True,0,69.94
8681,2023-12-01,2023,Online,North,45-54,Classic,False,13,False,44,69.94
8682,2023-12-01,2023,Broker/IFA,North,25-34,Gold,False,13,False,216,199.2
8683,2023-12-01,2023,Outbound,South East,45-54,Classic,True,13,False,22,121.95
8684,2023-12-01,2023,Comparison Site,Wales & NI,25-34,Classic,False,11,True,0,39.79
8685,2023-12-01,2023,Online,Midlands,35-44,Gold,False,8,True,109,69.94
8686,2023-12-01,2023,Comparison Site,London,35-44,Silver,True,13,False,66,39.79
8687,2023-12-01,2023,Comparison Site,Midlands,18-24,Classic,True,2,True,0,39.79
8688,2023-12-01,2023,Broker/IFA,London,35-44,Gold,False,13,False,236,199.2
8689,2023-12-01,2023,Online,London,25-34,Classic,False,1,True,0,69.94
8690,2023-12-01,2023,Online,London,55-64,Gold,False,13,False,216,69.94
8691,2023-12-01,2023,Branch,Scotland,55-64,Silver,False,13,False,132,152.18
8692,2023-12-01,2023,Online,London,18-24,Platinum,True,13,False,168,69.94
8693,2023-12-01,2023,Branch,South East,18-24,Gold,False,1,True,18,152.18
8694,2023-12-01,2023,Comparison Site,North,25-34,Classic,True,2,True,0,39.79
8695,2023-12-01,2023,Outbound,South East,55-64,Classic,False,13,False,0,121.95
8696,2023-12-01,2023,Online,South East,18-24,Classic,False,2,True,0,69.94
8697,2023-12-01,2023,Outbound,Wales & NI,35-44,Classic,True,13,False,22,121.95
8698,2023-12-01,2023,Online,North,35-44,Gold,False,13,False,296,69.94
8699,2023-12-01,2023,Referral,Midlands,35-44,Classic,False,13,False,0,59.74
8700,2023-12-01,2023,Outbound,Midlands,25-34,Classic,False,5,True,0,121.95
8701,2023-12-01,2023,Comparison Site,London,45-54,Gold,True,13,False,108,39.79
8702,2023-12-01,2023,Comparison Site,Scotland,18-24,Classic,True,1,True,0,39.79
8703,2023-12-01,2023,Referral,London,25-34,Gold,False,13,False,246,59.74
8704,2023-12-01,2023,Comparison Site,Midlands,65+,Classic,True,1,True,0,39.79
8705,2023-12-01,2023,Comparison Site,Midlands,35-44,Silver,False,6,True,66,39.79
8706,2023-12-01,2023,Referral,North,45-54,Gold,False,13,False,216,59.74
8707,2023-12-01,2023,Referral,Wales & NI,65+,Silver,False,3,True,33,59.74
8708,2023-12-01,2023,Comparison Site,South East,55-64,Classic,True,12,True,44,39.79
8709,2023-12-01,2023,Branch,Midlands,18-24,Classic,False,13,False,120,152.18
8710,2023-12-01,2023,Comparison Site,Midlands,45-54,Classic,True,7,True,0,39.79
8711,2023-12-01,2023,Outbound,London,35-44,Gold,True,13,False,108,121.95
8712,2023-12-01,2023,Online,South East,55-64,Platinum,True,8,True,56,69.94
8713,2023-12-01,2023,Comparison Site,London,25-34,Silver,True,5,True,0,39.79
8714,2023-12-01,2023,Branch,Midlands,35-44,Silver,False,13,False,132,152.18
8715,2023-12-01,2023,Comparison Site,London,65+,Classic,True,5,True,0,39.79
8716,2023-12-01,2023,Online,London,45-54,Silver,False,13,False,132,69.94
8717,2023-12-01,2023,Comparison Site,London,25-34,Silver,True,7,True,11,39.79
8718,2023-12-01,2023,Referral,South East,45-54,Gold,False,13,False,216,59.74
8719,2023-12-01,2023,Comparison Site,North,55-64,Silver,True,7,True,11,39.79
8720,2023-12-01,2023,Comparison Site,North,25-34,Gold,False,13,False,296,39.79
8721,2023-12-01,2023,Branch,South East,55-64,Gold,False,13,False,326,152.18
8722,2023-12-01,2023,Branch,North,18-24,Silver,False,11,True,121,152.18
8723,2023-12-01,2023,Broker/IFA,Wales & NI,65+,Platinum,False,13,False,336,199.2
8724,2023-12-01,2023,Comparison Site,North,45-54,Classic,False,5,True,0,39.79
8725,2023-12-01,2023,Outbound,Scotland,55-64,Classic,False,2,True,0,121.95
8726,2023-12-01,2023,Outbound,South East,55-64,Classic,True,7,True,0,121.95
8727,2023-12-01,2023,Online,Midlands,35-44,Silver,False,13,False,132,69.94
8728,2023-12-01,2023,Comparison Site,Midlands,35-44,Classic,True,3,True,0,39.79
8729,2023-12-01,2023,Online,London,25-34,Classic,False,5,True,0,69.94
8730,2023-12-01,2023,Branch,Midlands,55-64,Platinum,False,3,True,84,152.18
8731,2023-12-01,2023,Comparison Site,South East,25-34,Classic,True,4,True,0,39.79
8732,2023-12-01,2023,Outbound,Midlands,55-64,Silver,False,13,False,44,121.95
8733,2023-12-01,2023,Comparison Site,London,25-34,Silver,False,13,False,88,39.79
8734,2023-12-01,2023,Online,Scotland,45-54,Gold,True,13,False,108,69.94
8735,2023-12-01,2023,Outbound,London,18-24,Silver,False,4,True,44,121.95
8736,2023-12-01,2023,Referral,London,55-64,Silver,False,5,True,62,59.74
8737,2023-12-01,2023,Outbound,North,45-54,Silver,False,8,True,88,121.95
8738,2023-12-01,2023,Outbound,Scotland,65+,Classic,False,3,True,0,121.95
8739,2023-12-01,2023,Outbound,South East,45-54,Gold,True,13,False,66,121.95
8740,2023-12-01,2023,Referral,Wales & NI,65+,Platinum,False,13,False,336,59.74
8741,2023-12-01,2023,Online,London,55-64,Silver,False,13,False,132,69.94
8742,2023-12-01,2023,Outbound,Midlands,65+,Gold,False,13,False,256,121.95
8743,2023-12-01,2023,Online,South East,55-64,Silver,True,13,False,66,69.94
8744,2023-12-01,2023,Outbound,North,55-64,Classic,False,13,False,88,121.95
8745,2023-12-01,2023,Online,Scotland,65+,Classic,False,8,True,0,69.94
8746,2023-12-01,2023,Broker/IFA,Midlands,55-64,Gold,False,9,True,162,199.2
8747,2023-12-01,2023,Online,Midlands,35-44,Gold,False,13,False,181,69.94
8748,2023-12-01,2023,Online,Midlands,55-64,Silver,False,13,False,188,69.94
8749,2023-12-01,2023,Online,London,25-34,Silver,True,3,True,0,69.94
8750,2023-12-01,2023,Branch,South East,45-54,Gold,False,13,False,216,152.18
8751,2023-12-01,2023,Branch,London,35-44,Gold,False,13,False,181,152.18
8752,2023-12-01,2023,Branch,North,18-24,Silver,False,13,False,190,152.18
8753,2023-12-01,2023,Online,North,45-54,Silver,False,13,False,132,69.94
8754,2023-12-01,2023,Outbound,North,18-24,Classic,False,13,False,44,121.95
8755,2023-12-01,2023,Comparison Site,South East,35-44,Classic,True,1,True,0,39.79
8756,2023-12-01,2023,Comparison Site,South East,45-54,Classic,True,7,True,0,39.79
8757,2023-12-01,2023,Online,North,35-44,Platinum,False,13,False,336,69.94
8758,2023-12-01,2023,Branch,North,35-44,Gold,False,13,False,216,152.18
8759,2023-12-01,2023,Online,South East,35-44,Silver,True,13,False,66,69.94
8760,2023-12-01,2023,Outbound,Midlands,45-54,Silver,True,3,True,0,121.95
8761,2023-12-01,2023,Comparison Site,London,25-34,Silver,False,13,False,132,39.79
8762,2023-12-01,2023,Branch,London,18-24,Gold,True,13,False,66,152.18
8763,2023-12-01,2023,Comparison Site,South East,18-24,Silver,True,13,False,33,39.79
8764,2023-12-01,2023,Comparison Site,North,25-34,Classic,True,6,True,0,39.79
8765,2023-12-01,2023,Comparison Site,North,45-54,Silver,True,13,False,66,39.79
8766,2023-12-01,2023,Broker/IFA,South East,35-44,Gold,False,13,False,209,199.2
8767,2023-12-01,2023,Branch,South East,18-24,Gold,False,13,False,202,152.18
8768,2023-12-01,2023,Comparison Site,North,45-54,Classic,True,6,True,0,39.79
8769,2023-12-01,2023,Branch,North,35-44,Gold,False,13,False,209,152.18
8770,2023-12-01,2023,Branch,London,45-54,Gold,False,13,False,226,152.18
8771,2023-12-01,2023,Online,South East,35-44,Gold,False,13,False,276,69.94
8772,2023-12-01,2023,Referral,Midlands,35-44,Silver,False,13,False,132,59.74
8773,2023-12-01,2023,Referral,Scotland,35-44,Gold,False,13,False,216,59.74
8774,2023-12-01,2023,Online,Midlands,45-54,Classic,False,13,False,0,69.94
8775,2023-12-01,2023,Online,Midlands,45-54,Silver,True,7,True,11,69.94
8776,2023-12-01,2023,Outbound,North,25-34,Classic,True,13,False,66,121.95
8777,2023-12-01,2023,Broker/IFA,London,65+,Gold,False,13,False,216,199.2
8778,2023-12-01,2023,Online,London,25-34,Silver,False,13,False,202,69.94
8779,2023-12-01,2023,Online,South East,25-34,Classic,False,3,True,0,69.94
8780,2023-12-01,2023,Comparison Site,London,45-54,Gold,False,13,False,216,39.79
8781,2023-12-01,2023,Branch,London,55-64,Silver,False,13,False,132,152.18
8782,2023-12-01,2023,Broker/IFA,Wales & NI,35-44,Platinum,False,13,False,276,199.2
8783,2023-12-01,2023,Comparison Site,South East,45-54,Classic,False,12,True,0,39.79
8784,2023-12-01,2023,Broker/IFA,Wales & NI,35-44,Classic,False,3,True,0,199.2
8785,2023-12-01,2023,Branch,Midlands,55-64,Silver,False,8,True,88,152.18
8786,2023-12-01,2023,Online,North,35-44,Classic,False,7,True,0,69.94
8787,2023-12-01,2023,Referral,South East,35-44,Classic,False,13,False,105,59.74
8788,2023-12-01,2023,Online,North,45-54,Silver,False,13,False,121,69.94
8789,2023-12-01,2023,Outbound,Midlands,45-54,Classic,True,13,False,0,121.95
8790,2023-12-01,2023,Outbound,London,45-54,Classic,True,2,True,0,121.95
8791,2023-12-01,2023,Online,Midlands,25-34,Gold,False,13,False,145,69.94
8792,2023-12-01,2023,Branch,London,35-44,Platinum,False,13,False,336,152.18
8793,2023-12-01,2023,Referral,North,45-54,Silver,False,13,False,153,59.74
8794,2023-12-01,2023,Online,London,25-34,Platinum,False,13,False,336,69.94
8795,2023-12-01,2023,Branch,London,25-34,Gold,False,13,False,216,152.18
8796,2023-12-01,2023,Branch,Midlands,25-34,Classic,False,2,True,0,152.18
8797,2023-12-01,2023,Referral,London,45-54,Gold,False,4,True,72,59.74
8798,2023-12-01,2023,Comparison Site,North,25-34,Silver,True,10,True,65,39.79
8799,2023-12-01,2023,Branch,North,35-44,Gold,False,13,False,174,152.18
8800,2023-12-01,2023,Online,South East,35-44,Gold,True,13,False,108,69.94
8801,2023-12-01,2023,Outbound,South East,55-64,Classic,False,13,False,0,121.95
8802,2023-12-01,2023,Referral,South East,25-34,Gold,False,13,False,216,59.74
8803,2023-12-01,2023,Comparison Site,London,35-44,Silver,True,3,True,0,39.79
8804,2023-12-01,2023,Branch,South East,45-54,Platinum,False,13,False,316,152.18
8805,2023-12-01,2023,Comparison Site,South East,18-24,Classic,False,13,False,55,39.79
8806,2023-12-01,2023,Online,London,65+,Gold,True,12,True,108,69.94
8807,2023-12-01,2023,Comparison Site,London,25-34,Classic,True,5,True,0,39.79
8808,2023-12-01,2023,Outbound,North,55-64,Classic,False,11,True,0,121.95
8809,2023-12-01,2023,Online,North,45-54,Gold,True,1,True,0,69.94
8810,2023-12-01,2023,Comparison Site,Wales & NI,25-34,Silver,True,13,False,66,39.79
8811,2023-12-01,2023,Branch,London,35-44,Platinum,False,13,False,266,152.18
8812,2023-12-01,2023,Branch,North,18-24,Classic,False,4,True,0,152.18
8813,2023-12-01,2023,Comparison Site,London,35-44,Classic,False,6,True,0,39.79
8814,2023-12-01,2023,Branch,North,25-34,Silver,False,13,False,132,152.18
8815,2023-12-01,2023,Broker/IFA,Wales & NI,25-34,Platinum,False,13,False,336,199.2
8816,2023-12-01,2023,Referral,Wales & NI,55-64,Platinum,False,13,False,256,59.74
8817,2023-12-01,2023,Branch,London,25-34,Silver,False,13,False,181,152.18
8818,2023-12-01,2023,Online,London,18-24,Platinum,False,13,False,336,69.94
8819,2023-12-01,2023,Outbound,Scotland,18-24,Classic,False,4,True,11,121.95
8820,2023-12-01,2023,Outbound,Midlands,25-34,Silver,True,1,True,0,121.95
8821,2023-12-01,2023,Comparison Site,Scotland,35-44,Classic,False,5,True,0,39.79
8822,2023-12-01,2023,Branch,Midlands,45-54,Silver,False,12,True,132,152.18
8823,2023-12-01,2023,Comparison Site,South East,25-34,Silver,True,13,False,66,39.79
8824,2023-12-01,2023,Referral,South East,65+,Silver,False,5,True,55,59.74
8825,2023-12-01,2023,Comparison Site,London,25-34,Classic,True,7,True,0,39.79
8826,2023-12-01,2023,Broker/IFA,South East,55-64,Gold,False,13,False,216,199.2
8827,2023-12-01,2023,Comparison Site,North,25-34,Gold,False,13,False,216,39.79
8828,2023-12-01,2023,Online,London,55-64,Silver,False,13,False,139,69.94
8829,2023-12-01,2023,Online,London,25-34,Silver,False,4,True,44,69.94
8830,2023-12-01,2023,Broker/IFA,North,45-54,Gold,False,13,False,216,199.2
8831,2023-12-01,2023,Comparison Site,North,25-34,Silver,False,13,False,132,39.79
8832,2023-12-01,2023,Broker/IFA,South East,25-34,Gold,False,13,False,216,199.2
8833,2023-12-01,2023,Branch,London,55-64,Silver,True,13,False,66,152.18
8834,2023-12-01,2023,Outbound,South East,35-44,Classic,False,1,True,0,121.95
8835,2023-12-01,2023,Online,Midlands,25-34,Classic,False,2,True,0,69.94
8836,2023-12-01,2023,Online,South East,55-64,Silver,True,13,False,66,69.94
8837,2023-12-01,2023,Broker/IFA,Scotland,18-24,Silver,False,13,False,132,199.2
8838,2023-12-01,2023,Comparison Site,Scotland,25-34,Silver,True,6,True,0,39.79
8839,2023-12-01,2023,Comparison Site,Scotland,35-44,Gold,True,13,False,108,39.79
8840,2023-12-01,2023,Comparison Site,Midlands,25-34,Classic,False,11,True,0,39.79
8841,2023-12-01,2023,Online,Wales & NI,35-44,Gold,False,13,False,167,69.94
8842,2023-12-01,2023,Online,North,65+,Silver,False,13,False,132,69.94
8843,2023-12-01,2023,Referral,London,35-44,Gold,True,13,False,101,59.74
8844,2023-12-01,2023,Outbound,Wales & NI,25-34,Classic,True,7,True,11,121.95
8845,2023-12-01,2023,Broker/IFA,Midlands,35-44,Platinum,False,13,False,336,199.2
8846,2023-12-01,2023,Comparison Site,North,35-44,Silver,True,13,False,87,39.79
8847,2023-12-01,2023,Online,North,18-24,Silver,True,5,True,0,69.94
8848,2023-12-01,2023,Comparison Site,North,25-34,Classic,False,1,True,0,39.79
8849,2023-12-01,2023,Branch,Scotland,45-54,Silver,True,13,False,66,152.18
8850,2023-12-01,2023,Comparison Site,Scotland,35-44,Silver,True,13,False,66,39.79
8851,2023-12-01,2023,Online,London,25-34,Classic,True,8,True,22,69.94
8852,2023-12-01,2023,Comparison Site,South East,45-54,Classic,True,9,True,0,39.79
8853,2023-12-01,2023,Comparison Site,Scotland,18-24,Classic,False,3,True,0,39.79
8854,2023-12-01,2023,Branch,Midlands,65+,Classic,False,13,False,0,152.18
8855,2023-12-01,2023,Referral,Wales & NI,18-24,Platinum,False,12,True,336,59.74
8856,2023-12-01,2023,Online,London,55-64,Silver,False,2,True,22,69.94
8857,2023-12-01,2023,Broker/IFA,Wales & NI,35-44,Gold,False,13,False,266,199.2
8858,2023-12-01,2023,Branch,South East,35-44,Gold,False,1,True,18,152.18
8859,2023-12-01,2023,Branch,South East,18-24,Silver,False,13,False,139,152.18
8860,2023-12-01,2023,Online,London,55-64,Classic,False,13,False,44,69.94
8861,2023-12-01,2023,Comparison Site,North,65+,Classic,True,10,True,22,39.79
8862,2023-12-01,2023,Branch,South East,25-34,Gold,False,13,False,216,152.18
8863,2023-12-01,2023,Referral,London,55-64,Silver,False,13,False,121,59.74
8864,2023-12-01,2023,Referral,London,45-54,Platinum,True,13,False,168,59.74
8865,2023-12-01,2023,Broker/IFA,North,45-54,Platinum,False,13,False,336,199.2
8866,2023-12-01,2023,Online,South East,25-34,Platinum,True,10,True,112,69.94
8867,2023-12-01,2023,Comparison Site,Midlands,55-64,Platinum,True,13,False,108,39.79
8868,2023-12-01,2023,Comparison Site,London,45-54,Silver,True,8,True,22,39.79
8869,2023-12-01,2023,Comparison Site,London,25-34,Silver,False,13,False,11,39.79
8870,2023-12-01,2023,Comparison Site,London,18-24,Silver,True,3,True,0,39.79
8871,2023-12-01,2023,Referral,Wales & NI,55-64,Gold,False,2,True,36,59.74
8872,2023-12-01,2023,Branch,South East,18-24,Gold,False,13,False,216,152.18
8873,2023-12-01,2023,Comparison Site,Midlands,25-34,Silver,True,13,False,66,39.79
8874,2023-12-01,2023,Comparison Site,South East,65+,Gold,False,13,False,216,39.79
8875,2023-12-01,2023,Online,Wales & NI,35-44,Gold,False,13,False,226,69.94
8876,2023-12-01,2023,Online,South East,25-34,Classic,False,4,True,0,69.94
8877,2023-12-01,2023,Online,London,35-44,Silver,False,13,False,222,69.94
8878,2023-12-01,2023,Branch,South East,18-24,Gold,False,13,False,216,152.18
8879,2023-12-01,2023,Outbound,North,45-54,Classic,True,1,True,0,121.95
8880,2023-12-01,2023,Comparison Site,Wales & NI,55-64,Gold,False,7,True,126,39.79
8881,2023-12-01,2023,Online,South East,25-34,Classic,False,13,False,99,69.94
8882,2023-12-01,2023,Outbound,London,25-34,Platinum,False,13,False,336,121.95
8883,2023-12-01,2023,Comparison Site,South East,45-54,Classic,False,3,True,0,39.79
8884,2023-12-01,2023,Branch,North,45-54,Gold,True,1,True,0,152.18
8885,2023-12-01,2023,Online,Midlands,18-24,Silver,True,13,False,66,69.94
8886,2023-12-01,2023,Comparison Site,Scotland,18-24,Silver,True,13,False,66,39.79
8887,2023-12-01,2023,Comparison Site,London,25-34,Classic,True,8,True,0,39.79
8888,2023-12-01,2023,Referral,Midlands,35-44,Platinum,True,13,False,138,59.74
8889,2023-12-01,2023,Referral,North,18-24,Gold,False,13,False,216,59.74
8890,2023-12-01,2023,Online,Wales & NI,65+,Silver,True,6,True,0,69.94
8891,2023-12-01,2023,Online,Scotland,25-34,Platinum,False,13,False,336,69.94
8892,2023-12-01,2023,Comparison Site,Midlands,25-34,Classic,False,13,False,0,39.79
8893,2023-12-01,2023,Comparison Site,North,25-34,Silver,False,13,False,132,39.79
8894,2023-12-01,2023,Referral,South East,45-54,Classic,False,13,False,99,59.74
8895,2023-12-01,2023,Comparison Site,North,45-54,Classic,False,13,False,99,39.79
8896,2023-12-01,2023,Outbound,Wales & NI,35-44,Silver,False,3,True,33,121.95
8897,2023-12-01,2023,Outbound,Midlands,45-54,Gold,False,13,False,195,121.95
8898,2023-12-01,2023,Comparison Site,London,55-64,Classic,True,4,True,0,39.79
8899,2023-12-01,2023,Branch,South East,25-34,Gold,False,13,False,139,152.18
8900,2023-12-01,2023,Referral,London,25-34,Gold,True,13,False,108,59.74
8901,2023-12-01,2023,Comparison Site,Scotland,18-24,Classic,True,1,True,0,39.79
8902,2023-12-01,2023,Online,North,65+,Platinum,False,13,False,336,69.94
8903,2023-12-01,2023,Branch,London,25-34,Platinum,False,13,False,336,152.18
8904,2023-12-01,2023,Online,Midlands,25-34,Classic,False,10,True,0,69.94
8905,2023-12-01,2023,Online,Wales & NI,25-34,Silver,True,13,False,108,69.94
8906,2023-12-01,2023,Online,North,18-24,Platinum,True,13,False,168,69.94
8907,2023-12-01,2023,Branch,Wales & NI,25-34,Gold,True,13,False,108,152.18
8908,2023-12-01,2023,Branch,South East,25-34,Platinum,True,13,False,168,152.18
8909,2023-12-01,2023,Outbound,North,45-54,Classic,False,2,True,0,121.95
8910,2023-12-01,2023,Online,North,18-24,Silver,False,13,False,209,69.94
8911,2023-12-01,2023,Online,London,25-34,Classic,False,2,True,0,69.94
8912,2023-12-01,2023,Branch,North,45-54,Silver,False,12,True,181,152.18
8913,2023-12-01,2023,Branch,North,65+,Classic,False,13,False,11,152.18
8914,2023-12-01,2023,Online,Wales & NI,25-34,Gold,True,2,True,0,69.94
8915,2023-12-01,2023,Comparison Site,London,35-44,Silver,True,13,False,66,39.79
8916,2023-12-01,2023,Online,Wales & NI,18-24,Platinum,True,13,False,108,69.94
8917,2023-12-01,2023,Broker/IFA,Midlands,45-54,Silver,False,1,True,11,199.2
8918,2023-12-01,2023,Referral,North,25-34,Silver,False,13,False,132,59.74
8919,2023-12-01,2023,Comparison Site,Scotland,25-34,Silver,False,5,True,55,39.79
8920,2023-12-01,2023,Branch,North,18-24,Platinum,False,13,False,336,152.18
8921,2023-12-01,2023,Online,London,35-44,Platinum,True,13,False,168,69.94
8922,2023-12-01,2023,Online,Midlands,25-34,Classic,True,2,True,0,69.94
8923,2023-12-01,2023,Online,North,65+,Classic,False,13,False,0,69.94
8924,2023-12-01,2023,Comparison Site,South East,65+,Silver,True,1,True,0,39.79
8925,2023-12-01,2023,Referral,South East,18-24,Classic,False,13,False,88,59.74
8926,2023-12-01,2023,Online,London,25-34,Classic,False,13,False,0,69.94
8927,2023-12-01,2023,Branch,Wales & NI,25-34,Gold,False,6,True,108,152.18
8928,2023-12-01,2023,Online,Midlands,45-54,Silver,True,13,False,90,69.94
8929,2023-12-01,2023,Referral,London,55-64,Classic,True,7,True,18,59.74
8930,2023-12-01,2023,Branch,South East,35-44,Platinum,False,13,False,336,152.18
8931,2023-12-01,2023,Online,North,45-54,Classic,False,1,True,0,69.94
8932,2023-12-01,2023,Comparison Site,London,65+,Gold,False,13,False,216,39.79
8933,2023-12-01,2023,Branch,London,25-34,Platinum,False,13,False,266,152.18
8934,2023-12-01,2023,Branch,Midlands,45-54,Platinum,False,13,False,336,152.18
8935,2023-12-01,2023,Branch,Midlands,18-24,Gold,False,13,False,216,152.18
8936,2023-12-01,2023,Online,London,35-44,Gold,True,13,False,108,69.94
8937,2023-12-01,2023,Outbound,South East,18-24,Classic,False,13,False,0,121.95
8938,2023-12-01,2023,Broker/IFA,Scotland,25-34,Gold,False,13,False,326,199.2
8939,2023-12-01,2023,Referral,Scotland,18-24,Silver,False,13,False,146,59.74
8940,2023-12-01,2023,Online,Wales & NI,45-54,Platinum,False,13,False,256,69.94
8941,2023-12-01,2023,Comparison Site,London,25-34,Silver,True,8,True,22,39.79
8942,2023-12-01,2023,Outbound,North,45-54,Silver,True,13,False,66,121.95
8943,2023-12-01,2023,Online,North,18-24,Silver,True,13,False,73,69.94
8944,2023-12-01,2023,Outbound,Scotland,35-44,Classic,False,8,True,0,121.95
8945,2023-12-01,2023,Branch,London,35-44,Silver,False,13,False,132,152.18
8946,2023-12-01,2023,Outbound,Midlands,35-44,Silver,True,13,False,66,121.95
8947,2023-12-01,2023,Online,Midlands,25-34,Silver,False,13,False,146,69.94
8948,2023-12-01,2023,Broker/IFA,Scotland,65+,Silver,False,13,False,132,199.2
8949,2023-12-01,2023,Online,Midlands,35-44,Classic,False,13,False,110,69.94
8950,2023-12-01,2023,Outbound,South East,55-64,Classic,True,13,False,0,121.95
8951,2023-12-01,2023,Branch,Wales & NI,45-54,Platinum,False,13,False,248,152.18
8952,2023-12-01,2023,Comparison Site,London,35-44,Platinum,True,1,True,0,39.79
8953,2023-12-01,2023,Online,Wales & NI,55-64,Classic,False,3,True,0,69.94
8954,2023-12-01,2023,Branch,North,55-64,Silver,False,12,True,132,152.18
8955,2023-12-01,2023,Comparison Site,North,45-54,Classic,True,13,False,0,39.79
8956,2023-12-01,2023,Branch,London,35-44,Silver,False,13,False,55,152.18
8957,2023-12-01,2023,Branch,South East,35-44,Silver,False,13,False,132,152.18
8958,2023-12-01,2023,Online,London,55-64,Silver,False,10,True,110,69.94
8959,2023-12-01,2023,Online,North,35-44,Gold,False,13,False,216,69.94
8960,2023-12-01,2023,Referral,South East,45-54,Gold,True,1,True,0,59.74
8961,2023-12-01,2023,Comparison Site,Wales & NI,65+,Silver,True,13,False,33,39.79
8962,2023-12-01,2023,Branch,North,65+,Gold,True,13,False,108,152.18
8963,2023-12-01,2023,Outbound,London,35-44,Silver,True,13,False,66,121.95
8964,2023-12-01,2023,Comparison Site,London,25-34,Classic,False,1,True,0,39.79
8965,2023-12-01,2023,Branch,London,35-44,Gold,False,13,False,216,152.18
8966,2023-12-01,2023,Referral,South East,35-44,Platinum,False,13,False,336,59.74
8967,2023-12-01,2023,Online,London,25-34,Classic,False,13,False,0,69.94
8968,2023-12-01,2023,Comparison Site,London,18-24,Silver,True,13,False,66,39.79
8969,2023-12-01,2023,Online,London,65+,Classic,False,13,False,110,69.94
8970,2023-12-01,2023,Referral,South East,45-54,Gold,False,13,False,188,59.74
8971,2023-12-01,2023,Branch,South East,35-44,Silver,True,13,False,80,152.18
8972,2023-12-01,2023,Outbound,South East,35-44,Classic,False,2,True,0,121.95
8973,2023-12-01,2023,Branch,North,25-34,Gold,False,13,False,216,152.18
8974,2023-12-01,2023,Online,South East,35-44,Silver,False,2,True,29,69.94
8975,2023-12-01,2023,Outbound,North,65+,Silver,True,13,False,0,121.95
8976,2023-12-01,2023,Outbound,Midlands,35-44,Classic,True,13,False,0,121.95
8977,2023-12-01,2023,Branch,North,35-44,Gold,False,13,False,256,152.18
8978,2023-12-01,2023,Online,Wales & NI,35-44,Classic,False,13,False,0,69.94
8979,2023-12-01,2023,Branch,London,45-54,Gold,False,13,False,216,152.18
8980,2023-12-01,2023,Broker/IFA,South East,35-44,Gold,False,13,False,256,199.2
8981,2023-12-01,2023,Comparison Site,London,35-44,Silver,True,7,True,11,39.79
8982,2023-12-01,2023,Comparison Site,London,55-64,Silver,False,13,False,132,39.79
8983,2023-12-01,2023,Branch,North,45-54,Platinum,False,4,True,112,152.18
8984,2023-12-01,2023,Branch,South East,18-24,Gold,False,13,False,160,152.18
8985,2023-12-01,2023,Branch,London,45-54,Silver,False,13,False,132,152.18
8986,2023-12-01,2023,Referral,Wales & NI,45-54,Silver,False,13,False,110,59.74
8987,2023-12-01,2023,Comparison Site,London,25-34,Silver,True,7,True,11,39.79
8988,2023-12-01,2023,Comparison Site,North,55-64,Classic,False,9,True,0,39.79
8989,2023-12-01,2023,Comparison Site,Wales & NI,18-24,Classic,False,1,True,0,39.79
8990,2023-12-01,2023,Branch,South East,65+,Silver,False,13,False,225,152.18
8991,2023-12-01,2023,Comparison Site,Wales & NI,35-44,Classic,True,5,True,0,39.79
8992,2023-12-01,2023,Outbound,North,25-34,Classic,False,13,False,0,121.95
8993,2023-12-01,2023,Comparison Site,London,25-34,Classic,False,13,False,0,39.79
8994,2023-12-01,2023,Outbound,Midlands,18-24,Silver,True,7,True,18,121.95
8995,2023-12-01,2023,Comparison Site,South East,35-44,Classic,True,2,True,0,39.79
8996,2023-12-01,2023,Comparison Site,London,45-54,Gold,False,13,False,286,39.79
8997,2023-12-01,2023,Referral,South East,25-34,Silver,False,13,False,132,59.74
8998,2023-12-01,2023,Online,London,45-54,Silver,True,13,False,66,69.94
8999,2023-12-01,2023,Online,South East,25-34,Classic,False,2,True,0,69.94
9000,2023-12-01,2023,Comparison Site,Midlands,18-24,Classic,True,13,False,66,39.79
9001,2023-12-01,2023,Online,North,18-24,Classic,False,4,True,0,69.94
9002,2023-12-01,2023,Outbound,Midlands,55-64,Classic,False,13,False,55,121.95
9003,2023-12-01,2023,Outbound,London,25-34,Silver,True,13,False,108,121.95
9004,2023-12-01,2023,Online,Midlands,45-54,Gold,True,13,False,168,69.94
9005,2023-12-01,2023,Branch,London,55-64,Gold,False,13,False,216,152.18
9006,2023-12-01,2023,Online,Scotland,35-44,Silver,False,13,False,139,69.94
9007,2023-12-01,2023,Outbound,London,65+,Classic,True,13,False,55,121.95
9008,2023-12-01,2023,Broker/IFA,Midlands,55-64,Silver,False,13,False,132,199.2
9009,2023-12-01,2023,Comparison Site,South East,45-54,Classic,True,6,True,0,39.79
9010,2023-12-01,2023,Branch,Midlands,45-54,Silver,False,5,True,55,152.18
9011,2023-12-01,2023,Comparison Site,Scotland,35-44,Classic,False,6,True,0,39.79
9012,2023-12-01,2023,Branch,Scotland,45-54,Gold,False,5,True,90,152.18
9013,2023-12-01,2023,Online,North,25-34,Silver,False,13,False,173,69.94
9014,2023-12-01,2023,Comparison Site,North,18-24,Classic,True,7,True,0,39.79
9015,2023-12-01,2023,Comparison Site,Midlands,65+,Classic,True,6,True,0,39.79
9016,2023-12-01,2023,Branch,North,45-54,Platinum,False,13,False,336,152.18
9017,2023-12-01,2023,Comparison Site,South East,45-54,Classic,False,4,True,0,39.79
9018,2023-12-01,2023,Referral,Midlands,45-54,Silver,False,13,False,132,59.74
9019,2023-12-01,2023,Branch,South East,18-24,Classic,False,10,True,0,152.18
9020,2023-12-01,2023,Branch,Midlands,25-34,Classic,False,13,False,77,152.18
9021,2023-12-01,2023,Branch,Wales & NI,55-64,Classic,False,4,True,0,152.18
9022,2023-12-01,2023,Outbound,London,55-64,Silver,False,13,False,132,121.95
9023,2023-12-01,2023,Comparison Site,Midlands,55-64,Gold,False,13,False,216,39.79
9024,2023-12-01,2023,Comparison Site,London,25-34,Classic,True,4,True,0,39.79
9025,2023-12-01,2023,Comparison Site,South East,55-64,Classic,True,13,False,0,39.79
9026,2023-12-01,2023,Comparison Site,London,18-24,Silver,True,7,True,11,39.79
9027,2023-12-01,2023,Online,Midlands,35-44,Platinum,True,13,False,168,69.94
9028,2023-12-01,2023,Comparison Site,London,45-54,Classic,True,7,True,0,39.79
9029,2023-12-01,2023,Comparison Site,Midlands,25-34,Gold,False,13,False,216,39.79
9030,2023-12-01,2023,Online,Wales & NI,35-44,Silver,False,13,False,132,69.94
9031,2023-12-01,2023,Comparison Site,Scotland,35-44,Silver,True,2,True,0,39.79
9032,2023-12-01,2023,Comparison Site,South East,25-34,Gold,True,13,False,108,39.79
9033,2023-12-01,2023,Outbound,London,25-34,Silver,False,8,True,88,121.95
9034,2023-12-01,2023,Comparison Site,London,55-64,Silver,True,13,False,66,39.79
9035,2023-12-01,2023,Online,London,18-24,Silver,False,13,False,132,69.94
9036,2023-12-01,2023,Online,Scotland,55-64,Platinum,False,13,False,236,69.94
9037,2023-12-01,2023,Branch,North,45-54,Gold,False,7,True,98,152.18
9038,2023-12-01,2023,Branch,London,45-54,Platinum,False,13,False,336,152.18
9039,2023-12-01,2023,Branch,London,18-24,Silver,False,13,False,249,152.18
9040,2023-12-01,2023,Branch,Wales & NI,55-64,Gold,False,13,False,226,152.18
9041,2023-12-01,2023,Branch,Wales & NI,45-54,Classic,False,13,False,124,152.18
9042,2023-12-01,2023,Comparison Site,South East,35-44,Silver,True,2,True,0,39.79
9043,2023-12-01,2023,Online,Scotland,25-34,Silver,False,13,False,132,69.94
9044,2023-12-01,2023,Online,Midlands,25-34,Gold,False,13,False,216,69.94
9045,2023-12-01,2023,Comparison Site,Wales & NI,45-54,Classic,False,13,False,11,39.79
9046,2023-12-01,2023,Online,South East,65+,Classic,False,11,True,0,69.94
9047,2023-12-01,2023,Outbound,Midlands,25-34,Gold,False,13,False,216,121.95
9048,2023-12-01,2023,Comparison Site,North,45-54,Silver,True,13,False,94,39.79
9049,2023-12-01,2023,Branch,Scotland,25-34,Platinum,True,13,False,148,152.18
9050,2023-12-01,2023,Comparison Site,South East,65+,Classic,False,11,True,0,39.79
9051,2023-12-01,2023,Branch,London,18-24,Gold,False,13,False,216,152.18
9052,2023-12-01,2023,Online,North,45-54,Platinum,True,13,False,108,69.94
9053,2023-12-01,2023,Online,South East,18-24,Gold,True,8,True,36,69.94
9054,2023-12-01,2023,Online,Midlands,55-64,Gold,False,2,True,36,69.94
9055,2023-12-01,2023,Referral,South East,25-34,Platinum,False,13,False,336,59.74
9056,2023-12-01,2023,Outbound,South East,18-24,Gold,True,7,True,18,121.95
9057,2023-12-01,2023,Comparison Site,North,55-64,Silver,True,2,True,0,39.79
9058,2023-12-01,2023,Broker/IFA,Midlands,55-64,Silver,False,13,False,132,199.2
9059,2023-12-01,2023,Comparison Site,London,25-34,Classic,True,4,True,0,39.79
9060,2023-12-01,2023,Online,North,55-64,Gold,False,13,False,226,69.94
9061,2023-12-01,2023,Branch,North,35-44,Silver,False,8,True,137,152.18
9062,2023-12-01,2023,Online,Midlands,45-54,Classic,False,5,True,0,69.94
9063,2023-12-01,2023,Comparison Site,London,65+,Gold,True,13,False,108,39.79
9064,2023-12-01,2023,Comparison Site,Wales & NI,45-54,Classic,True,9,True,33,39.79
9065,2023-12-01,2023,Outbound,North,55-64,Classic,False,1,True,0,121.95
9066,2023-12-01,2023,Branch,London,18-24,Classic,False,13,False,33,152.18
9067,2023-12-01,2023,Broker/IFA,Scotland,18-24,Gold,False,13,False,316,199.2
9068,2023-12-01,2023,Online,Midlands,65+,Silver,True,8,True,0,69.94
9069,2023-12-01,2023,Comparison Site,Midlands,55-64,Silver,True,13,False,66,39.79
9070,2023-12-01,2023,Comparison Site,Midlands,18-24,Gold,False,13,False,216,39.79
9071,2023-12-01,2023,Comparison Site,North,45-54,Classic,True,13,False,0,39.79
9072,2023-12-01,2023,Online,North,55-64,Classic,False,6,True,83,69.94
9073,2023-12-01,2023,Branch,Midlands,25-34,Platinum,False,13,False,336,152.18
9074,2023-12-01,2023,Referral,North,65+,Gold,False,13,False,216,59.74
9075,2023-12-01,2023,Referral,North,18-24,Platinum,False,13,False,336,59.74
9076,2023-12-01,2023,Comparison Site,Scotland,35-44,Classic,True,3,True,0,39.79
9077,2023-12-01,2023,Outbound,London,45-54,Gold,False,7,True,126,121.95
9078,2023-12-01,2023,Outbound,London,65+,Silver,False,13,False,132,121.95
9079,2023-12-01,2023,Online,South East,18-24,Silver,True,13,False,66,69.94
9080,2023-12-01,2023,Online,Wales & NI,55-64,Classic,True,10,True,0,69.94
9081,2023-12-01,2023,Referral,Midlands,25-34,Silver,False,13,False,156,59.74
9082,2023-12-01,2023,Online,London,55-64,Platinum,False,13,False,276,69.94
9083,2023-12-01,2023,Comparison Site,Midlands,45-54,Platinum,False,13,False,336,39.79
9084,2023-12-01,2023,Comparison Site,Midlands,55-64,Silver,False,13,False,121,39.79
9085,2023-12-01,2023,Comparison Site,London,25-34,Silver,False,3,True,33,39.79
9086,2023-12-01,2023,Branch,Midlands,45-54,Platinum,False,13,False,336,152.18
9087,2023-12-01,2023,Outbound,Scotland,25-34,Classic,False,13,False,0,121.95
9088,2023-12-01,2023,Branch,Midlands,25-34,Gold,False,8,True,144,152.18
9089,2023-12-01,2023,Outbound,South East,25-34,Classic,True,1,True,0,121.95
9090,2023-12-01,2023,Online,South East,35-44,Silver,False,2,True,11,69.94
9091,2023-12-01,2023,Referral,Midlands,55-64,Silver,False,13,False,132,59.74
9092,2023-12-01,2023,Comparison Site,North,25-34,Gold,False,13,False,216,39.79
9093,2023-12-01,2023,Online,North,55-64,Platinum,False,7,True,196,69.94
9094,2023-12-01,2023,Online,Midlands,25-34,Classic,False,10,True,33,69.94
9095,2023-12-01,2023,Referral,South East,45-54,Gold,False,13,False,216,59.74
9096,2023-12-01,2023,Online,North,18-24,Platinum,False,5,True,140,69.94
9097,2023-12-01,2023,Branch,North,35-44,Classic,False,3,True,0,152.18
9098,2023-12-01,2023,Comparison Site,North,35-44,Silver,True,13,False,108,39.79
9099,2023-12-01,2023,Branch,North,65+,Gold,False,13,False,236,152.18
9100,2023-12-01,2023,Comparison Site,Wales & NI,25-34,Classic,True,4,True,0,39.79
9101,2023-12-01,2023,Comparison Site,North,18-24,Classic,True,6,True,0,39.79
9102,2023-12-01,2023,Comparison Site,London,55-64,Gold,False,13,False,216,39.79
9103,2023-12-01,2023,Comparison Site,London,55-64,Silver,True,13,False,0,39.79
9104,2023-12-01,2023,Online,Midlands,35-44,Classic,False,13,False,77,69.94
9105,2023-12-01,2023,Broker/IFA,North,45-54,Silver,False,9,True,95,199.2
9106,2023-12-01,2023,Outbound,Midlands,45-54,Platinum,False,13,False,336,121.95
9107,2023-12-01,2023,Online,Scotland,35-44,Gold,True,13,False,108,69.94
9108,2023-12-01,2023,Broker/IFA,Scotland,25-34,Gold,False,13,False,216,199.2
9109,2023-12-01,2023,Comparison Site,North,35-44,Classic,True,8,True,0,39.79
9110,2023-12-01,2023,Online,Wales & NI,25-34,Silver,True,13,False,44,69.94
9111,2023-12-01,2023,Outbound,London,65+,Classic,False,1,True,0,121.95
9112,2023-12-01,2023,Online,Wales & NI,45-54,Silver,False,13,False,22,69.94
9113,2023-12-01,2023,Referral,North,35-44,Silver,False,13,False,132,59.74
9114,2023-12-01,2023,Branch,Wales & NI,25-34,Gold,False,13,False,216,152.18
9115,2023-12-01,2023,Online,North,18-24,Gold,True,7,True,18,69.94
9116,2023-12-01,2023,Online,Midlands,35-44,Classic,True,2,True,0,69.94
9117,2023-12-01,2023,Online,Midlands,65+,Silver,False,13,False,132,69.94
9118,2023-12-01,2023,Branch,South East,35-44,Silver,False,1,True,11,152.18
9119,2023-12-01,2023,Referral,South East,45-54,Gold,False,13,False,296,59.74
9120,2023-12-01,2023,Comparison Site,Scotland,45-54,Classic,False,2,True,0,39.79
9121,2023-12-01,2023,Outbound,London,65+,Classic,False,13,False,0,121.95
9122,2023-12-01,2023,Comparison Site,North,35-44,Gold,False,13,False,160,39.79
9123,2023-12-01,2023,Online,South East,35-44,Silver,True,13,False,66,69.94
9124,2023-12-01,2023,Referral,Wales & NI,25-34,Platinum,True,13,False,168,59.74
9125,2023-12-01,2023,Referral,South East,35-44,Silver,False,13,False,132,59.74
9126,2023-12-01,2023,Online,Midlands,55-64,Silver,True,13,False,66,69.94
9127,2023-12-01,2023,Broker/IFA,South East,25-34,Platinum,False,13,False,336,199.2
9128,2023-12-01,2023,Referral,London,25-34,Silver,False,13,False,88,59.74
9129,2023-12-01,2023,Online,London,35-44,Gold,True,13,False,138,69.94
9130,2023-12-01,2023,Outbound,London,45-54,Classic,True,2,True,0,121.95
9131,2023-12-01,2023,Referral,London,45-54,Silver,False,13,False,181,59.74
9132,2023-12-01,2023,Branch,Wales & NI,35-44,Classic,False,5,True,0,152.18
9133,2023-12-01,2023,Broker/IFA,North,35-44,Platinum,False,13,False,326,199.2
9134,2023-12-01,2023,Comparison Site,South East,35-44,Silver,True,3,True,0,39.79
9135,2023-12-01,2023,Branch,Wales & NI,55-64,Gold,False,11,True,198,152.18
9136,2023-12-01,2023,Outbound,North,35-44,Silver,False,13,False,132,121.95
9137,2023-12-01,2023,Online,North,25-34,Classic,False,13,False,0,69.94
9138,2023-12-01,2023,Comparison Site,Scotland,25-34,Gold,True,13,False,108,39.79
9139,2023-12-01,2023,Referral,London,25-34,Platinum,False,13,False,336,59.74
9140,2023-12-01,2023,Branch,North,45-54,Platinum,False,13,False,336,152.18
9141,2023-12-01,2023,Branch,Midlands,25-34,Silver,False,13,False,131,152.18
9142,2023-12-01,2023,Comparison Site,North,65+,Silver,False,9,True,99,39.79
9143,2023-12-01,2023,Online,Scotland,55-64,Silver,False,2,True,22,69.94
9144,2023-12-01,2023,Comparison Site,Midlands,35-44,Silver,False,3,True,33,39.79
9145,2023-12-01,2023,Broker/IFA,London,55-64,Gold,True,13,False,108,199.2
9146,2023-12-01,2023,Online,London,35-44,Silver,True,4,True,0,69.94
9147,2023-12-01,2023,Comparison Site,Scotland,55-64,Silver,False,2,True,22,39.79
9148,2023-12-01,2023,Outbound,North,25-34,Classic,False,7,True,0,121.95
9149,2023-12-01,2023,Comparison Site,London,25-34,Silver,False,6,True,66,39.79
9150,2023-12-01,2023,Outbound,South East,25-34,Classic,False,5,True,0,121.95
9151,2023-12-01,2023,Branch,Scotland,18-24,Silver,False,13,False,139,152.18
9152,2023-12-01,2023,Comparison Site,London,35-44,Silver,True,1,True,0,39.79
9153,2023-12-01,2023,Comparison Site,London,35-44,Classic,True,3,True,0,39.79
9154,2023-12-01,2023,Outbound,South East,25-34,Platinum,False,13,False,236,121.95
9155,2023-12-01,2023,Comparison Site,North,55-64,Classic,True,8,True,0,39.79
9156,2024-01-01,2024,Outbound,Scotland,45-54,Gold,True,12,False,108,121.95
9157,2024-01-01,2024,Online,South East,65+,Gold,False,12,False,216,69.94
9158,2024-01-01,2024,Branch,Midlands,35-44,Platinum,False,12,False,336,152.18
9159,2024-01-01,2024,Referral,Wales & NI,35-44,Platinum,False,12,False,336,59.74
9160,2024-01-01,2024,Comparison Site,Scotland,25-34,Classic,True,6,True,0,39.79
9161,2024-01-01,2024,Referral,South East,35-44,Silver,False,12,False,132,59.74
9162,2024-01-01,2024,Comparison Site,London,35-44,Classic,False,12,False,0,39.79
9163,2024-01-01,2024,Broker/IFA,Midlands,55-64,Silver,False,12,False,132,199.2
9164,2024-01-01,2024,Outbound,South East,35-44,Gold,True,12,False,108,121.95
9165,2024-01-01,2024,Comparison Site,Wales & NI,35-44,Classic,True,2,True,0,39.79
9166,2024-01-01,2024,Comparison Site,North,55-64,Classic,False,12,False,88,39.79
9167,2024-01-01,2024,Outbound,London,18-24,Platinum,True,12,False,168,121.95
9168,2024-01-01,2024,Comparison Site,Midlands,35-44,Classic,False,1,True,0,39.79
9169,2024-01-01,2024,Outbound,Midlands,18-24,Classic,True,1,True,0,121.95
9170,2024-01-01,2024,Broker/IFA,North,18-24,Gold,False,12,False,326,199.2
9171,2024-01-01,2024,Referral,Scotland,25-34,Classic,False,6,True,0,59.74
9172,2024-01-01,2024,Comparison Site,London,65+,Silver,False,8,True,88,39.79
9173,2024-01-01,2024,Online,South East,35-44,Platinum,False,12,False,336,69.94
9174,2024-01-01,2024,Comparison Site,South East,55-64,Classic,True,12,False,11,39.79
9175,2024-01-01,2024,Referral,Wales & NI,35-44,Gold,False,12,False,216,59.74
9176,2024-01-01,2024,Online,South East,45-54,Silver,False,11,True,121,69.94
9177,2024-01-01,2024,Comparison Site,Midlands,35-44,Gold,True,12,False,108,39.79
9178,2024-01-01,2024,Comparison Site,North,18-24,Silver,False,2,True,22,39.79
9179,2024-01-01,2024,Broker/IFA,South East,45-54,Platinum,False,12,False,296,199.2
9180,2024-01-01,2024,Online,North,35-44,Classic,True,12,False,44,69.94
9181,2024-01-01,2024,Referral,Midlands,45-54,Platinum,True,12,False,168,59.74
9182,2024-01-01,2024,Branch,North,25-34,Platinum,False,7,True,196,152.18
9183,2024-01-01,2024,Online,South East,55-64,Platinum,True,12,False,168,69.94
9184,2024-01-01,2024,Online,Wales & NI,18-24,Classic,False,2,True,0,69.94
9185,2024-01-01,2024,Outbound,London,35-44,Classic,False,3,True,0,121.95
9186,2024-01-01,2024,Branch,London,65+,Silver,False,12,False,209,152.18
9187,2024-01-01,2024,Comparison Site,London,18-24,Silver,True,11,True,55,39.79
9188,2024-01-01,2024,Comparison Site,South East,35-44,Gold,False,12,False,216,39.79
9189,2024-01-01,2024,Outbound,North,25-34,Silver,False,3,True,33,121.95
9190,2024-01-01,2024,Online,Wales & NI,18-24,Classic,True,12,False,0,69.94
9191,2024-01-01,2024,Online,North,25-34,Platinum,False,12,False,336,69.94
9192,2024-01-01,2024,Comparison Site,Midlands,35-44,Gold,False,12,False,216,39.79
9193,2024-01-01,2024,Online,South East,35-44,Silver,False,12,False,184,69.94
9194,2024-01-01,2024,Branch,London,45-54,Silver,False,12,False,139,152.18
9195,2024-01-01,2024,Online,South East,18-24,Silver,True,12,False,66,69.94
9196,2024-01-01,2024,Outbound,Scotland,65+,Silver,False,12,False,132,121.95
9197,2024-01-01,2024,Comparison Site,Wales & NI,65+,Silver,True,3,True,0,39.79
9198,2024-01-01,2024,Referral,Scotland,25-34,Gold,False,12,False,216,59.74
9199,2024-01-01,2024,Comparison Site,London,25-34,Silver,False,12,False,77,39.79
9200,2024-01-01,2024,Online,Scotland,65+,Silver,False,8,True,11,69.94
9201,2024-01-01,2024,Comparison Site,South East,25-34,Gold,False,12,False,286,39.79
9202,2024-01-01,2024,Online,North,25-34,Silver,True,12,False,0,69.94
9203,2024-01-01,2024,Referral,North,25-34,Silver,True,12,False,108,59.74
9204,2024-01-01,2024,Outbound,South East,45-54,Gold,False,12,False,216,121.95
9205,2024-01-01,2024,Online,North,45-54,Silver,False,12,False,174,69.94
9206,2024-01-01,2024,Comparison Site,Midlands,18-24,Classic,False,12,False,55,39.79
9207,2024-01-01,2024,Comparison Site,South East,35-44,Silver,True,2,True,0,39.79
9208,2024-01-01,2024,Referral,South East,25-34,Silver,True,12,False,108,59.74
9209,2024-01-01,2024,Comparison Site,Midlands,35-44,Classic,False,3,True,0,39.79
9210,2024-01-01,2024,Broker/IFA,South East,25-34,Gold,False,6,True,128,199.2
9211,2024-01-01,2024,Online,North,45-54,Silver,False,12,False,132,69.94
9212,2024-01-01,2024,Online,North,55-64,Silver,False,2,True,22,69.94
9213,2024-01-01,2024,Online,North,35-44,Gold,True,2,True,0,69.94
9214,2024-01-01,2024,Broker/IFA,North,45-54,Gold,False,12,False,306,199.2
9215,2024-01-01,2024,Broker/IFA,North,55-64,Silver,False,12,False,139,199.2
9216,2024-01-01,2024,Outbound,South East,35-44,Classic,False,12,False,33,121.95
9217,2024-01-01,2024,Online,London,25-34,Gold,True,8,True,22,69.94
9218,2024-01-01,2024,Comparison Site,Wales & NI,18-24,Classic,True,12,False,0,39.79
9219,2024-01-01,2024,Online,London,55-64,Platinum,False,12,False,336,69.94
9220,2024-01-01,2024,Comparison Site,Midlands,45-54,Classic,False,4,True,33,39.79
9221,2024-01-01,2024,Branch,Scotland,25-34,Gold,False,12,False,216,152.18
9222,2024-01-01,2024,Comparison Site,Wales & NI,45-54,Silver,True,12,False,108,39.79
9223,2024-01-01,2024,Referral,Midlands,25-34,Silver,True,6,True,0,59.74
9224,2024-01-01,2024,Outbound,North,25-34,Platinum,True,12,False,168,121.95
9225,2024-01-01,2024,Online,South East,18-24,Silver,False,12,False,132,69.94
9226,2024-01-01,2024,Comparison Site,Scotland,18-24,Classic,True,2,True,0,39.79
9227,2024-01-01,2024,Outbound,South East,18-24,Silver,False,12,False,132,121.95
9228,2024-01-01,2024,Comparison Site,South East,65+,Silver,False,10,True,110,39.79
9229,2024-01-01,2024,Branch,London,25-34,Platinum,False,12,False,306,152.18
9230,2024-01-01,2024,Outbound,London,45-54,Gold,True,12,False,108,121.95
9231,2024-01-01,2024,Online,South East,25-34,Silver,True,12,False,94,69.94
9232,2024-01-01,2024,Outbound,North,35-44,Platinum,False,12,False,336,121.95
9233,2024-01-01,2024,Online,North,35-44,Classic,True,7,True,0,69.94
9234,2024-01-01,2024,Online,Wales & NI,35-44,Classic,True,7,True,0,69.94
9235,2024-01-01,2024,Comparison Site,North,25-34,Classic,True,7,True,0,39.79
9236,2024-01-01,2024,Branch,Scotland,45-54,Platinum,False,12,False,336,152.18
9237,2024-01-01,2024,Branch,South East,25-34,Silver,False,3,True,33,152.18
9238,2024-01-01,2024,Online,London,25-34,Classic,True,12,False,66,69.94
9239,2024-01-01,2024,Online,London,25-34,Silver,True,10,True,0,69.94
9240,2024-01-01,2024,Comparison Site,North,25-34,Silver,False,12,False,132,39.79
9241,2024-01-01,2024,Comparison Site,London,35-44,Silver,True,12,False,66,39.79
9242,2024-01-01,2024,Comparison Site,Midlands,35-44,Classic,True,12,False,0,39.79
9243,2024-01-01,2024,Online,London,35-44,Classic,True,1,True,0,69.94
9244,2024-01-01,2024,Outbound,South East,25-34,Classic,False,4,True,0,121.95
9245,2024-01-01,2024,Referral,Midlands,35-44,Silver,False,12,False,99,59.74
9246,2024-01-01,2024,Comparison Site,North,65+,Silver,False,12,False,160,39.79
9247,2024-01-01,2024,Branch,Midlands,45-54,Silver,False,12,False,132,152.18
9248,2024-01-01,2024,Outbound,London,45-54,Classic,True,9,True,0,121.95
9249,2024-01-01,2024,Outbound,North,25-34,Classic,True,12,False,0,121.95
9250,2024-01-01,2024,Online,London,45-54,Platinum,False,12,False,336,69.94
9251,2024-01-01,2024,Branch,London,25-34,Silver,False,9,True,33,152.18
9252,2024-01-01,2024,Outbound,South East,25-34,Classic,True,1,True,0,121.95
9253,2024-01-01,2024,Outbound,South East,35-44,Silver,True,12,False,66,121.95
9254,2024-01-01,2024,Comparison Site,London,45-54,Classic,True,4,True,0,39.79
9255,2024-01-01,2024,Outbound,London,35-44,Silver,True,12,False,66,121.95
9256,2024-01-01,2024,Online,South East,45-54,Classic,False,5,True,0,69.94
9257,2024-01-01,2024,Comparison Site,London,35-44,Classic,True,11,True,55,39.79
9258,2024-01-01,2024,Broker/IFA,Scotland,25-34,Gold,False,5,True,90,199.2
9259,2024-01-01,2024,Online,South East,35-44,Silver,False,12,False,55,69.94
9260,2024-01-01,2024,Comparison Site,South East,35-44,Silver,True,4,True,0,39.79
9261,2024-01-01,2024,Online,Midlands,45-54,Classic,False,12,False,0,69.94
9262,2024-01-01,2024,Referral,South East,35-44,Classic,True,12,False,0,59.74
9263,2024-01-01,2024,Branch,North,25-34,Platinum,True,12,False,168,152.18
9264,2024-01-01,2024,Comparison Site,Midlands,45-54,Gold,False,12,False,216,39.79
9265,2024-01-01,2024,Comparison Site,London,25-34,Classic,False,12,False,110,39.79
9266,2024-01-01,2024,Broker/IFA,Wales & NI,65+,Classic,False,12,False,0,199.2
9267,2024-01-01,2024,Branch,North,18-24,Silver,False,12,False,132,152.18
9268,2024-01-01,2024,Referral,Wales & NI,55-64,Gold,False,12,False,174,59.74
9269,2024-01-01,2024,Broker/IFA,London,25-34,Gold,False,12,False,216,199.2
9270,2024-01-01,2024,Online,North,65+,Silver,True,7,True,11,69.94
9271,2024-01-01,2024,Online,North,55-64,Silver,True,12,False,66,69.94
9272,2024-01-01,2024,Online,North,45-54,Silver,False,10,True,110,69.94
9273,2024-01-01,2024,Online,North,55-64,Gold,False,12,False,216,69.94
9274,2024-01-01,2024,Referral,North,65+,Silver,False,4,True,44,59.74
9275,2024-01-01,2024,Referral,Midlands,45-54,Gold,False,12,False,216,59.74
9276,2024-01-01,2024,Comparison Site,North,18-24,Classic,False,12,False,124,39.79
9277,2024-01-01,2024,Referral,Scotland,55-64,Silver,False,12,False,209,59.74
9278,2024-01-01,2024,Referral,London,55-64,Silver,False,1,True,11,59.74
9279,2024-01-01,2024,Online,London,55-64,Silver,True,7,True,11,69.94
9280,2024-01-01,2024,Online,London,45-54,Gold,False,12,False,188,69.94
9281,2024-01-01,2024,Referral,London,65+,Platinum,False,12,False,336,59.74
9282,2024-01-01,2024,Comparison Site,Midlands,55-64,Classic,False,4,True,0,39.79
9283,2024-01-01,2024,Comparison Site,London,65+,Classic,False,12,False,0,39.79
9284,2024-01-01,2024,Comparison Site,London,55-64,Classic,True,12,False,55,39.79
9285,2024-01-01,2024,Referral,South East,35-44,Gold,False,12,False,216,59.74
9286,2024-01-01,2024,Referral,North,55-64,Silver,False,12,False,132,59.74
9287,2024-01-01,2024,Comparison Site,North,45-54,Classic,False,5,True,0,39.79
9288,2024-01-01,2024,Online,Midlands,35-44,Silver,True,8,True,22,69.94
9289,2024-01-01,2024,Comparison Site,Midlands,25-34,Silver,True,1,True,0,39.79
9290,2024-01-01,2024,Outbound,South East,35-44,Silver,True,12,False,66,121.95
9291,2024-01-01,2024,Online,London,45-54,Silver,True,12,False,66,69.94
9292,2024-01-01,2024,Online,London,45-54,Classic,False,12,False,0,69.94
9293,2024-01-01,2024,Branch,Midlands,25-34,Classic,False,12,False,0,152.18
9294,2024-01-01,2024,Online,Midlands,25-34,Classic,True,12,False,108,69.94
9295,2024-01-01,2024,Comparison Site,Scotland,45-54,Classic,False,3,True,0,39.79
9296,2024-01-01,2024,Online,North,25-34,Gold,True,12,False,108,69.94
9297,2024-01-01,2024,Online,North,18-24,Classic,True,12,False,0,69.94
9298,2024-01-01,2024,Outbound,North,25-34,Gold,False,3,True,54,121.95
9299,2024-01-01,2024,Comparison Site,South East,45-54,Silver,False,12,False,160,39.79
9300,2024-01-01,2024,Outbound,North,25-34,Classic,True,12,False,0,121.95
9301,2024-01-01,2024,Outbound,London,55-64,Classic,False,12,False,0,121.95
9302,2024-01-01,2024,Comparison Site,South East,35-44,Classic,True,3,True,0,39.79
9303,2024-01-01,2024,Comparison Site,Midlands,45-54,Silver,False,12,False,132,39.79
9304,2024-01-01,2024,Online,London,55-64,Silver,False,5,True,55,69.94
9305,2024-01-01,2024,Comparison Site,North,25-34,Classic,False,12,False,0,39.79
9306,2024-01-01,2024,Comparison Site,Midlands,65+,Silver,True,12,False,66,39.79
9307,2024-01-01,2024,Online,South East,55-64,Gold,False,12,False,216,69.94
9308,2024-01-01,2024,Outbound,Midlands,35-44,Silver,True,7,True,11,121.95
9309,2024-01-01,2024,Online,North,45-54,Gold,True,12,False,108,69.94
9310,2024-01-01,2024,Comparison Site,South East,65+,Silver,True,7,True,11,39.79
9311,2024-01-01,2024,Online,Midlands,55-64,Classic,True,12,False,80,69.94
9312,2024-01-01,2024,Online,Midlands,18-24,Silver,False,12,False,132,69.94
9313,2024-01-01,2024,Online,Wales & NI,18-24,Classic,False,3,True,0,69.94
9314,2024-01-01,2024,Online,London,65+,Gold,False,12,False,216,69.94
9315,2024-01-01,2024,Branch,North,25-34,Platinum,False,12,False,336,152.18
9316,2024-01-01,2024,Online,London,35-44,Platinum,True,12,False,108,69.94
9317,2024-01-01,2024,Comparison Site,Midlands,45-54,Silver,False,6,True,66,39.79
9318,2024-01-01,2024,Referral,North,45-54,Classic,False,11,True,101,59.74
9319,2024-01-01,2024,Broker/IFA,London,65+,Classic,False,12,False,110,199.2
9320,2024-01-01,2024,Branch,London,45-54,Classic,False,12,False,121,152.18
9321,2024-01-01,2024,Online,Midlands,35-44,Gold,False,5,True,90,69.94
9322,2024-01-01,2024,Broker/IFA,Midlands,65+,Gold,True,12,False,168,199.2
9323,2024-01-01,2024,Online,Midlands,55-64,Platinum,True,1,True,0,69.94
9324,2024-01-01,2024,Online,Wales & NI,18-24,Silver,False,2,True,22,69.94
9325,2024-01-01,2024,Comparison Site,South East,25-34,Silver,False,12,False,132,39.79
9326,2024-01-01,2024,Online,North,25-34,Gold,False,1,True,18,69.94
9327,2024-01-01,2024,Comparison Site,North,25-34,Silver,True,10,True,22,39.79
9328,2024-01-01,2024,Comparison Site,North,18-24,Silver,False,1,True,11,39.79
9329,2024-01-01,2024,Broker/IFA,South East,55-64,Silver,False,12,False,66,199.2
9330,2024-01-01,2024,Online,North,45-54,Gold,True,12,False,108,69.94
9331,2024-01-01,2024,Branch,London,35-44,Gold,True,12,False,108,152.18
9332,2024-01-01,2024,Outbound,Midlands,25-34,Silver,False,12,False,167,121.95
9333,2024-01-01,2024,Comparison Site,South East,65+,Classic,True,4,True,0,39.79
9334,2024-01-01,2024,Outbound,Midlands,18-24,Classic,False,9,True,0,121.95
9335,2024-01-01,2024,Online,Midlands,35-44,Silver,False,1,True,11,69.94
9336,2024-01-01,2024,Online,London,35-44,Classic,True,12,False,0,69.94
9337,2024-01-01,2024,Online,North,35-44,Platinum,False,12,False,246,69.94
9338,2024-01-01,2024,Comparison Site,Midlands,35-44,Classic,True,7,True,0,39.79
9339,2024-01-01,2024,Comparison Site,Scotland,25-34,Classic,True,6,True,0,39.79
9340,2024-01-01,2024,Online,South East,25-34,Classic,False,12,False,55,69.94
9341,2024-01-01,2024,Referral,North,35-44,Silver,False,8,True,109,59.74
9342,2024-01-01,2024,Outbound,London,18-24,Classic,True,12,False,66,121.95
9343,2024-01-01,2024,Online,North,35-44,Silver,False,12,False,132,69.94
9344,2024-01-01,2024,Comparison Site,London,35-44,Classic,True,9,True,0,39.79
9345,2024-01-01,2024,Comparison Site,South East,55-64,Silver,False,1,True,11,39.79
9346,2024-01-01,2024,Referral,Midlands,45-54,Gold,False,12,False,216,59.74
9347,2024-01-01,2024,Online,Wales & NI,18-24,Silver,True,12,False,0,69.94
9348,2024-01-01,2024,Referral,Scotland,25-34,Gold,False,12,False,216,59.74
9349,2024-01-01,2024,Outbound,Midlands,35-44,Silver,False,12,False,132,121.95
9350,2024-01-01,2024,Outbound,North,25-34,Silver,True,2,True,0,121.95
9351,2024-01-01,2024,Branch,South East,65+,Platinum,True,12,False,168,152.18
9352,2024-01-01,2024,Comparison Site,South East,25-34,Silver,True,12,False,66,39.79
9353,2024-01-01,2024,Comparison Site,London,25-34,Silver,True,12,False,108,39.79
9354,2024-01-01,2024,Comparison Site,Scotland,35-44,Gold,True,9,True,54,39.79
9355,2024-01-01,2024,Outbound,London,25-34,Gold,True,12,False,108,121.95
9356,2024-01-01,2024,Online,North,18-24,Gold,True,12,False,108,69.94
9357,2024-01-01,2024,Online,Midlands,35-44,Gold,True,9,True,54,69.94
9358,2024-01-01,2024,Referral,Scotland,25-34,Gold,False,12,False,216,59.74
9359,2024-01-01,2024,Comparison Site,Scotland,18-24,Silver,True,2,True,0,39.79
9360,2024-01-01,2024,Branch,London,45-54,Silver,False,12,False,33,152.18
9361,2024-01-01,2024,Broker/IFA,South East,35-44,Platinum,False,12,False,226,199.2
9362,2024-01-01,2024,Comparison Site,Midlands,25-34,Silver,True,8,True,36,39.79
9363,2024-01-01,2024,Branch,London,35-44,Silver,True,12,False,66,152.18
9364,2024-01-01,2024,Online,North,35-44,Silver,False,12,False,174,69.94
9365,2024-01-01,2024,Branch,Midlands,65+,Gold,False,8,True,144,152.18
9366,2024-01-01,2024,Online,London,55-64,Gold,False,12,False,306,69.94
9367,2024-01-01,2024,Comparison Site,London,25-34,Silver,True,1,True,0,39.79
9368,2024-01-01,2024,Referral,South East,55-64,Gold,False,12,False,209,59.74
9369,2024-01-01,2024,Online,North,25-34,Silver,False,2,True,22,69.94
9370,2024-01-01,2024,Online,North,35-44,Gold,True,12,False,108,69.94
9371,2024-01-01,2024,Comparison Site,North,45-54,Silver,True,12,False,66,39.79
9372,2024-01-01,2024,Branch,North,18-24,Gold,False,8,True,164,152.18
9373,2024-01-01,2024,Comparison Site,Scotland,45-54,Classic,True,12,False,11,39.79
9374,2024-01-01,2024,Comparison Site,South East,55-64,Silver,True,12,False,66,39.79
9375,2024-01-01,2024,Online,Scotland,18-24,Silver,False,12,False,265,69.94
9376,2024-01-01,2024,Online,Scotland,65+,Platinum,False,12,False,336,69.94
9377,2024-01-01,2024,Online,London,35-44,Classic,True,12,False,33,69.94
9378,2024-01-01,2024,Online,Scotland,25-34,Classic,True,2,True,0,69.94
9379,2024-01-01,2024,Branch,North,25-34,Silver,False,12,False,132,152.18
9380,2024-01-01,2024,Outbound,South East,65+,Classic,False,12,False,0,121.95
9381,2024-01-01,2024,Branch,Scotland,45-54,Gold,False,1,True,18,152.18
9382,2024-01-01,2024,Branch,North,35-44,Silver,True,12,False,66,152.18
9383,2024-01-01,2024,Comparison Site,Scotland,55-64,Classic,True,12,False,66,39.79
9384,2024-01-01,2024,Outbound,South East,35-44,Classic,False,12,False,0,121.95
9385,2024-01-01,2024,Comparison Site,Midlands,65+,Classic,True,1,True,0,39.79
9386,2024-01-01,2024,Comparison Site,South East,45-54,Classic,False,1,True,0,39.79
9387,2024-01-01,2024,Online,London,35-44,Classic,False,12,False,0,69.94
9388,2024-01-01,2024,Comparison Site,North,45-54,Silver,False,8,True,77,39.79
9389,2024-01-01,2024,Online,London,25-34,Gold,False,12,False,216,69.94
9390,2024-01-01,2024,Comparison Site,South East,45-54,Silver,True,1,True,0,39.79
9391,2024-01-01,2024,Online,Midlands,65+,Silver,False,12,False,132,69.94
9392,2024-01-01,2024,Comparison Site,Midlands,25-34,Gold,True,12,False,108,39.79
9393,2024-01-01,2024,Online,Wales & NI,18-24,Classic,True,12,False,55,69.94
9394,2024-01-01,2024,Branch,London,45-54,Gold,False,3,True,64,152.18
9395,2024-01-01,2024,Online,Scotland,55-64,Classic,False,11,True,88,69.94
9396,2024-01-01,2024,Outbound,North,45-54,Silver,False,12,False,215,121.95
9397,2024-01-01,2024,Online,North,65+,Silver,False,12,False,195,69.94
9398,2024-01-01,2024,Branch,London,45-54,Platinum,False,12,False,336,152.18
9399,2024-01-01,2024,Comparison Site,Midlands,25-34,Silver,True,12,False,66,39.79
9400,2024-01-01,2024,Comparison Site,North,25-34,Silver,True,12,False,66,39.79
9401,2024-01-01,2024,Online,North,25-34,Gold,False,2,True,36,69.94
9402,2024-01-01,2024,Outbound,Scotland,35-44,Silver,True,3,True,0,121.95
9403,2024-01-01,2024,Online,Scotland,35-44,Silver,True,12,False,66,69.94
9404,2024-01-01,2024,Online,South East,45-54,Silver,True,12,False,66,69.94
9405,2024-01-01,2024,Online,Midlands,45-54,Classic,False,2,True,0,69.94
9406,2024-01-01,2024,Online,North,35-44,Classic,False,12,False,0,69.94
9407,2024-01-01,2024,Branch,South East,65+,Silver,True,12,False,66,152.18
9408,2024-01-01,2024,Broker/IFA,London,35-44,Platinum,True,12,False,168,199.2
9409,2024-01-01,2024,Outbound,Midlands,25-34,Silver,False,12,False,231,121.95
9410,2024-01-01,2024,Online,South East,25-34,Gold,False,12,False,216,69.94
9411,2024-01-01,2024,Comparison Site,London,35-44,Silver,False,2,True,22,39.79
9412,2024-01-01,2024,Branch,London,35-44,Platinum,False,12,False,336,152.18
9413,2024-01-01,2024,Comparison Site,London,35-44,Classic,False,11,True,0,39.79
9414,2024-01-01,2024,Comparison Site,London,45-54,Classic,True,5,True,0,39.79
9415,2024-01-01,2024,Online,South East,35-44,Gold,False,10,True,180,69.94
9416,2024-01-01,2024,Referral,Wales & NI,65+,Gold,False,12,False,216,59.74
9417,2024-01-01,2024,Broker/IFA,North,25-34,Platinum,True,12,False,168,199.2
9418,2024-01-01,2024,Comparison Site,London,35-44,Classic,True,12,False,0,39.79
9419,2024-01-01,2024,Online,South East,18-24,Gold,True,12,False,108,69.94
9420,2024-01-01,2024,Outbound,Midlands,18-24,Silver,False,11,True,121,121.95
9421,2024-01-01,2024,Comparison Site,Scotland,18-24,Silver,False,11,True,121,39.79
9422,2024-01-01,2024,Broker/IFA,Midlands,35-44,Silver,False,12,False,132,199.2
9423,2024-01-01,2024,Online,Midlands,55-64,Silver,True,6,True,0,69.94
9424,2024-01-01,2024,Comparison Site,North,45-54,Silver,False,4,True,44,39.79
9425,2024-01-01,2024,Online,North,18-24,Silver,False,12,False,132,69.94
9426,2024-01-01,2024,Online,Scotland,45-54,Classic,False,3,True,0,69.94
9427,2024-01-01,2024,Comparison Site,London,65+,Classic,True,12,False,0,39.79
9428,2024-01-01,2024,Referral,North,65+,Gold,True,12,False,108,59.74
9429,2024-01-01,2024,Online,Wales & NI,35-44,Silver,False,12,False,132,69.94
9430,2024-01-01,2024,Referral,Midlands,35-44,Classic,False,12,False,0,59.74
9431,2024-01-01,2024,Comparison Site,London,35-44,Silver,True,1,True,0,39.79
9432,2024-01-01,2024,Outbound,South East,18-24,Silver,False,12,False,88,121.95
9433,2024-01-01,2024,Online,Scotland,65+,Silver,False,12,False,77,69.94
9434,2024-01-01,2024,Broker/IFA,Midlands,65+,Gold,False,12,False,226,199.2
9435,2024-01-01,2024,Online,London,25-34,Silver,False,12,False,209,69.94
9436,2024-01-01,2024,Online,London,18-24,Silver,False,12,False,132,69.94
9437,2024-01-01,2024,Outbound,North,65+,Classic,False,12,False,0,121.95
9438,2024-01-01,2024,Referral,North,65+,Silver,False,12,False,209,59.74
9439,2024-01-01,2024,Outbound,North,65+,Gold,False,12,False,216,121.95
9440,2024-01-01,2024,Online,Scotland,25-34,Classic,False,12,False,0,69.94
9441,2024-01-01,2024,Comparison Site,London,25-34,Silver,True,12,False,66,39.79
9442,2024-01-01,2024,Branch,Midlands,35-44,Platinum,False,12,False,336,152.18
9443,2024-01-01,2024,Outbound,South East,45-54,Gold,True,12,False,108,121.95
9444,2024-01-01,2024,Comparison Site,London,35-44,Platinum,False,12,False,336,39.79
9445,2024-01-01,2024,Referral,Midlands,18-24,Gold,True,12,False,168,59.74
9446,2024-01-01,2024,Comparison Site,London,25-34,Classic,True,7,True,0,39.79
9447,2024-01-01,2024,Comparison Site,Midlands,35-44,Classic,False,1,True,0,39.79
9448,2024-01-01,2024,Outbound,South East,18-24,Classic,False,12,False,0,121.95
9449,2024-01-01,2024,Comparison Site,North,55-64,Classic,True,7,True,18,39.79
9450,2024-01-01,2024,Comparison Site,North,45-54,Silver,True,12,False,66,39.79
9451,2024-01-01,2024,Referral,South East,25-34,Silver,False,2,True,11,59.74
9452,2024-01-01,2024,Comparison Site,North,65+,Classic,True,3,True,0,39.79
9453,2024-01-01,2024,Comparison Site,South East,25-34,Classic,True,12,False,33,39.79
9454,2024-01-01,2024,Referral,North,25-34,Gold,False,5,True,83,59.74
9455,2024-01-01,2024,Branch,Midlands,55-64,Gold,True,2,True,0,152.18
9456,2024-01-01,2024,Comparison Site,London,18-24,Silver,False,12,False,132,39.79
9457,2024-01-01,2024,Referral,London,25-34,Gold,False,12,False,216,59.74
9458,2024-01-01,2024,Outbound,London,35-44,Gold,False,5,True,90,121.95
9459,2024-01-01,2024,Referral,Midlands,35-44,Classic,False,12,False,88,59.74
9460,2024-01-01,2024,Online,London,35-44,Gold,True,12,False,66,69.94
9461,2024-01-01,2024,Broker/IFA,London,45-54,Classic,False,4,True,22,199.2
9462,2024-01-01,2024,Online,North,18-24,Gold,False,12,False,216,69.94
9463,2024-01-01,2024,Comparison Site,South East,55-64,Silver,True,1,True,0,39.79
9464,2024-01-01,2024,Referral,London,35-44,Classic,False,12,False,33,59.74
9465,2024-01-01,2024,Branch,Midlands,45-54,Classic,False,2,True,0,152.18
9466,2024-01-01,2024,Comparison Site,North,25-34,Silver,True,12,False,66,39.79
9467,2024-01-01,2024,Online,London,55-64,Gold,True,12,False,108,69.94
9468,2024-01-01,2024,Branch,North,65+,Platinum,False,12,False,336,152.18
9469,2024-01-01,2024,Comparison Site,London,65+,Classic,True,12,False,0,39.79
9470,2024-01-01,2024,Comparison Site,South East,18-24,Gold,True,11,True,90,39.79
9471,2024-01-01,2024,Branch,Scotland,55-64,Classic,False,12,False,94,152.18
9472,2024-01-01,2024,Online,South East,45-54,Silver,False,1,True,11,69.94
9473,2024-01-01,2024,Comparison Site,Wales & NI,35-44,Silver,True,12,False,66,39.79
9474,2024-01-01,2024,Comparison Site,South East,25-34,Classic,True,4,True,0,39.79
9475,2024-01-01,2024,Branch,South East,25-34,Gold,False,12,False,216,152.18
9476,2024-01-01,2024,Referral,South East,25-34,Silver,True,10,True,72,59.74
9477,2024-01-01,2024,Outbound,London,65+,Classic,False,2,True,0,121.95
9478,2024-01-01,2024,Branch,London,35-44,Classic,False,12,False,33,152.18
9479,2024-01-01,2024,Branch,Scotland,45-54,Classic,False,2,True,0,152.18
9480,2024-01-01,2024,Referral,London,35-44,Silver,False,12,False,66,59.74
9481,2024-01-01,2024,Outbound,North,45-54,Classic,False,12,False,0,121.95
9482,2024-01-01,2024,Comparison Site,Midlands,35-44,Silver,True,7,True,11,39.79
9483,2024-01-01,2024,Comparison Site,South East,25-34,Gold,True,7,True,28,39.79
9484,2024-01-01,2024,Comparison Site,South East,45-54,Silver,False,9,True,99,39.79
9485,2024-01-01,2024,Comparison Site,North,35-44,Silver,True,12,False,66,39.79
9486,2024-01-01,2024,Comparison Site,Midlands,65+,Classic,False,12,False,0,39.79
9487,2024-01-01,2024,Branch,Wales & NI,25-34,Gold,False,12,False,276,152.18
9488,2024-01-01,2024,Online,North,18-24,Silver,True,12,False,108,69.94
9489,2024-01-01,2024,Online,North,45-54,Classic,False,9,True,0,69.94
9490,2024-01-01,2024,Branch,London,35-44,Classic,False,12,False,99,152.18
9491,2024-01-01,2024,Referral,North,35-44,Silver,False,12,False,202,59.74
9492,2024-01-01,2024,Branch,London,35-44,Silver,False,3,True,33,152.18
9493,2024-01-01,2024,Branch,South East,45-54,Silver,True,12,False,80,152.18
9494,2024-01-01,2024,Referral,South East,25-34,Gold,False,4,True,72,59.74
9495,2024-01-01,2024,Branch,Scotland,35-44,Platinum,False,12,False,276,152.18
9496,2024-01-01,2024,Comparison Site,Midlands,25-34,Silver,False,12,False,132,39.79
9497,2024-01-01,2024,Comparison Site,Wales & NI,65+,Gold,False,8,True,144,39.79
9498,2024-01-01,2024,Broker/IFA,South East,25-34,Gold,False,9,True,162,199.2
9499,2024-01-01,2024,Broker/IFA,London,25-34,Gold,False,12,False,216,199.2
9500,2024-01-01,2024,Online,London,55-64,Gold,True,12,False,108,69.94
9501,2024-01-01,2024,Comparison Site,North,35-44,Classic,True,12,False,33,39.79
9502,2024-01-01,2024,Online,North,35-44,Silver,True,9,True,33,69.94
9503,2024-01-01,2024,Broker/IFA,London,45-54,Gold,False,12,False,236,199.2
9504,2024-01-01,2024,Comparison Site,South East,65+,Silver,True,8,True,22,39.79
9505,2024-01-01,2024,Comparison Site,Midlands,35-44,Classic,False,12,False,0,39.79
9506,2024-01-01,2024,Comparison Site,Midlands,65+,Silver,False,12,False,221,39.79
9507,2024-01-01,2024,Branch,North,25-34,Platinum,False,12,False,336,152.18
9508,2024-01-01,2024,Online,North,45-54,Classic,True,12,False,0,69.94
9509,2024-01-01,2024,Online,Midlands,45-54,Classic,False,8,True,0,69.94
9510,2024-01-01,2024,Online,London,35-44,Silver,False,12,False,132,69.94
9511,2024-01-01,2024,Comparison Site,North,25-34,Classic,True,8,True,22,39.79
9512,2024-01-01,2024,Online,North,45-54,Classic,False,1,True,0,69.94
9513,2024-01-01,2024,Comparison Site,Scotland,55-64,Classic,False,5,True,33,39.79
9514,2024-01-01,2024,Online,North,35-44,Classic,False,12,False,77,69.94
9515,2024-01-01,2024,Branch,Midlands,65+,Platinum,True,12,False,168,152.18
9516,2024-01-01,2024,Outbound,South East,65+,Silver,True,12,False,33,121.95
9517,2024-01-01,2024,Branch,South East,45-54,Silver,False,12,False,149,152.18
9518,2024-01-01,2024,Comparison Site,Midlands,25-34,Classic,True,12,False,66,39.79
9519,2024-01-01,2024,Online,London,45-54,Silver,False,12,False,174,69.94
9520,2024-01-01,2024,Comparison Site,South East,55-64,Gold,True,2,True,0,39.79
9521,2024-01-01,2024,Online,Midlands,55-64,Classic,True,12,False,0,69.94
9522,2024-01-01,2024,Comparison Site,South East,45-54,Classic,False,3,True,0,39.79
9523,2024-01-01,2024,Online,Midlands,25-34,Classic,False,1,True,0,69.94
9524,2024-01-01,2024,Outbound,Midlands,25-34,Silver,True,9,True,33,121.95
9525,2024-01-01,2024,Online,South East,35-44,Classic,False,3,True,0,69.94
9526,2024-01-01,2024,Comparison Site,North,25-34,Classic,False,1,True,0,39.79
9527,2024-01-01,2024,Online,London,35-44,Gold,True,12,False,168,69.94
9528,2024-01-01,2024,Comparison Site,Midlands,55-64,Platinum,True,12,False,168,39.79
9529,2024-01-01,2024,Online,Scotland,35-44,Classic,False,10,True,69,69.94
9530,2024-01-01,2024,Comparison Site,North,25-34,Silver,True,3,True,0,39.79
9531,2024-01-01,2024,Comparison Site,Scotland,25-34,Silver,True,12,False,22,39.79
9532,2024-01-01,2024,Comparison Site,Wales & NI,35-44,Silver,True,1,True,0,39.79
9533,2024-01-01,2024,Online,London,55-64,Silver,False,2,True,22,69.94
9534,2024-01-01,2024,Online,Wales & NI,45-54,Silver,False,12,False,132,69.94
9535,2024-01-01,2024,Branch,South East,45-54,Gold,True,12,False,168,152.18
9536,2024-01-01,2024,Broker/IFA,London,55-64,Silver,True,12,False,101,199.2
9537,2024-01-01,2024,Comparison Site,London,25-34,Silver,True,7,True,11,39.79
9538,2024-01-01,2024,Online,South East,45-54,Gold,False,12,False,246,69.94
9539,2024-01-01,2024,Comparison Site,South East,18-24,Classic,True,12,False,0,39.79
9540,2024-01-01,2024,Comparison Site,Wales & NI,45-54,Classic,True,12,False,0,39.79
9541,2024-01-01,2024,Broker/IFA,North,35-44,Platinum,False,12,False,286,199.2
9542,2024-01-01,2024,Branch,Wales & NI,55-64,Silver,False,12,False,153,152.18
9543,2024-01-01,2024,Comparison Site,Midlands,25-34,Classic,True,12,False,0,39.79
9544,2024-01-01,2024,Online,Midlands,55-64,Gold,True,12,False,108,69.94
9545,2024-01-01,2024,Outbound,Scotland,35-44,Classic,False,11,True,55,121.95
9546,2024-01-01,2024,Branch,Scotland,25-34,Classic,False,12,False,0,152.18
9547,2024-01-01,2024,Branch,Wales & NI,18-24,Gold,True,12,False,108,152.18
9548,2024-01-01,2024,Online,South East,25-34,Gold,True,12,False,108,69.94
9549,2024-01-01,2024,Comparison Site,London,18-24,Classic,True,1,True,0,39.79
9550,2024-01-01,2024,Comparison Site,Scotland,35-44,Silver,False,12,False,188,39.79
9551,2024-01-01,2024,Broker/IFA,Wales & NI,45-54,Gold,False,12,False,195,199.2
9552,2024-01-01,2024,Online,London,18-24,Gold,False,12,False,226,69.94
9553,2024-01-01,2024,Online,Midlands,45-54,Classic,True,12,False,33,69.94
9554,2024-01-01,2024,Broker/IFA,Scotland,25-34,Gold,False,12,False,216,199.2
9555,2024-01-01,2024,Outbound,South East,18-24,Classic,False,2,True,0,121.95
9556,2024-01-01,2024,Online,North,25-34,Classic,False,12,False,66,69.94
9557,2024-01-01,2024,Outbound,Scotland,45-54,Silver,False,9,True,99,121.95
9558,2024-01-01,2024,Comparison Site,South East,18-24,Classic,False,2,True,0,39.79
9559,2024-01-01,2024,Referral,South East,35-44,Classic,False,12,False,0,59.74
9560,2024-01-01,2024,Outbound,London,55-64,Gold,True,12,False,108,121.95
9561,2024-01-01,2024,Online,London,25-34,Silver,True,12,False,66,69.94
9562,2024-01-01,2024,Online,South East,35-44,Platinum,True,12,False,168,69.94
9563,2024-01-01,2024,Online,London,25-34,Classic,False,12,False,0,69.94
9564,2024-01-01,2024,Outbound,North,45-54,Silver,False,12,False,132,121.95
9565,2024-01-01,2024,Online,London,55-64,Gold,False,12,False,195,69.94
9566,2024-01-01,2024,Online,London,65+,Silver,False,12,False,188,69.94
9567,2024-01-01,2024,Online,Midlands,45-54,Silver,True,9,True,33,69.94
9568,2024-01-01,2024,Comparison Site,South East,25-34,Classic,False,12,False,99,39.79
9569,2024-01-01,2024,Branch,Wales & NI,55-64,Classic,False,12,False,99,152.18
9570,2024-01-01,2024,Comparison Site,South East,35-44,Classic,False,12,False,0,39.79
9571,2024-01-01,2024,Referral,London,35-44,Gold,True,12,False,108,59.74
9572,2024-01-01,2024,Comparison Site,North,65+,Silver,False,4,True,44,39.79
9573,2024-01-01,2024,Comparison Site,London,35-44,Gold,True,8,True,36,39.79
9574,2024-01-01,2024,Online,North,45-54,Classic,True,2,True,0,69.94
9575,2024-01-01,2024,Branch,South East,25-34,Silver,False,12,False,99,152.18
9576,2024-01-01,2024,Online,Midlands,55-64,Classic,False,12,False,110,69.94
9577,2024-01-01,2024,Branch,Wales & NI,25-34,Platinum,False,12,False,256,152.18
9578,2024-01-01,2024,Comparison Site,Midlands,25-34,Classic,True,7,True,0,39.79
9579,2024-01-01,2024,Comparison Site,North,18-24,Classic,True,8,True,0,39.79
9580,2024-01-01,2024,Online,South East,35-44,Gold,False,11,True,198,69.94
9581,2024-01-01,2024,Online,North,65+,Silver,False,6,True,87,69.94
9582,2024-01-01,2024,Referral,North,35-44,Platinum,False,12,False,336,59.74
9583,2024-01-01,2024,Comparison Site,South East,18-24,Classic,False,12,False,0,39.79
9584,2024-01-01,2024,Comparison Site,London,35-44,Classic,False,12,False,0,39.79
9585,2024-01-01,2024,Online,Midlands,18-24,Gold,False,2,True,36,69.94
9586,2024-01-01,2024,Online,London,35-44,Gold,True,12,False,148,69.94
9587,2024-01-01,2024,Comparison Site,Scotland,45-54,Classic,False,12,False,0,39.79
9588,2024-01-01,2024,Online,Scotland,25-34,Silver,False,7,True,66,69.94
9589,2024-01-01,2024,Comparison Site,South East,25-34,Classic,True,12,False,0,39.79
9590,2024-01-01,2024,Outbound,North,55-64,Classic,True,12,False,0,121.95
9591,2024-01-01,2024,Comparison Site,Midlands,65+,Classic,True,1,True,0,39.79
9592,2024-01-01,2024,Online,North,55-64,Classic,False,12,False,0,69.94
9593,2024-01-01,2024,Branch,South East,55-64,Classic,False,7,True,0,152.18
9594,2024-01-01,2024,Comparison Site,London,18-24,Silver,False,1,True,11,39.79
9595,2024-01-01,2024,Comparison Site,North,25-34,Gold,True,12,False,108,39.79
9596,2024-01-01,2024,Online,Scotland,35-44,Platinum,False,10,True,250,69.94
9597,2024-01-01,2024,Online,North,65+,Silver,True,11,True,76,69.94
9598,2024-01-01,2024,Comparison Site,North,25-34,Classic,False,12,False,0,39.79
9599,2024-01-01,2024,Outbound,London,35-44,Gold,False,10,True,166,121.95
9600,2024-01-01,2024,Outbound,South East,35-44,Classic,False,1,True,0,121.95
9601,2024-01-01,2024,Online,South East,25-34,Silver,False,9,True,99,69.94
9602,2024-01-01,2024,Referral,Scotland,45-54,Platinum,False,12,False,336,59.74
9603,2024-01-01,2024,Online,South East,25-34,Classic,False,12,False,0,69.94
9604,2024-01-01,2024,Online,South East,45-54,Silver,False,12,False,167,69.94
9605,2024-01-01,2024,Referral,London,18-24,Gold,False,12,False,216,59.74
9606,2024-01-01,2024,Outbound,Midlands,65+,Gold,True,12,False,66,121.95
9607,2024-01-01,2024,Outbound,South East,65+,Classic,True,12,False,0,121.95
9608,2024-01-01,2024,Comparison Site,Scotland,18-24,Gold,False,12,False,216,39.79
9609,2024-01-01,2024,Comparison Site,South East,55-64,Silver,True,12,False,87,39.79
9610,2024-01-01,2024,Outbound,Midlands,25-34,Silver,True,12,False,66,121.95
9611,2024-01-01,2024,Referral,North,45-54,Gold,False,5,True,90,59.74
9612,2024-01-01,2024,Comparison Site,North,65+,Silver,True,12,False,128,39.79
9613,2024-01-01,2024,Comparison Site,Midlands,55-64,Silver,True,2,True,0,39.79
9614,2024-01-01,2024,Comparison Site,Scotland,45-54,Classic,False,12,False,0,39.79
9615,2024-01-01,2024,Branch,Midlands,45-54,Gold,False,12,False,216,152.18
9616,2024-01-01,2024,Comparison Site,North,25-34,Classic,True,12,False,0,39.79
9617,2024-01-01,2024,Branch,South East,18-24,Gold,False,12,False,216,152.18
9618,2024-01-01,2024,Referral,North,18-24,Silver,False,12,False,209,59.74
9619,2024-01-01,2024,Outbound,Midlands,45-54,Classic,False,8,True,0,121.95
9620,2024-01-01,2024,Comparison Site,North,25-34,Classic,True,12,False,0,39.79
9621,2024-01-01,2024,Comparison Site,London,35-44,Silver,True,12,False,66,39.79
9622,2024-01-01,2024,Referral,Wales & NI,25-34,Gold,False,12,False,226,59.74
9623,2024-01-01,2024,Online,London,35-44,Classic,False,2,True,0,69.94
9624,2024-01-01,2024,Outbound,Midlands,25-34,Classic,True,7,True,0,121.95
9625,2024-01-01,2024,Comparison Site,Midlands,35-44,Silver,False,2,True,22,39.79
9626,2024-01-01,2024,Comparison Site,North,55-64,Gold,False,12,False,216,39.79
9627,2024-01-01,2024,Online,Midlands,55-64,Classic,True,12,False,66,69.94
9628,2024-01-01,2024,Online,South East,25-34,Platinum,False,12,False,336,69.94
9629,2024-01-01,2024,Branch,London,35-44,Silver,True,12,False,101,152.18
9630,2024-01-01,2024,Referral,Wales & NI,25-34,Gold,False,12,False,216,59.74
9631,2024-01-01,2024,Outbound,Scotland,25-34,Classic,True,3,True,0,121.95
9632,2024-01-01,2024,Online,Midlands,65+,Classic,True,12,False,0,69.94
9633,2024-01-01,2024,Branch,South East,25-34,Classic,False,12,False,0,152.18
9634,2024-01-01,2024,Branch,South East,35-44,Silver,True,7,True,0,152.18
9635,2024-01-01,2024,Broker/IFA,Midlands,35-44,Classic,False,12,False,88,199.2
9636,2024-01-01,2024,Online,Scotland,65+,Classic,True,7,True,0,69.94
9637,2024-01-01,2024,Comparison Site,South East,55-64,Silver,True,4,True,0,39.79
9638,2024-01-01,2024,Broker/IFA,London,55-64,Silver,False,12,False,188,199.2
9639,2024-01-01,2024,Comparison Site,Midlands,35-44,Classic,True,7,True,0,39.79
9640,2024-01-01,2024,Comparison Site,Wales & NI,35-44,Silver,False,12,False,132,39.79
9641,2024-01-01,2024,Branch,North,35-44,Classic,False,4,True,0,152.18
9642,2024-01-01,2024,Online,Midlands,25-34,Silver,True,6,True,0,69.94
9643,2024-01-01,2024,Outbound,London,35-44,Platinum,False,12,False,336,121.95
9644,2024-01-01,2024,Online,Wales & NI,45-54,Gold,False,12,False,316,69.94
9645,2024-01-01,2024,Online,North,35-44,Classic,False,12,False,66,69.94
9646,2024-01-01,2024,Comparison Site,Scotland,18-24,Silver,False,5,True,55,39.79
9647,2024-01-01,2024,Branch,London,65+,Classic,False,12,False,106,152.18
9648,2024-01-01,2024,Comparison Site,Scotland,25-34,Classic,False,2,True,0,39.79
9649,2024-01-01,2024,Branch,Scotland,25-34,Platinum,False,12,False,336,152.18
9650,2024-01-01,2024,Comparison Site,Wales & NI,25-34,Classic,False,12,False,0,39.79
9651,2024-01-01,2024,Online,North,25-34,Classic,False,12,False,0,69.94
9652,2024-01-01,2024,Online,North,18-24,Silver,False,4,True,44,69.94
9653,2024-01-01,2024,Comparison Site,Scotland,55-64,Silver,False,12,False,132,39.79
9654,2024-01-01,2024,Branch,South East,65+,Classic,False,12,False,88,152.18
9655,2024-01-01,2024,Branch,Wales & NI,25-34,Gold,True,12,False,108,152.18
9656,2024-01-01,2024,Comparison Site,Scotland,25-34,Silver,False,12,False,132,39.79
9657,2024-01-01,2024,Comparison Site,Wales & NI,65+,Silver,False,12,False,132,39.79
9658,2024-01-01,2024,Outbound,London,35-44,Classic,True,1,True,0,121.95
9659,2024-01-01,2024,Online,North,65+,Silver,False,11,True,66,69.94
9660,2024-01-01,2024,Outbound,Midlands,45-54,Classic,False,12,False,0,121.95
9661,2024-01-01,2024,Outbound,Scotland,65+,Gold,False,12,False,216,121.95
9662,2024-01-01,2024,Online,Wales & NI,25-34,Silver,True,12,False,66,69.94
9663,2024-01-01,2024,Referral,London,25-34,Classic,False,2,True,0,59.74
9664,2024-01-01,2024,Branch,Scotland,35-44,Platinum,True,12,False,168,152.18
9665,2024-01-01,2024,Branch,Midlands,45-54,Silver,False,12,False,153,152.18
9666,2024-01-01,2024,Referral,South East,35-44,Silver,False,12,False,132,59.74
9667,2024-01-01,2024,Branch,South East,35-44,Gold,False,12,False,316,152.18
9668,2024-01-01,2024,Comparison Site,London,25-34,Classic,True,12,False,0,39.79
9669,2024-01-01,2024,Online,North,35-44,Classic,False,12,False,102,69.94
9670,2024-01-01,2024,Comparison Site,Scotland,35-44,Silver,False,12,False,132,39.79
9671,2024-01-01,2024,Branch,Midlands,35-44,Platinum,True,12,False,80,152.18
9672,2024-01-01,2024,Online,North,25-34,Silver,False,12,False,181,69.94
9673,2024-01-01,2024,Online,London,45-54,Classic,False,12,False,11,69.94
